<?xml version="1.0" encoding="UTF-8"?><gpx creator="Wikiloc - https://www.wikiloc.com" version="1.1" xmlns="http://www.topografix.com/GPX/1/1" xmlns:xsi="http://www.w3.org/2001/XMLSchema-instance" xsi:schemaLocation="http://www.topografix.com/GPX/1/1 http://www.topografix.com/GPX/1/1/gpx.xsd"><metadata><name>Wikiloc - Dhunche-Suryakunda-Dhunche</name><author><name>Thapa Dan</name><link href="https://www.wikiloc.com/wikiloc/user.do?id=12299863"><text>Thapa Dan on Wikiloc</text></link></author><link href="https://www.wikiloc.com/hiking-trails/dhunche-suryakunda-hike-126004241"><text>Dhunche-Suryakunda-Dhunche on Wikiloc</text></link><time>2023-02-16T05:29:34Z</time></metadata><trk><name>Dhunche-Suryakunda-Dhunche - Wikiloc</name><cmt></cmt><desc></desc><trkseg><trkpt lat="28.099042" lon="85.328465"><ele>2282.745</ele><time>2023-02-14T03:42:40Z</time></trkpt><trkpt lat="28.099077" lon="85.328432"><ele>2282.747</ele><time>2023-02-14T03:42:56Z</time></trkpt><trkpt lat="28.099079" lon="85.328380"><ele>2282.711</ele><time>2023-02-14T03:43:05Z</time></trkpt><trkpt lat="28.099111" lon="85.328342"><ele>2282.709</ele><time>2023-02-14T03:43:16Z</time></trkpt><trkpt lat="28.099139" lon="85.328384"><ele>2282.765</ele><time>2023-02-14T03:43:30Z</time></trkpt><trkpt lat="28.099172" lon="85.328426"><ele>2282.776</ele><time>2023-02-14T03:43:44Z</time></trkpt><trkpt lat="28.099215" lon="85.328403"><ele>2282.720</ele><time>2023-02-14T03:43:54Z</time></trkpt><trkpt lat="28.099228" lon="85.328455"><ele>2282.724</ele><time>2023-02-14T03:44:10Z</time></trkpt><trkpt lat="28.099273" lon="85.328460"><ele>2282.784</ele><time>2023-02-14T03:44:45Z</time></trkpt><trkpt lat="28.099311" lon="85.328418"><ele>2299.488</ele><time>2023-02-14T03:44:53Z</time></trkpt><trkpt lat="28.099359" lon="85.328413"><ele>2299.986</ele><time>2023-02-14T03:45:02Z</time></trkpt><trkpt lat="28.099366" lon="85.328361"><ele>2299.318</ele><time>2023-02-14T03:45:09Z</time></trkpt><trkpt lat="28.099403" lon="85.328403"><ele>2298.325</ele><time>2023-02-14T03:45:23Z</time></trkpt><trkpt lat="28.099388" lon="85.328455"><ele>2299.429</ele><time>2023-02-14T03:45:31Z</time></trkpt><trkpt lat="28.099370" lon="85.328502"><ele>2300.800</ele><time>2023-02-14T03:45:36Z</time></trkpt><trkpt lat="28.099418" lon="85.328512"><ele>2304.720</ele><time>2023-02-14T03:45:56Z</time></trkpt><trkpt lat="28.099445" lon="85.328454"><ele>2304.409</ele><time>2023-02-14T03:46:06Z</time></trkpt><trkpt lat="28.099482" lon="85.328414"><ele>2306.193</ele><time>2023-02-14T03:46:30Z</time></trkpt><trkpt lat="28.099525" lon="85.328444"><ele>2311.734</ele><time>2023-02-14T03:47:51Z</time></trkpt><trkpt lat="28.099547" lon="85.328489"><ele>2312.658</ele><time>2023-02-14T03:48:02Z</time></trkpt><trkpt lat="28.099595" lon="85.328492"><ele>2312.692</ele><time>2023-02-14T03:48:17Z</time></trkpt><trkpt lat="28.099640" lon="85.328499"><ele>2316.472</ele><time>2023-02-14T03:48:35Z</time></trkpt><trkpt lat="28.099687" lon="85.328526"><ele>2321.176</ele><time>2023-02-14T03:48:44Z</time></trkpt><trkpt lat="28.099719" lon="85.328566"><ele>2328.714</ele><time>2023-02-14T03:48:57Z</time></trkpt><trkpt lat="28.099747" lon="85.328606"><ele>2329.096</ele><time>2023-02-14T03:49:22Z</time></trkpt><trkpt lat="28.099807" lon="85.328661"><ele>2329.933</ele><time>2023-02-14T03:49:41Z</time></trkpt><trkpt lat="28.099867" lon="85.328686"><ele>2331.145</ele><time>2023-02-14T03:49:50Z</time></trkpt><trkpt lat="28.099899" lon="85.328726"><ele>2332.247</ele><time>2023-02-14T03:49:56Z</time></trkpt><trkpt lat="28.099914" lon="85.328678"><ele>2335.311</ele><time>2023-02-14T03:50:28Z</time></trkpt><trkpt lat="28.099961" lon="85.328668"><ele>2336.909</ele><time>2023-02-14T03:50:38Z</time></trkpt><trkpt lat="28.099996" lon="85.328635"><ele>2337.645</ele><time>2023-02-14T03:50:49Z</time></trkpt><trkpt lat="28.100043" lon="85.328633"><ele>2339.936</ele><time>2023-02-14T03:51:05Z</time></trkpt><trkpt lat="28.100070" lon="85.328678"><ele>2340.120</ele><time>2023-02-14T03:51:17Z</time></trkpt><trkpt lat="28.100088" lon="85.328730"><ele>2340.754</ele><time>2023-02-14T03:51:23Z</time></trkpt><trkpt lat="28.100118" lon="85.328768"><ele>2341.744</ele><time>2023-02-14T03:51:32Z</time></trkpt><trkpt lat="28.100131" lon="85.328820"><ele>2341.978</ele><time>2023-02-14T03:51:44Z</time></trkpt><trkpt lat="28.100194" lon="85.328797"><ele>2346.866</ele><time>2023-02-14T03:52:18Z</time></trkpt><trkpt lat="28.100207" lon="85.328745"><ele>2353.658</ele><time>2023-02-14T03:52:42Z</time></trkpt><trkpt lat="28.100254" lon="85.328735"><ele>2355.675</ele><time>2023-02-14T03:52:50Z</time></trkpt><trkpt lat="28.100299" lon="85.328733"><ele>2356.662</ele><time>2023-02-14T03:53:17Z</time></trkpt><trkpt lat="28.100339" lon="85.328765"><ele>2356.883</ele><time>2023-02-14T03:53:23Z</time></trkpt><trkpt lat="28.100364" lon="85.328810"><ele>2355.211</ele><time>2023-02-14T03:53:28Z</time></trkpt><trkpt lat="28.100389" lon="85.328857"><ele>2356.509</ele><time>2023-02-14T03:53:37Z</time></trkpt><trkpt lat="28.100414" lon="85.328812"><ele>2359.077</ele><time>2023-02-14T03:53:47Z</time></trkpt><trkpt lat="28.100436" lon="85.328765"><ele>2361.318</ele><time>2023-02-14T03:54:00Z</time></trkpt><trkpt lat="28.100471" lon="85.328712"><ele>2362.762</ele><time>2023-02-14T03:54:13Z</time></trkpt><trkpt lat="28.100511" lon="85.328675"><ele>2363.276</ele><time>2023-02-14T03:54:23Z</time></trkpt><trkpt lat="28.100559" lon="85.328685"><ele>2364.886</ele><time>2023-02-14T03:54:46Z</time></trkpt><trkpt lat="28.100604" lon="85.328668"><ele>2365.720</ele><time>2023-02-14T03:54:55Z</time></trkpt><trkpt lat="28.100614" lon="85.328605"><ele>2370.068</ele><time>2023-02-14T03:55:21Z</time></trkpt><trkpt lat="28.100612" lon="85.328553"><ele>2369.190</ele><time>2023-02-14T03:55:43Z</time></trkpt><trkpt lat="28.100642" lon="85.328513"><ele>2367.087</ele><time>2023-02-14T03:55:52Z</time></trkpt><trkpt lat="28.100705" lon="85.328498"><ele>2368.573</ele><time>2023-02-14T03:56:01Z</time></trkpt><trkpt lat="28.100747" lon="85.328478"><ele>2372.485</ele><time>2023-02-14T03:56:10Z</time></trkpt><trkpt lat="28.100799" lon="85.328468"><ele>2376.113</ele><time>2023-02-14T03:56:31Z</time></trkpt><trkpt lat="28.100821" lon="85.328411"><ele>2381.609</ele><time>2023-02-14T03:56:57Z</time></trkpt><trkpt lat="28.100859" lon="85.328378"><ele>2382.578</ele><time>2023-02-14T03:57:03Z</time></trkpt><trkpt lat="28.100904" lon="85.328351"><ele>2382.559</ele><time>2023-02-14T03:57:15Z</time></trkpt><trkpt lat="28.100966" lon="85.328339"><ele>2383.223</ele><time>2023-02-14T03:57:22Z</time></trkpt><trkpt lat="28.101008" lon="85.328311"><ele>2385.617</ele><time>2023-02-14T03:57:34Z</time></trkpt><trkpt lat="28.101033" lon="85.328266"><ele>2386.347</ele><time>2023-02-14T03:57:40Z</time></trkpt><trkpt lat="28.101068" lon="85.328229"><ele>2386.841</ele><time>2023-02-14T03:57:49Z</time></trkpt><trkpt lat="28.101096" lon="85.328189"><ele>2388.799</ele><time>2023-02-14T03:57:58Z</time></trkpt><trkpt lat="28.101124" lon="85.328144"><ele>2390.071</ele><time>2023-02-14T03:58:07Z</time></trkpt><trkpt lat="28.101159" lon="85.328106"><ele>2390.768</ele><time>2023-02-14T03:58:15Z</time></trkpt><trkpt lat="28.101181" lon="85.328056"><ele>2390.275</ele><time>2023-02-14T03:58:23Z</time></trkpt><trkpt lat="28.101221" lon="85.328019"><ele>2393.128</ele><time>2023-02-14T03:58:30Z</time></trkpt><trkpt lat="28.101233" lon="85.327967"><ele>2396.220</ele><time>2023-02-14T03:58:35Z</time></trkpt><trkpt lat="28.101213" lon="85.327914"><ele>2394.509</ele><time>2023-02-14T03:58:41Z</time></trkpt><trkpt lat="28.101208" lon="85.327859"><ele>2392.878</ele><time>2023-02-14T03:58:47Z</time></trkpt><trkpt lat="28.101235" lon="85.327814"><ele>2392.079</ele><time>2023-02-14T03:58:53Z</time></trkpt><trkpt lat="28.101270" lon="85.327781"><ele>2393.223</ele><time>2023-02-14T03:59:08Z</time></trkpt><trkpt lat="28.101315" lon="85.327759"><ele>2394.297</ele><time>2023-02-14T03:59:17Z</time></trkpt><trkpt lat="28.101357" lon="85.327737"><ele>2395.957</ele><time>2023-02-14T03:59:31Z</time></trkpt><trkpt lat="28.101375" lon="85.327680"><ele>2398.641</ele><time>2023-02-14T03:59:45Z</time></trkpt><trkpt lat="28.101425" lon="85.327648"><ele>2401.119</ele><time>2023-02-14T03:59:58Z</time></trkpt><trkpt lat="28.101460" lon="85.327615"><ele>2401.661</ele><time>2023-02-14T04:00:05Z</time></trkpt><trkpt lat="28.101445" lon="85.327555"><ele>2401.828</ele><time>2023-02-14T04:00:14Z</time></trkpt><trkpt lat="28.101405" lon="85.327525"><ele>2402.287</ele><time>2023-02-14T04:00:19Z</time></trkpt><trkpt lat="28.101387" lon="85.327477"><ele>2401.942</ele><time>2023-02-14T04:00:25Z</time></trkpt><trkpt lat="28.101392" lon="85.327420"><ele>2401.426</ele><time>2023-02-14T04:00:31Z</time></trkpt><trkpt lat="28.101405" lon="85.327370"><ele>2402.909</ele><time>2023-02-14T04:00:37Z</time></trkpt><trkpt lat="28.101443" lon="85.327342"><ele>2404.389</ele><time>2023-02-14T04:00:50Z</time></trkpt><trkpt lat="28.101486" lon="85.327320"><ele>2406.090</ele><time>2023-02-14T04:01:01Z</time></trkpt><trkpt lat="28.101491" lon="85.327372"><ele>2406.944</ele><time>2023-02-14T04:01:10Z</time></trkpt><trkpt lat="28.101469" lon="85.327420"><ele>2407.718</ele><time>2023-02-14T04:01:17Z</time></trkpt><trkpt lat="28.101504" lon="85.327478"><ele>2409.678</ele><time>2023-02-14T04:01:28Z</time></trkpt><trkpt lat="28.101534" lon="85.327435"><ele>2412.972</ele><time>2023-02-14T04:01:39Z</time></trkpt><trkpt lat="28.101539" lon="85.327383"><ele>2415.870</ele><time>2023-02-14T04:01:56Z</time></trkpt><trkpt lat="28.101574" lon="85.327420"><ele>2419.522</ele><time>2023-02-14T04:04:21Z</time></trkpt><trkpt lat="28.101576" lon="85.327362"><ele>2423.269</ele><time>2023-02-14T04:04:27Z</time></trkpt><trkpt lat="28.101589" lon="85.327310"><ele>2422.423</ele><time>2023-02-14T04:04:34Z</time></trkpt><trkpt lat="28.101636" lon="85.327303"><ele>2422.683</ele><time>2023-02-14T04:04:42Z</time></trkpt><trkpt lat="28.101671" lon="85.327336"><ele>2421.711</ele><time>2023-02-14T04:04:54Z</time></trkpt><trkpt lat="28.101719" lon="85.327349"><ele>2424.809</ele><time>2023-02-14T04:05:02Z</time></trkpt><trkpt lat="28.101757" lon="85.327386"><ele>2428.713</ele><time>2023-02-14T04:05:19Z</time></trkpt><trkpt lat="28.101804" lon="85.327374"><ele>2428.014</ele><time>2023-02-14T04:05:25Z</time></trkpt><trkpt lat="28.101821" lon="85.327422"><ele>2426.768</ele><time>2023-02-14T04:05:43Z</time></trkpt><trkpt lat="28.101851" lon="85.327464"><ele>2428.892</ele><time>2023-02-14T04:06:01Z</time></trkpt><trkpt lat="28.101878" lon="85.327532"><ele>2431.742</ele><time>2023-02-14T04:06:24Z</time></trkpt><trkpt lat="28.101886" lon="85.327585"><ele>2433.066</ele><time>2023-02-14T04:06:34Z</time></trkpt><trkpt lat="28.101869" lon="85.327637"><ele>2433.974</ele><time>2023-02-14T04:06:45Z</time></trkpt><trkpt lat="28.101904" lon="85.327587"><ele>2438.346</ele><time>2023-02-14T04:07:07Z</time></trkpt><trkpt lat="28.101932" lon="85.327547"><ele>2448.483</ele><time>2023-02-14T04:08:24Z</time></trkpt><trkpt lat="28.101979" lon="85.327537"><ele>2447.929</ele><time>2023-02-14T04:08:28Z</time></trkpt><trkpt lat="28.101999" lon="85.327484"><ele>2447.700</ele><time>2023-02-14T04:08:33Z</time></trkpt><trkpt lat="28.102044" lon="85.327501"><ele>2446.120</ele><time>2023-02-14T04:08:43Z</time></trkpt><trkpt lat="28.102054" lon="85.327553"><ele>2445.909</ele><time>2023-02-14T04:08:49Z</time></trkpt><trkpt lat="28.102087" lon="85.327618"><ele>2444.313</ele><time>2023-02-14T04:09:04Z</time></trkpt><trkpt lat="28.102135" lon="85.327613"><ele>2442.724</ele><time>2023-02-14T04:09:12Z</time></trkpt><trkpt lat="28.102142" lon="85.327561"><ele>2441.818</ele><time>2023-02-14T04:09:18Z</time></trkpt><trkpt lat="28.102185" lon="85.327526"><ele>2443.122</ele><time>2023-02-14T04:09:30Z</time></trkpt><trkpt lat="28.102217" lon="85.327478"><ele>2445.052</ele><time>2023-02-14T04:09:38Z</time></trkpt><trkpt lat="28.102260" lon="85.327451"><ele>2446.536</ele><time>2023-02-14T04:09:45Z</time></trkpt><trkpt lat="28.102305" lon="85.327438"><ele>2446.784</ele><time>2023-02-14T04:09:50Z</time></trkpt><trkpt lat="28.102347" lon="85.327415"><ele>2446.736</ele><time>2023-02-14T04:09:58Z</time></trkpt><trkpt lat="28.102384" lon="85.327377"><ele>2448.033</ele><time>2023-02-14T04:10:03Z</time></trkpt><trkpt lat="28.102422" lon="85.327345"><ele>2449.682</ele><time>2023-02-14T04:10:10Z</time></trkpt><trkpt lat="28.102454" lon="85.327308"><ele>2451.243</ele><time>2023-02-14T04:10:15Z</time></trkpt><trkpt lat="28.102474" lon="85.327258"><ele>2453.117</ele><time>2023-02-14T04:10:22Z</time></trkpt><trkpt lat="28.102481" lon="85.327203"><ele>2454.709</ele><time>2023-02-14T04:10:32Z</time></trkpt><trkpt lat="28.102484" lon="85.327151"><ele>2457.519</ele><time>2023-02-14T04:10:42Z</time></trkpt><trkpt lat="28.102509" lon="85.327104"><ele>2458.740</ele><time>2023-02-14T04:10:52Z</time></trkpt><trkpt lat="28.102532" lon="85.327054"><ele>2458.414</ele><time>2023-02-14T04:10:59Z</time></trkpt><trkpt lat="28.102574" lon="85.327029"><ele>2459.758</ele><time>2023-02-14T04:11:08Z</time></trkpt><trkpt lat="28.102602" lon="85.326984"><ele>2462.048</ele><time>2023-02-14T04:11:18Z</time></trkpt><trkpt lat="28.102649" lon="85.326982"><ele>2463.752</ele><time>2023-02-14T04:11:25Z</time></trkpt><trkpt lat="28.102691" lon="85.326959"><ele>2466.440</ele><time>2023-02-14T04:11:37Z</time></trkpt><trkpt lat="28.102689" lon="85.326904"><ele>2468.482</ele><time>2023-02-14T04:11:42Z</time></trkpt><trkpt lat="28.102692" lon="85.326847"><ele>2470.649</ele><time>2023-02-14T04:11:48Z</time></trkpt><trkpt lat="28.102695" lon="85.326795"><ele>2471.676</ele><time>2023-02-14T04:11:54Z</time></trkpt><trkpt lat="28.102702" lon="85.326743"><ele>2471.690</ele><time>2023-02-14T04:12:00Z</time></trkpt><trkpt lat="28.102717" lon="85.326693"><ele>2473.019</ele><time>2023-02-14T04:12:06Z</time></trkpt><trkpt lat="28.102730" lon="85.326636"><ele>2473.909</ele><time>2023-02-14T04:12:13Z</time></trkpt><trkpt lat="28.102752" lon="85.326586"><ele>2483.688</ele><time>2023-02-14T04:12:24Z</time></trkpt><trkpt lat="28.102759" lon="85.326529"><ele>2477.649</ele><time>2023-02-14T04:12:31Z</time></trkpt><trkpt lat="28.102791" lon="85.326481"><ele>2478.673</ele><time>2023-02-14T04:12:37Z</time></trkpt><trkpt lat="28.102824" lon="85.326424"><ele>2481.027</ele><time>2023-02-14T04:12:50Z</time></trkpt><trkpt lat="28.102866" lon="85.326402"><ele>2480.867</ele><time>2023-02-14T04:13:02Z</time></trkpt><trkpt lat="28.102914" lon="85.326417"><ele>2481.971</ele><time>2023-02-14T04:13:07Z</time></trkpt><trkpt lat="28.102907" lon="85.326472"><ele>2482.579</ele><time>2023-02-14T04:13:14Z</time></trkpt><trkpt lat="28.102885" lon="85.326522"><ele>2483.021</ele><time>2023-02-14T04:13:19Z</time></trkpt><trkpt lat="28.102902" lon="85.326574"><ele>2484.048</ele><time>2023-02-14T04:13:28Z</time></trkpt><trkpt lat="28.102945" lon="85.326589"><ele>2485.367</ele><time>2023-02-14T04:13:39Z</time></trkpt><trkpt lat="28.102965" lon="85.326637"><ele>2487.081</ele><time>2023-02-14T04:13:48Z</time></trkpt><trkpt lat="28.103010" lon="85.326502"><ele>2492.119</ele><time>2023-02-14T04:14:13Z</time></trkpt><trkpt lat="28.103043" lon="85.326462"><ele>2493.409</ele><time>2023-02-14T04:14:20Z</time></trkpt><trkpt lat="28.103078" lon="85.326374"><ele>2497.867</ele><time>2023-02-14T04:14:48Z</time></trkpt><trkpt lat="28.103073" lon="85.326314"><ele>2500.728</ele><time>2023-02-14T04:15:00Z</time></trkpt><trkpt lat="28.103061" lon="85.326262"><ele>2502.352</ele><time>2023-02-14T04:15:07Z</time></trkpt><trkpt lat="28.103043" lon="85.326209"><ele>2503.186</ele><time>2023-02-14T04:15:16Z</time></trkpt><trkpt lat="28.103028" lon="85.326159"><ele>2503.926</ele><time>2023-02-14T04:15:23Z</time></trkpt><trkpt lat="28.103030" lon="85.326102"><ele>2505.770</ele><time>2023-02-14T04:15:29Z</time></trkpt><trkpt lat="28.103047" lon="85.326045"><ele>2508.438</ele><time>2023-02-14T04:15:35Z</time></trkpt><trkpt lat="28.103090" lon="85.325990"><ele>2514.780</ele><time>2023-02-14T04:15:56Z</time></trkpt><trkpt lat="28.103145" lon="85.326017"><ele>2513.817</ele><time>2023-02-14T04:16:00Z</time></trkpt><trkpt lat="28.103172" lon="85.326070"><ele>2513.551</ele><time>2023-02-14T04:16:04Z</time></trkpt><trkpt lat="28.103207" lon="85.326030"><ele>2513.401</ele><time>2023-02-14T04:16:21Z</time></trkpt><trkpt lat="28.103162" lon="85.326005"><ele>2512.511</ele><time>2023-02-14T04:16:31Z</time></trkpt><trkpt lat="28.103149" lon="85.325955"><ele>2513.809</ele><time>2023-02-14T04:16:37Z</time></trkpt><trkpt lat="28.103126" lon="85.325903"><ele>2516.836</ele><time>2023-02-14T04:16:44Z</time></trkpt><trkpt lat="28.103106" lon="85.325855"><ele>2518.157</ele><time>2023-02-14T04:16:58Z</time></trkpt><trkpt lat="28.103111" lon="85.325787"><ele>2521.361</ele><time>2023-02-14T04:17:16Z</time></trkpt><trkpt lat="28.103071" lon="85.325764"><ele>2522.755</ele><time>2023-02-14T04:17:24Z</time></trkpt><trkpt lat="28.103028" lon="85.325747"><ele>2523.225</ele><time>2023-02-14T04:17:34Z</time></trkpt><trkpt lat="28.103108" lon="85.325715"><ele>2524.949</ele><time>2023-02-14T04:17:51Z</time></trkpt><trkpt lat="28.103166" lon="85.325718"><ele>2525.747</ele><time>2023-02-14T04:17:59Z</time></trkpt><trkpt lat="28.103214" lon="85.325701"><ele>2529.729</ele><time>2023-02-14T04:18:19Z</time></trkpt><trkpt lat="28.103264" lon="85.325666"><ele>2530.766</ele><time>2023-02-14T04:18:31Z</time></trkpt><trkpt lat="28.103216" lon="85.325649"><ele>2531.495</ele><time>2023-02-14T04:18:36Z</time></trkpt><trkpt lat="28.103184" lon="85.325607"><ele>2531.649</ele><time>2023-02-14T04:18:44Z</time></trkpt><trkpt lat="28.103267" lon="85.325615"><ele>2532.523</ele><time>2023-02-14T04:18:58Z</time></trkpt><trkpt lat="28.103317" lon="85.325598"><ele>2533.509</ele><time>2023-02-14T04:19:07Z</time></trkpt><trkpt lat="28.103270" lon="85.325530"><ele>2539.640</ele><time>2023-02-14T04:19:29Z</time></trkpt><trkpt lat="28.103232" lon="85.325462"><ele>2544.211</ele><time>2023-02-14T04:19:43Z</time></trkpt><trkpt lat="28.103195" lon="85.325430"><ele>2546.835</ele><time>2023-02-14T04:19:49Z</time></trkpt><trkpt lat="28.103157" lon="85.325402"><ele>2547.869</ele><time>2023-02-14T04:19:58Z</time></trkpt><trkpt lat="28.103202" lon="85.325337"><ele>2549.059</ele><time>2023-02-14T04:20:20Z</time></trkpt><trkpt lat="28.103159" lon="85.325312"><ele>2550.873</ele><time>2023-02-14T04:20:27Z</time></trkpt><trkpt lat="28.103111" lon="85.325257"><ele>2553.881</ele><time>2023-02-14T04:20:49Z</time></trkpt><trkpt lat="28.103098" lon="85.325207"><ele>2555.383</ele><time>2023-02-14T04:20:56Z</time></trkpt><trkpt lat="28.103101" lon="85.325154"><ele>2556.750</ele><time>2023-02-14T04:21:03Z</time></trkpt><trkpt lat="28.103151" lon="85.325159"><ele>2557.356</ele><time>2023-02-14T04:21:10Z</time></trkpt><trkpt lat="28.103199" lon="85.325162"><ele>2557.159</ele><time>2023-02-14T04:21:16Z</time></trkpt><trkpt lat="28.103242" lon="85.325179"><ele>2556.614</ele><time>2023-02-14T04:21:24Z</time></trkpt><trkpt lat="28.103282" lon="85.325204"><ele>2557.109</ele><time>2023-02-14T04:21:31Z</time></trkpt><trkpt lat="28.103299" lon="85.325156"><ele>2558.616</ele><time>2023-02-14T04:21:47Z</time></trkpt><trkpt lat="28.103264" lon="85.325123"><ele>2560.617</ele><time>2023-02-14T04:21:55Z</time></trkpt><trkpt lat="28.103217" lon="85.325111"><ele>2570.251</ele><time>2023-02-14T04:22:04Z</time></trkpt><trkpt lat="28.103145" lon="85.325111"><ele>2594.155</ele><time>2023-02-14T04:22:09Z</time></trkpt><trkpt lat="28.103138" lon="85.325058"><ele>2591.055</ele><time>2023-02-14T04:22:16Z</time></trkpt><trkpt lat="28.103206" lon="85.325000"><ele>2574.869</ele><time>2023-02-14T04:22:33Z</time></trkpt><trkpt lat="28.103251" lon="85.324982"><ele>2572.537</ele><time>2023-02-14T04:22:45Z</time></trkpt><trkpt lat="28.103309" lon="85.325012"><ele>2573.369</ele><time>2023-02-14T04:23:03Z</time></trkpt><trkpt lat="28.103354" lon="85.324985"><ele>2573.786</ele><time>2023-02-14T04:23:13Z</time></trkpt><trkpt lat="28.103362" lon="85.324933"><ele>2573.959</ele><time>2023-02-14T04:23:22Z</time></trkpt><trkpt lat="28.103322" lon="85.324908"><ele>2576.103</ele><time>2023-02-14T04:23:34Z</time></trkpt><trkpt lat="28.103365" lon="85.324890"><ele>2575.323</ele><time>2023-02-14T04:23:47Z</time></trkpt><trkpt lat="28.103372" lon="85.324837"><ele>2578.809</ele><time>2023-02-14T04:24:01Z</time></trkpt><trkpt lat="28.103340" lon="85.324795"><ele>2580.476</ele><time>2023-02-14T04:24:10Z</time></trkpt><trkpt lat="28.103313" lon="85.324753"><ele>2581.517</ele><time>2023-02-14T04:24:17Z</time></trkpt><trkpt lat="28.103363" lon="85.324751"><ele>2582.051</ele><time>2023-02-14T04:24:26Z</time></trkpt><trkpt lat="28.103378" lon="85.324701"><ele>2583.175</ele><time>2023-02-14T04:24:40Z</time></trkpt><trkpt lat="28.103363" lon="85.324653"><ele>2586.145</ele><time>2023-02-14T04:24:51Z</time></trkpt><trkpt lat="28.103398" lon="85.324693"><ele>2588.369</ele><time>2023-02-14T04:25:03Z</time></trkpt><trkpt lat="28.103415" lon="85.324645"><ele>2590.177</ele><time>2023-02-14T04:25:12Z</time></trkpt><trkpt lat="28.103462" lon="85.324653"><ele>2596.829</ele><time>2023-02-14T04:25:25Z</time></trkpt><trkpt lat="28.103479" lon="85.324603"><ele>2597.796</ele><time>2023-02-14T04:25:35Z</time></trkpt><trkpt lat="28.103491" lon="85.324553"><ele>2598.717</ele><time>2023-02-14T04:25:45Z</time></trkpt><trkpt lat="28.103539" lon="85.324533"><ele>2600.487</ele><time>2023-02-14T04:26:01Z</time></trkpt><trkpt lat="28.103577" lon="85.324490"><ele>2602.115</ele><time>2023-02-14T04:26:26Z</time></trkpt><trkpt lat="28.103620" lon="85.324473"><ele>2601.309</ele><time>2023-02-14T04:26:43Z</time></trkpt><trkpt lat="28.103637" lon="85.324425"><ele>2603.882</ele><time>2023-02-14T04:26:52Z</time></trkpt><trkpt lat="28.103652" lon="85.324372"><ele>2604.943</ele><time>2023-02-14T04:27:00Z</time></trkpt><trkpt lat="28.103682" lon="85.324327"><ele>2605.927</ele><time>2023-02-14T04:27:09Z</time></trkpt><trkpt lat="28.103714" lon="85.324365"><ele>2609.061</ele><time>2023-02-14T04:27:18Z</time></trkpt><trkpt lat="28.103764" lon="85.324387"><ele>2611.771</ele><time>2023-02-14T04:27:38Z</time></trkpt><trkpt lat="28.103807" lon="85.324372"><ele>2613.015</ele><time>2023-02-14T04:27:47Z</time></trkpt><trkpt lat="28.103824" lon="85.324322"><ele>2614.663</ele><time>2023-02-14T04:28:01Z</time></trkpt><trkpt lat="28.103816" lon="85.324267"><ele>2616.135</ele><time>2023-02-14T04:28:10Z</time></trkpt><trkpt lat="28.103864" lon="85.324274"><ele>2616.352</ele><time>2023-02-14T04:28:27Z</time></trkpt><trkpt lat="28.103901" lon="85.324309"><ele>2618.426</ele><time>2023-02-14T04:28:43Z</time></trkpt><trkpt lat="28.103944" lon="85.324341"><ele>2619.447</ele><time>2023-02-14T04:28:55Z</time></trkpt><trkpt lat="28.103987" lon="85.324319"><ele>2622.211</ele><time>2023-02-14T04:29:07Z</time></trkpt><trkpt lat="28.104000" lon="85.324264"><ele>2622.709</ele><time>2023-02-14T04:29:14Z</time></trkpt><trkpt lat="28.104012" lon="85.324211"><ele>2622.243</ele><time>2023-02-14T04:29:19Z</time></trkpt><trkpt lat="28.104017" lon="85.324148"><ele>2625.764</ele><time>2023-02-14T04:29:26Z</time></trkpt><trkpt lat="28.104017" lon="85.324090"><ele>2624.558</ele><time>2023-02-14T04:29:31Z</time></trkpt><trkpt lat="28.104045" lon="85.324048"><ele>2624.392</ele><time>2023-02-14T04:29:38Z</time></trkpt><trkpt lat="28.104085" lon="85.324021"><ele>2624.582</ele><time>2023-02-14T04:29:45Z</time></trkpt><trkpt lat="28.104130" lon="85.324028"><ele>2626.156</ele><time>2023-02-14T04:29:53Z</time></trkpt><trkpt lat="28.104160" lon="85.324076"><ele>2625.194</ele><time>2023-02-14T04:30:01Z</time></trkpt><trkpt lat="28.104195" lon="85.324114"><ele>2627.226</ele><time>2023-02-14T04:30:07Z</time></trkpt><trkpt lat="28.104223" lon="85.324157"><ele>2631.633</ele><time>2023-02-14T04:30:13Z</time></trkpt><trkpt lat="28.104276" lon="85.324177"><ele>2630.339</ele><time>2023-02-14T04:30:24Z</time></trkpt><trkpt lat="28.104228" lon="85.324180"><ele>2633.501</ele><time>2023-02-14T04:30:31Z</time></trkpt><trkpt lat="28.104303" lon="85.324178"><ele>2658.521</ele><time>2023-02-14T04:30:39Z</time></trkpt><trkpt lat="28.104256" lon="85.324165"><ele>2642.409</ele><time>2023-02-14T04:31:03Z</time></trkpt><trkpt lat="28.104299" lon="85.324150"><ele>2633.974</ele><time>2023-02-14T04:31:19Z</time></trkpt><trkpt lat="28.104299" lon="85.324212"><ele>2641.265</ele><time>2023-02-14T04:32:43Z</time></trkpt><trkpt lat="28.104254" lon="85.324232"><ele>2631.679</ele><time>2023-02-14T04:36:10Z</time></trkpt><trkpt lat="28.104236" lon="85.324284"><ele>2630.713</ele><time>2023-02-14T04:36:16Z</time></trkpt><trkpt lat="28.104246" lon="85.324339"><ele>2630.123</ele><time>2023-02-14T04:36:22Z</time></trkpt><trkpt lat="28.104288" lon="85.324371"><ele>2628.667</ele><time>2023-02-14T04:36:28Z</time></trkpt><trkpt lat="28.104320" lon="85.324409"><ele>2627.635</ele><time>2023-02-14T04:36:32Z</time></trkpt><trkpt lat="28.104362" lon="85.324437"><ele>2627.397</ele><time>2023-02-14T04:36:37Z</time></trkpt><trkpt lat="28.104404" lon="85.324412"><ele>2628.134</ele><time>2023-02-14T04:36:42Z</time></trkpt><trkpt lat="28.104447" lon="85.324382"><ele>2632.317</ele><time>2023-02-14T04:36:53Z</time></trkpt><trkpt lat="28.104500" lon="85.324414"><ele>2636.687</ele><time>2023-02-14T04:37:08Z</time></trkpt><trkpt lat="28.104547" lon="85.324424"><ele>2636.015</ele><time>2023-02-14T04:37:14Z</time></trkpt><trkpt lat="28.104592" lon="85.324437"><ele>2634.009</ele><time>2023-02-14T04:37:20Z</time></trkpt><trkpt lat="28.104642" lon="85.324439"><ele>2632.292</ele><time>2023-02-14T04:37:25Z</time></trkpt><trkpt lat="28.104692" lon="85.324444"><ele>2628.533</ele><time>2023-02-14T04:37:38Z</time></trkpt><trkpt lat="28.104735" lon="85.324466"><ele>2629.527</ele><time>2023-02-14T04:37:46Z</time></trkpt><trkpt lat="28.104743" lon="85.324518"><ele>2630.871</ele><time>2023-02-14T04:37:53Z</time></trkpt><trkpt lat="28.104741" lon="85.324573"><ele>2631.661</ele><time>2023-02-14T04:38:03Z</time></trkpt><trkpt lat="28.104776" lon="85.324610"><ele>2633.145</ele><time>2023-02-14T04:38:12Z</time></trkpt><trkpt lat="28.104794" lon="85.324662"><ele>2634.443</ele><time>2023-02-14T04:38:19Z</time></trkpt><trkpt lat="28.104841" lon="85.324662"><ele>2636.085</ele><time>2023-02-14T04:38:34Z</time></trkpt><trkpt lat="28.104859" lon="85.324710"><ele>2637.152</ele><time>2023-02-14T04:38:45Z</time></trkpt><trkpt lat="28.104889" lon="85.324760"><ele>2638.836</ele><time>2023-02-14T04:38:54Z</time></trkpt><trkpt lat="28.104914" lon="85.324813"><ele>2639.817</ele><time>2023-02-14T04:39:04Z</time></trkpt><trkpt lat="28.105107" lon="85.324838"><ele>2639.918</ele><time>2023-02-14T04:39:38Z</time></trkpt><trkpt lat="28.105069" lon="85.324868"><ele>2647.409</ele><time>2023-02-14T04:40:06Z</time></trkpt><trkpt lat="28.105071" lon="85.324930"><ele>2649.174</ele><time>2023-02-14T04:40:18Z</time></trkpt><trkpt lat="28.105068" lon="85.324997"><ele>2650.955</ele><time>2023-02-14T04:40:23Z</time></trkpt><trkpt lat="28.105096" lon="85.325050"><ele>2651.699</ele><time>2023-02-14T04:40:28Z</time></trkpt><trkpt lat="28.105136" lon="85.325075"><ele>2653.223</ele><time>2023-02-14T04:40:37Z</time></trkpt><trkpt lat="28.105171" lon="85.325023"><ele>2655.673</ele><time>2023-02-14T04:41:04Z</time></trkpt><trkpt lat="28.105196" lon="85.325088"><ele>2661.737</ele><time>2023-02-14T04:41:21Z</time></trkpt><trkpt lat="28.105223" lon="85.325133"><ele>2663.945</ele><time>2023-02-14T04:41:28Z</time></trkpt><trkpt lat="28.105238" lon="85.325078"><ele>2665.447</ele><time>2023-02-14T04:41:36Z</time></trkpt><trkpt lat="28.105260" lon="85.325031"><ele>2663.954</ele><time>2023-02-14T04:41:45Z</time></trkpt><trkpt lat="28.105292" lon="85.325068"><ele>2662.532</ele><time>2023-02-14T04:41:54Z</time></trkpt><trkpt lat="28.105249" lon="85.325088"><ele>2678.192</ele><time>2023-02-14T04:42:04Z</time></trkpt><trkpt lat="28.105296" lon="85.325110"><ele>2672.011</ele><time>2023-02-14T04:42:24Z</time></trkpt><trkpt lat="28.105329" lon="85.325150"><ele>2667.809</ele><time>2023-02-14T04:42:40Z</time></trkpt><trkpt lat="28.105331" lon="85.325212"><ele>2670.534</ele><time>2023-02-14T04:42:54Z</time></trkpt><trkpt lat="28.105331" lon="85.325264"><ele>2673.475</ele><time>2023-02-14T04:43:15Z</time></trkpt><trkpt lat="28.105366" lon="85.325184"><ele>2676.219</ele><time>2023-02-14T04:43:38Z</time></trkpt><trkpt lat="28.105416" lon="85.325186"><ele>2676.013</ele><time>2023-02-14T04:43:46Z</time></trkpt><trkpt lat="28.105429" lon="85.325241"><ele>2675.283</ele><time>2023-02-14T04:43:57Z</time></trkpt><trkpt lat="28.105509" lon="85.325268"><ele>2678.297</ele><time>2023-02-14T04:44:22Z</time></trkpt><trkpt lat="28.105582" lon="85.325295"><ele>2677.825</ele><time>2023-02-14T04:44:43Z</time></trkpt><trkpt lat="28.105642" lon="85.325312"><ele>2679.347</ele><time>2023-02-14T04:44:51Z</time></trkpt><trkpt lat="28.105680" lon="85.325349"><ele>2677.394</ele><time>2023-02-14T04:44:58Z</time></trkpt><trkpt lat="28.105622" lon="85.325354"><ele>2678.622</ele><time>2023-02-14T04:45:09Z</time></trkpt><trkpt lat="28.105597" lon="85.325401"><ele>2687.362</ele><time>2023-02-14T04:45:42Z</time></trkpt><trkpt lat="28.105592" lon="85.325463"><ele>2690.808</ele><time>2023-02-14T04:45:59Z</time></trkpt><trkpt lat="28.105645" lon="85.325475"><ele>2694.009</ele><time>2023-02-14T04:46:21Z</time></trkpt><trkpt lat="28.105597" lon="85.325482"><ele>2695.583</ele><time>2023-02-14T04:46:30Z</time></trkpt><trkpt lat="28.105592" lon="85.325549"><ele>2699.664</ele><time>2023-02-14T04:46:47Z</time></trkpt><trkpt lat="28.105640" lon="85.325514"><ele>2702.038</ele><time>2023-02-14T04:47:00Z</time></trkpt><trkpt lat="28.105678" lon="85.325541"><ele>2702.922</ele><time>2023-02-14T04:47:10Z</time></trkpt><trkpt lat="28.105653" lon="85.325604"><ele>2709.252</ele><time>2023-02-14T04:48:10Z</time></trkpt><trkpt lat="28.105625" lon="85.325644"><ele>2709.616</ele><time>2023-02-14T04:48:29Z</time></trkpt><trkpt lat="28.105630" lon="85.325701"><ele>2712.134</ele><time>2023-02-14T04:48:44Z</time></trkpt><trkpt lat="28.105638" lon="85.325759"><ele>2719.736</ele><time>2023-02-14T04:49:33Z</time></trkpt><trkpt lat="28.105671" lon="85.325797"><ele>2719.153</ele><time>2023-02-14T04:49:43Z</time></trkpt><trkpt lat="28.105644" lon="85.325914"><ele>2732.384</ele><time>2023-02-14T04:50:57Z</time></trkpt><trkpt lat="28.105692" lon="85.325922"><ele>2732.207</ele><time>2023-02-14T04:51:12Z</time></trkpt><trkpt lat="28.105690" lon="85.325974"><ele>2733.417</ele><time>2023-02-14T04:51:35Z</time></trkpt><trkpt lat="28.105647" lon="85.326021"><ele>2733.609</ele><time>2023-02-14T04:51:59Z</time></trkpt><trkpt lat="28.105657" lon="85.326073"><ele>2733.939</ele><time>2023-02-14T04:52:18Z</time></trkpt><trkpt lat="28.105634" lon="85.326121"><ele>2733.760</ele><time>2023-02-14T04:52:25Z</time></trkpt><trkpt lat="28.105681" lon="85.326133"><ele>2732.894</ele><time>2023-02-14T04:52:35Z</time></trkpt><trkpt lat="28.105688" lon="85.326190"><ele>2736.798</ele><time>2023-02-14T04:52:49Z</time></trkpt><trkpt lat="28.105678" lon="85.326243"><ele>2737.678</ele><time>2023-02-14T04:52:57Z</time></trkpt><trkpt lat="28.105676" lon="85.326303"><ele>2739.382</ele><time>2023-02-14T04:53:15Z</time></trkpt><trkpt lat="28.105704" lon="85.326346"><ele>2741.620</ele><time>2023-02-14T04:53:24Z</time></trkpt><trkpt lat="28.105694" lon="85.326488"><ele>2747.142</ele><time>2023-02-14T04:53:56Z</time></trkpt><trkpt lat="28.105702" lon="85.326556"><ele>2748.819</ele><time>2023-02-14T04:54:19Z</time></trkpt><trkpt lat="28.105745" lon="85.326599"><ele>2750.612</ele><time>2023-02-14T04:54:27Z</time></trkpt><trkpt lat="28.105802" lon="85.326549"><ele>2755.132</ele><time>2023-02-14T04:54:48Z</time></trkpt><trkpt lat="28.105847" lon="85.326571"><ele>2755.005</ele><time>2023-02-14T04:54:59Z</time></trkpt><trkpt lat="28.105945" lon="85.326613"><ele>2755.609</ele><time>2023-02-14T04:55:18Z</time></trkpt><trkpt lat="28.105893" lon="85.326620"><ele>2759.872</ele><time>2023-02-14T04:55:31Z</time></trkpt><trkpt lat="28.105855" lon="85.326648"><ele>2762.543</ele><time>2023-02-14T04:55:39Z</time></trkpt><trkpt lat="28.105943" lon="85.326723"><ele>2766.257</ele><time>2023-02-14T04:56:10Z</time></trkpt><trkpt lat="28.105898" lon="85.326736"><ele>2767.321</ele><time>2023-02-14T04:56:28Z</time></trkpt><trkpt lat="28.105930" lon="85.326776"><ele>2765.881</ele><time>2023-02-14T04:56:46Z</time></trkpt><trkpt lat="28.105958" lon="85.326818"><ele>2768.765</ele><time>2023-02-14T04:57:10Z</time></trkpt><trkpt lat="28.106008" lon="85.326830"><ele>2767.163</ele><time>2023-02-14T04:57:27Z</time></trkpt><trkpt lat="28.105983" lon="85.326878"><ele>2769.145</ele><time>2023-02-14T04:57:36Z</time></trkpt><trkpt lat="28.106043" lon="85.326876"><ele>2771.872</ele><time>2023-02-14T04:57:55Z</time></trkpt><trkpt lat="28.106093" lon="85.326884"><ele>2773.685</ele><time>2023-02-14T04:58:02Z</time></trkpt><trkpt lat="28.106141" lon="85.326881"><ele>2777.389</ele><time>2023-02-14T04:58:11Z</time></trkpt><trkpt lat="28.106096" lon="85.326876"><ele>2780.817</ele><time>2023-02-14T04:58:19Z</time></trkpt><trkpt lat="28.106033" lon="85.326879"><ele>2787.009</ele><time>2023-02-14T04:58:41Z</time></trkpt><trkpt lat="28.106041" lon="85.326954"><ele>2787.269</ele><time>2023-02-14T04:58:51Z</time></trkpt><trkpt lat="28.106186" lon="85.326977"><ele>2786.710</ele><time>2023-02-14T04:59:23Z</time></trkpt><trkpt lat="28.106231" lon="85.326994"><ele>2787.394</ele><time>2023-02-14T04:59:33Z</time></trkpt><trkpt lat="28.106279" lon="85.326994"><ele>2788.538</ele><time>2023-02-14T04:59:40Z</time></trkpt><trkpt lat="28.106342" lon="85.326984"><ele>2789.458</ele><time>2023-02-14T04:59:57Z</time></trkpt><trkpt lat="28.106372" lon="85.326944"><ele>2791.652</ele><time>2023-02-14T05:00:09Z</time></trkpt><trkpt lat="28.106415" lon="85.326909"><ele>2793.860</ele><time>2023-02-14T05:00:19Z</time></trkpt><trkpt lat="28.106460" lon="85.326884"><ele>2794.142</ele><time>2023-02-14T05:00:26Z</time></trkpt><trkpt lat="28.106507" lon="85.326899"><ele>2795.619</ele><time>2023-02-14T05:00:40Z</time></trkpt><trkpt lat="28.106569" lon="85.326897"><ele>2795.859</ele><time>2023-02-14T05:00:48Z</time></trkpt><trkpt lat="28.106492" lon="85.326955"><ele>2799.403</ele><time>2023-02-14T05:01:06Z</time></trkpt><trkpt lat="28.106469" lon="85.327007"><ele>2802.423</ele><time>2023-02-14T05:01:18Z</time></trkpt><trkpt lat="28.106449" lon="85.327055"><ele>2803.109</ele><time>2023-02-14T05:01:26Z</time></trkpt><trkpt lat="28.106422" lon="85.327137"><ele>2806.446</ele><time>2023-02-14T05:01:44Z</time></trkpt><trkpt lat="28.106474" lon="85.327129"><ele>2806.037</ele><time>2023-02-14T05:01:51Z</time></trkpt><trkpt lat="28.106584" lon="85.327079"><ele>2811.821</ele><time>2023-02-14T05:02:24Z</time></trkpt><trkpt lat="28.106631" lon="85.327056"><ele>2813.435</ele><time>2023-02-14T05:02:33Z</time></trkpt><trkpt lat="28.106646" lon="85.327109"><ele>2815.865</ele><time>2023-02-14T05:02:49Z</time></trkpt><trkpt lat="28.106663" lon="85.327059"><ele>2820.459</ele><time>2023-02-14T05:03:03Z</time></trkpt><trkpt lat="28.106703" lon="85.327022"><ele>2819.747</ele><time>2023-02-14T05:03:29Z</time></trkpt><trkpt lat="28.106771" lon="85.327024"><ele>2821.389</ele><time>2023-02-14T05:03:43Z</time></trkpt><trkpt lat="28.106894" lon="85.326992"><ele>2823.316</ele><time>2023-02-14T05:04:16Z</time></trkpt><trkpt lat="28.106947" lon="85.326975"><ele>2821.695</ele><time>2023-02-14T05:04:26Z</time></trkpt><trkpt lat="28.106995" lon="85.326953"><ele>2823.249</ele><time>2023-02-14T05:04:34Z</time></trkpt><trkpt lat="28.107097" lon="85.326943"><ele>2826.923</ele><time>2023-02-14T05:04:51Z</time></trkpt><trkpt lat="28.107172" lon="85.327030"><ele>2830.709</ele><time>2023-02-14T05:05:15Z</time></trkpt><trkpt lat="28.107170" lon="85.327127"><ele>2840.530</ele><time>2023-02-14T05:06:01Z</time></trkpt><trkpt lat="28.107123" lon="85.327124"><ele>2840.861</ele><time>2023-02-14T05:06:09Z</time></trkpt><trkpt lat="28.107120" lon="85.327201"><ele>2843.195</ele><time>2023-02-14T05:06:49Z</time></trkpt><trkpt lat="28.107175" lon="85.327296"><ele>2848.829</ele><time>2023-02-14T05:07:04Z</time></trkpt><trkpt lat="28.107140" lon="85.327338"><ele>2850.399</ele><time>2023-02-14T05:07:15Z</time></trkpt><trkpt lat="28.107058" lon="85.327330"><ele>2851.743</ele><time>2023-02-14T05:07:31Z</time></trkpt><trkpt lat="28.106991" lon="85.327452"><ele>2856.831</ele><time>2023-02-14T05:08:02Z</time></trkpt><trkpt lat="28.106923" lon="85.327539"><ele>2865.193</ele><time>2023-02-14T05:08:32Z</time></trkpt><trkpt lat="28.106916" lon="85.327601"><ele>2865.570</ele><time>2023-02-14T05:08:39Z</time></trkpt><trkpt lat="28.106854" lon="85.327643"><ele>2867.944</ele><time>2023-02-14T05:09:05Z</time></trkpt><trkpt lat="28.106886" lon="85.327688"><ele>2866.305</ele><time>2023-02-14T05:09:28Z</time></trkpt><trkpt lat="28.106836" lon="85.327706"><ele>2867.015</ele><time>2023-02-14T05:09:45Z</time></trkpt><trkpt lat="28.106858" lon="85.327776"><ele>2867.009</ele><time>2023-02-14T05:09:55Z</time></trkpt><trkpt lat="28.106888" lon="85.327849"><ele>2871.795</ele><time>2023-02-14T05:10:43Z</time></trkpt><trkpt lat="28.106888" lon="85.327904"><ele>2873.736</ele><time>2023-02-14T05:10:52Z</time></trkpt><trkpt lat="28.106963" lon="85.327877"><ele>2876.880</ele><time>2023-02-14T05:11:30Z</time></trkpt><trkpt lat="28.106993" lon="85.327924"><ele>2877.274</ele><time>2023-02-14T05:11:39Z</time></trkpt><trkpt lat="28.107140" lon="85.327966"><ele>2879.614</ele><time>2023-02-14T05:12:40Z</time></trkpt><trkpt lat="28.107102" lon="85.328028"><ele>2886.828</ele><time>2023-02-14T05:13:02Z</time></trkpt><trkpt lat="28.107217" lon="85.328055"><ele>2894.026</ele><time>2023-02-14T05:13:34Z</time></trkpt><trkpt lat="28.107184" lon="85.328117"><ele>2896.888</ele><time>2023-02-14T05:13:47Z</time></trkpt><trkpt lat="28.107139" lon="85.328147"><ele>2898.395</ele><time>2023-02-14T05:14:10Z</time></trkpt><trkpt lat="28.107107" lon="85.328189"><ele>2899.723</ele><time>2023-02-14T05:14:20Z</time></trkpt><trkpt lat="28.107089" lon="85.328237"><ele>2901.783</ele><time>2023-02-14T05:14:29Z</time></trkpt><trkpt lat="28.107076" lon="85.328300"><ele>2902.411</ele><time>2023-02-14T05:14:40Z</time></trkpt><trkpt lat="28.107058" lon="85.328348"><ele>2902.909</ele><time>2023-02-14T05:14:46Z</time></trkpt><trkpt lat="28.107043" lon="85.328400"><ele>2904.863</ele><time>2023-02-14T05:14:55Z</time></trkpt><trkpt lat="28.107005" lon="85.328452"><ele>2905.214</ele><time>2023-02-14T05:15:07Z</time></trkpt><trkpt lat="28.106987" lon="85.328504"><ele>2906.698</ele><time>2023-02-14T05:15:15Z</time></trkpt><trkpt lat="28.106950" lon="85.328542"><ele>2907.192</ele><time>2023-02-14T05:15:30Z</time></trkpt><trkpt lat="28.106937" lon="85.328594"><ele>2907.262</ele><time>2023-02-14T05:15:37Z</time></trkpt><trkpt lat="28.106962" lon="85.328651"><ele>2898.936</ele><time>2023-02-14T05:15:42Z</time></trkpt><trkpt lat="28.106984" lon="85.328698"><ele>2898.274</ele><time>2023-02-14T05:15:44Z</time></trkpt><trkpt lat="28.106919" lon="85.328726"><ele>2921.476</ele><time>2023-02-14T05:15:45Z</time></trkpt><trkpt lat="28.106896" lon="85.328666"><ele>2917.923</ele><time>2023-02-14T05:15:47Z</time></trkpt><trkpt lat="28.106889" lon="85.328721"><ele>2914.148</ele><time>2023-02-14T05:15:57Z</time></trkpt><trkpt lat="28.106897" lon="85.328778"><ele>2912.961</ele><time>2023-02-14T05:16:03Z</time></trkpt><trkpt lat="28.106889" lon="85.328830"><ele>2912.617</ele><time>2023-02-14T05:16:11Z</time></trkpt><trkpt lat="28.106899" lon="85.328887"><ele>2913.909</ele><time>2023-02-14T05:16:20Z</time></trkpt><trkpt lat="28.106926" lon="85.328830"><ele>2912.365</ele><time>2023-02-14T05:17:04Z</time></trkpt><trkpt lat="28.106946" lon="85.328878"><ele>2916.776</ele><time>2023-02-14T05:17:09Z</time></trkpt><trkpt lat="28.106981" lon="85.328920"><ele>2917.950</ele><time>2023-02-14T05:17:18Z</time></trkpt><trkpt lat="28.106981" lon="85.328977"><ele>2918.674</ele><time>2023-02-14T05:17:23Z</time></trkpt><trkpt lat="28.106956" lon="85.329027"><ele>2920.624</ele><time>2023-02-14T05:17:27Z</time></trkpt><trkpt lat="28.106933" lon="85.329079"><ele>2922.598</ele><time>2023-02-14T05:17:34Z</time></trkpt><trkpt lat="28.106925" lon="85.329141"><ele>2923.626</ele><time>2023-02-14T05:17:42Z</time></trkpt><trkpt lat="28.106935" lon="85.329191"><ele>2923.578</ele><time>2023-02-14T05:17:48Z</time></trkpt><trkpt lat="28.106955" lon="85.329238"><ele>2923.265</ele><time>2023-02-14T05:17:53Z</time></trkpt><trkpt lat="28.106972" lon="85.329288"><ele>2924.033</ele><time>2023-02-14T05:18:01Z</time></trkpt><trkpt lat="28.107017" lon="85.329310"><ele>2926.223</ele><time>2023-02-14T05:18:10Z</time></trkpt><trkpt lat="28.107034" lon="85.329360"><ele>2931.215</ele><time>2023-02-14T05:18:30Z</time></trkpt><trkpt lat="28.107069" lon="85.329412"><ele>2931.509</ele><time>2023-02-14T05:18:37Z</time></trkpt><trkpt lat="28.107091" lon="85.329465"><ele>2932.554</ele><time>2023-02-14T05:18:43Z</time></trkpt><trkpt lat="28.107123" lon="85.329503"><ele>2931.595</ele><time>2023-02-14T05:18:50Z</time></trkpt><trkpt lat="28.107185" lon="85.329511"><ele>2929.169</ele><time>2023-02-14T05:19:02Z</time></trkpt><trkpt lat="28.107232" lon="85.329569"><ele>2928.083</ele><time>2023-02-14T05:19:16Z</time></trkpt><trkpt lat="28.107189" lon="85.329691"><ele>2938.933</ele><time>2023-02-14T05:19:25Z</time></trkpt><trkpt lat="28.107372" lon="85.329748"><ele>2931.327</ele><time>2023-02-14T05:19:59Z</time></trkpt><trkpt lat="28.107324" lon="85.329726"><ele>2932.685</ele><time>2023-02-14T05:20:07Z</time></trkpt><trkpt lat="28.107267" lon="85.329759"><ele>2932.927</ele><time>2023-02-14T05:20:27Z</time></trkpt><trkpt lat="28.107305" lon="85.329789"><ele>2933.214</ele><time>2023-02-14T05:20:34Z</time></trkpt><trkpt lat="28.107370" lon="85.329836"><ele>2935.641</ele><time>2023-02-14T05:20:46Z</time></trkpt><trkpt lat="28.107328" lon="85.329864"><ele>2937.881</ele><time>2023-02-14T05:20:55Z</time></trkpt><trkpt lat="28.107313" lon="85.329914"><ele>2938.409</ele><time>2023-02-14T05:21:05Z</time></trkpt><trkpt lat="28.107353" lon="85.329941"><ele>2938.309</ele><time>2023-02-14T05:21:16Z</time></trkpt><trkpt lat="28.107375" lon="85.329989"><ele>2941.285</ele><time>2023-02-14T05:21:40Z</time></trkpt><trkpt lat="28.107383" lon="85.330069"><ele>2946.896</ele><time>2023-02-14T05:22:22Z</time></trkpt><trkpt lat="28.107591" lon="85.330237"><ele>2958.840</ele><time>2023-02-14T05:23:33Z</time></trkpt><trkpt lat="28.107988" lon="85.330874"><ele>2969.354</ele><time>2023-02-14T05:25:37Z</time></trkpt><trkpt lat="28.108028" lon="85.330916"><ele>2970.934</ele><time>2023-02-14T05:25:43Z</time></trkpt><trkpt lat="28.107983" lon="85.330866"><ele>2978.838</ele><time>2023-02-14T05:25:58Z</time></trkpt><trkpt lat="28.107920" lon="85.330754"><ele>2984.956</ele><time>2023-02-14T05:26:05Z</time></trkpt><trkpt lat="28.107973" lon="85.330864"><ele>2995.518</ele><time>2023-02-14T05:26:12Z</time></trkpt><trkpt lat="28.108070" lon="85.330797"><ele>2983.715</ele><time>2023-02-14T05:26:31Z</time></trkpt><trkpt lat="28.108040" lon="85.330839"><ele>2980.491</ele><time>2023-02-14T05:26:52Z</time></trkpt><trkpt lat="28.108030" lon="85.330889"><ele>2981.681</ele><time>2023-02-14T05:27:49Z</time></trkpt><trkpt lat="28.108050" lon="85.330937"><ele>2981.719</ele><time>2023-02-14T05:27:54Z</time></trkpt><trkpt lat="28.108052" lon="85.330990"><ele>2981.909</ele><time>2023-02-14T05:28:01Z</time></trkpt><trkpt lat="28.108010" lon="85.331018"><ele>2981.620</ele><time>2023-02-14T05:28:11Z</time></trkpt><trkpt lat="28.107962" lon="85.331020"><ele>2980.681</ele><time>2023-02-14T05:28:17Z</time></trkpt><trkpt lat="28.107910" lon="85.331018"><ele>2982.245</ele><time>2023-02-14T05:28:26Z</time></trkpt><trkpt lat="28.107785" lon="85.331001"><ele>2991.349</ele><time>2023-02-14T05:28:39Z</time></trkpt><trkpt lat="28.107607" lon="85.331091"><ele>2991.859</ele><time>2023-02-14T05:29:36Z</time></trkpt><trkpt lat="28.107564" lon="85.331119"><ele>2991.913</ele><time>2023-02-14T05:29:47Z</time></trkpt><trkpt lat="28.107517" lon="85.331119"><ele>2992.681</ele><time>2023-02-14T05:29:55Z</time></trkpt><trkpt lat="28.107465" lon="85.331129"><ele>2995.743</ele><time>2023-02-14T05:30:00Z</time></trkpt><trkpt lat="28.107485" lon="85.331184"><ele>2998.840</ele><time>2023-02-14T05:30:09Z</time></trkpt><trkpt lat="28.107522" lon="85.331224"><ele>2997.783</ele><time>2023-02-14T05:30:17Z</time></trkpt><trkpt lat="28.107562" lon="85.331261"><ele>2997.525</ele><time>2023-02-14T05:30:24Z</time></trkpt><trkpt lat="28.107612" lon="85.331288"><ele>2996.017</ele><time>2023-02-14T05:30:31Z</time></trkpt><trkpt lat="28.107642" lon="85.331328"><ele>2994.609</ele><time>2023-02-14T05:30:36Z</time></trkpt><trkpt lat="28.107627" lon="85.331430"><ele>2995.749</ele><time>2023-02-14T05:31:03Z</time></trkpt><trkpt lat="28.107624" lon="85.331488"><ele>2996.160</ele><time>2023-02-14T05:31:10Z</time></trkpt><trkpt lat="28.107631" lon="85.331545"><ele>2998.124</ele><time>2023-02-14T05:31:13Z</time></trkpt><trkpt lat="28.107676" lon="85.331568"><ele>2999.368</ele><time>2023-02-14T05:31:22Z</time></trkpt><trkpt lat="28.107713" lon="85.331535"><ele>2998.328</ele><time>2023-02-14T05:31:29Z</time></trkpt><trkpt lat="28.107753" lon="85.331573"><ele>2997.962</ele><time>2023-02-14T05:31:40Z</time></trkpt><trkpt lat="28.107773" lon="85.331620"><ele>2999.740</ele><time>2023-02-14T05:31:49Z</time></trkpt><trkpt lat="28.107763" lon="85.331713"><ele>3027.432</ele><time>2023-02-14T05:33:35Z</time></trkpt><trkpt lat="28.107756" lon="85.331840"><ele>3060.259</ele><time>2023-02-14T05:33:37Z</time></trkpt><trkpt lat="28.107759" lon="85.331743"><ele>3045.081</ele><time>2023-02-14T05:33:47Z</time></trkpt><trkpt lat="28.107744" lon="85.331691"><ele>3035.761</ele><time>2023-02-14T05:33:49Z</time></trkpt><trkpt lat="28.107772" lon="85.331646"><ele>3020.117</ele><time>2023-02-14T05:33:51Z</time></trkpt><trkpt lat="28.107810" lon="85.331614"><ele>3004.309</ele><time>2023-02-14T05:34:25Z</time></trkpt><trkpt lat="28.107857" lon="85.331626"><ele>3001.079</ele><time>2023-02-14T05:34:31Z</time></trkpt><trkpt lat="28.107882" lon="85.331669"><ele>3000.630</ele><time>2023-02-14T05:34:40Z</time></trkpt><trkpt lat="28.107909" lon="85.331712"><ele>3003.384</ele><time>2023-02-14T05:34:48Z</time></trkpt><trkpt lat="28.107954" lon="85.331742"><ele>3003.548</ele><time>2023-02-14T05:34:55Z</time></trkpt><trkpt lat="28.107994" lon="85.331770"><ele>3003.168</ele><time>2023-02-14T05:34:59Z</time></trkpt><trkpt lat="28.108031" lon="85.331802"><ele>3004.532</ele><time>2023-02-14T05:35:03Z</time></trkpt><trkpt lat="28.108073" lon="85.331829"><ele>3005.510</ele><time>2023-02-14T05:35:08Z</time></trkpt><trkpt lat="28.108103" lon="85.331872"><ele>3006.622</ele><time>2023-02-14T05:35:16Z</time></trkpt><trkpt lat="28.108138" lon="85.331907"><ele>3004.849</ele><time>2023-02-14T05:35:23Z</time></trkpt><trkpt lat="28.108175" lon="85.331939"><ele>3003.755</ele><time>2023-02-14T05:35:33Z</time></trkpt><trkpt lat="28.108212" lon="85.331979"><ele>3006.107</ele><time>2023-02-14T05:35:44Z</time></trkpt><trkpt lat="28.108262" lon="85.332017"><ele>3009.117</ele><time>2023-02-14T05:36:03Z</time></trkpt><trkpt lat="28.108309" lon="85.332040"><ele>3011.009</ele><time>2023-02-14T05:36:11Z</time></trkpt><trkpt lat="28.108312" lon="85.332093"><ele>3012.086</ele><time>2023-02-14T05:36:17Z</time></trkpt><trkpt lat="28.108342" lon="85.332135"><ele>3011.017</ele><time>2023-02-14T05:36:25Z</time></trkpt><trkpt lat="28.108392" lon="85.332162"><ele>3011.311</ele><time>2023-02-14T05:36:49Z</time></trkpt><trkpt lat="28.108425" lon="85.332199"><ele>3022.355</ele><time>2023-02-14T05:40:49Z</time></trkpt><trkpt lat="28.108467" lon="85.332221"><ele>3021.735</ele><time>2023-02-14T05:41:02Z</time></trkpt><trkpt lat="28.108515" lon="85.332243"><ele>3023.839</ele><time>2023-02-14T05:41:14Z</time></trkpt><trkpt lat="28.108545" lon="85.332288"><ele>3024.397</ele><time>2023-02-14T05:41:31Z</time></trkpt><trkpt lat="28.108577" lon="85.332325"><ele>3022.689</ele><time>2023-02-14T05:41:40Z</time></trkpt><trkpt lat="28.108624" lon="85.332320"><ele>3023.786</ele><time>2023-02-14T05:41:47Z</time></trkpt><trkpt lat="28.108639" lon="85.332267"><ele>3024.449</ele><time>2023-02-14T05:41:57Z</time></trkpt><trkpt lat="28.108704" lon="85.332270"><ele>3028.602</ele><time>2023-02-14T05:42:28Z</time></trkpt><trkpt lat="28.108749" lon="85.332263"><ele>3027.822</ele><time>2023-02-14T05:42:40Z</time></trkpt><trkpt lat="28.108772" lon="85.332321"><ele>3029.709</ele><time>2023-02-14T05:42:55Z</time></trkpt><trkpt lat="28.108812" lon="85.332394"><ele>3032.085</ele><time>2023-02-14T05:43:22Z</time></trkpt><trkpt lat="28.108857" lon="85.332387"><ele>3035.536</ele><time>2023-02-14T05:43:40Z</time></trkpt><trkpt lat="28.108869" lon="85.332439"><ele>3035.910</ele><time>2023-02-14T05:43:51Z</time></trkpt><trkpt lat="28.108901" lon="85.332477"><ele>3038.114</ele><time>2023-02-14T05:43:58Z</time></trkpt><trkpt lat="28.108994" lon="85.332422"><ele>3044.844</ele><time>2023-02-14T06:14:43Z</time></trkpt><trkpt lat="28.109026" lon="85.332464"><ele>3043.418</ele><time>2023-02-14T06:14:52Z</time></trkpt><trkpt lat="28.109063" lon="85.332494"><ele>3043.176</ele><time>2023-02-14T06:14:59Z</time></trkpt><trkpt lat="28.109073" lon="85.332547"><ele>3043.458</ele><time>2023-02-14T06:15:06Z</time></trkpt><trkpt lat="28.109083" lon="85.332597"><ele>3045.455</ele><time>2023-02-14T06:15:14Z</time></trkpt><trkpt lat="28.109148" lon="85.332639"><ele>3050.046</ele><time>2023-02-14T06:15:29Z</time></trkpt><trkpt lat="28.109198" lon="85.332681"><ele>3052.388</ele><time>2023-02-14T06:15:53Z</time></trkpt><trkpt lat="28.109248" lon="85.332748"><ele>3053.016</ele><time>2023-02-14T06:16:27Z</time></trkpt><trkpt lat="28.109303" lon="85.332783"><ele>3053.709</ele><time>2023-02-14T06:16:39Z</time></trkpt><trkpt lat="28.109335" lon="85.332858"><ele>3061.545</ele><time>2023-02-14T06:17:06Z</time></trkpt><trkpt lat="28.109355" lon="85.332810"><ele>3063.946</ele><time>2023-02-14T06:17:19Z</time></trkpt><trkpt lat="28.109363" lon="85.332757"><ele>3063.610</ele><time>2023-02-14T06:17:27Z</time></trkpt><trkpt lat="28.109368" lon="85.332705"><ele>3063.654</ele><time>2023-02-14T06:17:35Z</time></trkpt><trkpt lat="28.109385" lon="85.332655"><ele>3062.334</ele><time>2023-02-14T06:17:43Z</time></trkpt><trkpt lat="28.109478" lon="85.332638"><ele>3065.148</ele><time>2023-02-14T06:18:17Z</time></trkpt><trkpt lat="28.109516" lon="85.332701"><ele>3067.616</ele><time>2023-02-14T06:18:34Z</time></trkpt><trkpt lat="28.109551" lon="85.332734"><ele>3068.568</ele><time>2023-02-14T06:18:42Z</time></trkpt><trkpt lat="28.109564" lon="85.332789"><ele>3069.455</ele><time>2023-02-14T06:18:47Z</time></trkpt><trkpt lat="28.109574" lon="85.332844"><ele>3069.526</ele><time>2023-02-14T06:18:55Z</time></trkpt><trkpt lat="28.109587" lon="85.332924"><ele>3073.547</ele><time>2023-02-14T06:19:07Z</time></trkpt><trkpt lat="28.109600" lon="85.332976"><ele>3074.011</ele><time>2023-02-14T06:19:14Z</time></trkpt><trkpt lat="28.109642" lon="85.333001"><ele>3075.209</ele><time>2023-02-14T06:19:23Z</time></trkpt><trkpt lat="28.109642" lon="85.333054"><ele>3077.993</ele><time>2023-02-14T06:19:31Z</time></trkpt><trkpt lat="28.109670" lon="85.333109"><ele>3080.454</ele><time>2023-02-14T06:19:48Z</time></trkpt><trkpt lat="28.109698" lon="85.333152"><ele>3081.918</ele><time>2023-02-14T06:19:58Z</time></trkpt><trkpt lat="28.109790" lon="85.333212"><ele>3085.742</ele><time>2023-02-14T06:20:29Z</time></trkpt><trkpt lat="28.109803" lon="85.333160"><ele>3087.492</ele><time>2023-02-14T06:20:37Z</time></trkpt><trkpt lat="28.109800" lon="85.333107"><ele>3087.556</ele><time>2023-02-14T06:20:46Z</time></trkpt><trkpt lat="28.109795" lon="85.333050"><ele>3087.124</ele><time>2023-02-14T06:20:54Z</time></trkpt><trkpt lat="28.109808" lon="85.332997"><ele>3088.686</ele><time>2023-02-14T06:21:01Z</time></trkpt><trkpt lat="28.109841" lon="85.332939"><ele>3089.623</ele><time>2023-02-14T06:21:11Z</time></trkpt><trkpt lat="28.109873" lon="85.332894"><ele>3089.043</ele><time>2023-02-14T06:21:19Z</time></trkpt><trkpt lat="28.109968" lon="85.332787"><ele>3091.864</ele><time>2023-02-14T06:21:45Z</time></trkpt><trkpt lat="28.110018" lon="85.332870"><ele>3095.910</ele><time>2023-02-14T06:22:02Z</time></trkpt><trkpt lat="28.110000" lon="85.332938"><ele>3097.809</ele><time>2023-02-14T06:22:13Z</time></trkpt><trkpt lat="28.109988" lon="85.332990"><ele>3098.945</ele><time>2023-02-14T06:22:20Z</time></trkpt><trkpt lat="28.109970" lon="85.333037"><ele>3100.266</ele><time>2023-02-14T06:22:27Z</time></trkpt><trkpt lat="28.109990" lon="85.333084"><ele>3101.420</ele><time>2023-02-14T06:22:34Z</time></trkpt><trkpt lat="28.110000" lon="85.333137"><ele>3101.254</ele><time>2023-02-14T06:22:41Z</time></trkpt><trkpt lat="28.110025" lon="85.333182"><ele>3101.594</ele><time>2023-02-14T06:22:47Z</time></trkpt><trkpt lat="28.110053" lon="85.333232"><ele>3100.468</ele><time>2023-02-14T06:22:56Z</time></trkpt><trkpt lat="28.110075" lon="85.333280"><ele>3097.486</ele><time>2023-02-14T06:23:10Z</time></trkpt><trkpt lat="28.110107" lon="85.333325"><ele>3098.628</ele><time>2023-02-14T06:23:16Z</time></trkpt><trkpt lat="28.110110" lon="85.333378"><ele>3101.515</ele><time>2023-02-14T06:23:24Z</time></trkpt><trkpt lat="28.110155" lon="85.333408"><ele>3103.812</ele><time>2023-02-14T06:23:35Z</time></trkpt><trkpt lat="28.110175" lon="85.333455"><ele>3105.332</ele><time>2023-02-14T06:23:43Z</time></trkpt><trkpt lat="28.110195" lon="85.333508"><ele>3108.205</ele><time>2023-02-14T06:23:51Z</time></trkpt><trkpt lat="28.110217" lon="85.333558"><ele>3112.809</ele><time>2023-02-14T06:24:10Z</time></trkpt><trkpt lat="28.110257" lon="85.333595"><ele>3113.652</ele><time>2023-02-14T06:24:22Z</time></trkpt><trkpt lat="28.110295" lon="85.333562"><ele>3115.653</ele><time>2023-02-14T06:24:58Z</time></trkpt><trkpt lat="28.110305" lon="85.333502"><ele>3117.667</ele><time>2023-02-14T06:25:07Z</time></trkpt><trkpt lat="28.110377" lon="85.333599"><ele>3125.491</ele><time>2023-02-14T06:25:43Z</time></trkpt><trkpt lat="28.110417" lon="85.333636"><ele>3125.971</ele><time>2023-02-14T06:25:51Z</time></trkpt><trkpt lat="28.110407" lon="85.333698"><ele>3127.215</ele><time>2023-02-14T06:26:06Z</time></trkpt><trkpt lat="28.110375" lon="85.333738"><ele>3129.013</ele><time>2023-02-14T06:26:11Z</time></trkpt><trkpt lat="28.110433" lon="85.333661"><ele>3127.545</ele><time>2023-02-14T06:26:53Z</time></trkpt><trkpt lat="28.110451" lon="85.333611"><ele>3127.982</ele><time>2023-02-14T06:26:58Z</time></trkpt><trkpt lat="28.110484" lon="85.333576"><ele>3128.756</ele><time>2023-02-14T06:27:05Z</time></trkpt><trkpt lat="28.110549" lon="85.333594"><ele>3130.859</ele><time>2023-02-14T06:27:26Z</time></trkpt><trkpt lat="28.110554" lon="85.333652"><ele>3135.114</ele><time>2023-02-14T06:27:34Z</time></trkpt><trkpt lat="28.110539" lon="85.333705"><ele>3138.109</ele><time>2023-02-14T06:27:41Z</time></trkpt><trkpt lat="28.110534" lon="85.333760"><ele>3141.436</ele><time>2023-02-14T06:27:47Z</time></trkpt><trkpt lat="28.110522" lon="85.333810"><ele>3143.427</ele><time>2023-02-14T06:27:56Z</time></trkpt><trkpt lat="28.110540" lon="85.333860"><ele>3142.831</ele><time>2023-02-14T06:28:04Z</time></trkpt><trkpt lat="28.110550" lon="85.333913"><ele>3142.995</ele><time>2023-02-14T06:28:17Z</time></trkpt><trkpt lat="28.110568" lon="85.333966"><ele>3143.785</ele><time>2023-02-14T06:28:25Z</time></trkpt><trkpt lat="28.110590" lon="85.334018"><ele>3146.239</ele><time>2023-02-14T06:28:32Z</time></trkpt><trkpt lat="28.110598" lon="85.334071"><ele>3147.427</ele><time>2023-02-14T06:28:41Z</time></trkpt><trkpt lat="28.110600" lon="85.334126"><ele>3145.649</ele><time>2023-02-14T06:28:51Z</time></trkpt><trkpt lat="28.110617" lon="85.334174"><ele>3144.286</ele><time>2023-02-14T06:29:26Z</time></trkpt><trkpt lat="28.110652" lon="85.334216"><ele>3145.575</ele><time>2023-02-14T06:29:35Z</time></trkpt><trkpt lat="28.110667" lon="85.334266"><ele>3149.328</ele><time>2023-02-14T06:29:46Z</time></trkpt><trkpt lat="28.110679" lon="85.334319"><ele>3152.420</ele><time>2023-02-14T06:29:53Z</time></trkpt><trkpt lat="28.110741" lon="85.334266"><ele>3151.909</ele><time>2023-02-14T06:30:38Z</time></trkpt><trkpt lat="28.110793" lon="85.334276"><ele>3153.018</ele><time>2023-02-14T06:31:00Z</time></trkpt><trkpt lat="28.110841" lon="85.334294"><ele>3154.229</ele><time>2023-02-14T06:31:06Z</time></trkpt><trkpt lat="28.110838" lon="85.334349"><ele>3157.283</ele><time>2023-02-14T06:31:15Z</time></trkpt><trkpt lat="28.110828" lon="85.334399"><ele>3158.987</ele><time>2023-02-14T06:31:20Z</time></trkpt><trkpt lat="28.110808" lon="85.334446"><ele>3160.587</ele><time>2023-02-14T06:31:26Z</time></trkpt><trkpt lat="28.110808" lon="85.334498"><ele>3161.741</ele><time>2023-02-14T06:31:33Z</time></trkpt><trkpt lat="28.110820" lon="85.334551"><ele>3163.759</ele><time>2023-02-14T06:31:44Z</time></trkpt><trkpt lat="28.110848" lon="85.334598"><ele>3165.691</ele><time>2023-02-14T06:31:52Z</time></trkpt><trkpt lat="28.110901" lon="85.334618"><ele>3167.778</ele><time>2023-02-14T06:32:35Z</time></trkpt><trkpt lat="28.110948" lon="85.334648"><ele>3168.331</ele><time>2023-02-14T06:32:46Z</time></trkpt><trkpt lat="28.110966" lon="85.334695"><ele>3168.961</ele><time>2023-02-14T06:32:58Z</time></trkpt><trkpt lat="28.111004" lon="85.334723"><ele>3168.707</ele><time>2023-02-14T06:33:12Z</time></trkpt><trkpt lat="28.111014" lon="85.334775"><ele>3168.709</ele><time>2023-02-14T06:33:22Z</time></trkpt><trkpt lat="28.111057" lon="85.334823"><ele>3173.714</ele><time>2023-02-14T06:33:41Z</time></trkpt><trkpt lat="28.111089" lon="85.334865"><ele>3175.655</ele><time>2023-02-14T06:33:55Z</time></trkpt><trkpt lat="28.111069" lon="85.334938"><ele>3177.959</ele><time>2023-02-14T06:34:07Z</time></trkpt><trkpt lat="28.111121" lon="85.334930"><ele>3179.823</ele><time>2023-02-14T06:34:15Z</time></trkpt><trkpt lat="28.111166" lon="85.334940"><ele>3176.713</ele><time>2023-02-14T06:34:29Z</time></trkpt><trkpt lat="28.111171" lon="85.335000"><ele>3178.637</ele><time>2023-02-14T06:34:42Z</time></trkpt><trkpt lat="28.111178" lon="85.335057"><ele>3183.355</ele><time>2023-02-14T06:34:54Z</time></trkpt><trkpt lat="28.111218" lon="85.335109"><ele>3183.827</ele><time>2023-02-14T06:35:04Z</time></trkpt><trkpt lat="28.111216" lon="85.335166"><ele>3187.344</ele><time>2023-02-14T06:35:25Z</time></trkpt><trkpt lat="28.111259" lon="85.335184"><ele>3187.652</ele><time>2023-02-14T06:35:48Z</time></trkpt><trkpt lat="28.111219" lon="85.335247"><ele>3188.253</ele><time>2023-02-14T06:36:05Z</time></trkpt><trkpt lat="28.111194" lon="85.335295"><ele>3188.408</ele><time>2023-02-14T06:36:11Z</time></trkpt><trkpt lat="28.111149" lon="85.335345"><ele>3190.109</ele><time>2023-02-14T06:36:38Z</time></trkpt><trkpt lat="28.111172" lon="85.335395"><ele>3189.946</ele><time>2023-02-14T06:36:44Z</time></trkpt><trkpt lat="28.111174" lon="85.335447"><ele>3190.067</ele><time>2023-02-14T06:36:49Z</time></trkpt><trkpt lat="28.111176" lon="85.335499"><ele>3191.241</ele><time>2023-02-14T06:36:55Z</time></trkpt><trkpt lat="28.111154" lon="85.335544"><ele>3190.615</ele><time>2023-02-14T06:37:02Z</time></trkpt><trkpt lat="28.111161" lon="85.335599"><ele>3190.455</ele><time>2023-02-14T06:37:13Z</time></trkpt><trkpt lat="28.111159" lon="85.335651"><ele>3191.689</ele><time>2023-02-14T06:37:22Z</time></trkpt><trkpt lat="28.111112" lon="85.335679"><ele>3192.057</ele><time>2023-02-14T06:37:33Z</time></trkpt><trkpt lat="28.111069" lon="85.335707"><ele>3193.049</ele><time>2023-02-14T06:37:39Z</time></trkpt><trkpt lat="28.111034" lon="85.335742"><ele>3195.336</ele><time>2023-02-14T06:37:47Z</time></trkpt><trkpt lat="28.111006" lon="85.335785"><ele>3197.367</ele><time>2023-02-14T06:37:58Z</time></trkpt><trkpt lat="28.111029" lon="85.335835"><ele>3198.781</ele><time>2023-02-14T06:38:11Z</time></trkpt><trkpt lat="28.111064" lon="85.335870"><ele>3198.419</ele><time>2023-02-14T06:38:19Z</time></trkpt><trkpt lat="28.111019" lon="85.335925"><ele>3199.309</ele><time>2023-02-14T06:38:42Z</time></trkpt><trkpt lat="28.110989" lon="85.335968"><ele>3201.127</ele><time>2023-02-14T06:38:49Z</time></trkpt><trkpt lat="28.111001" lon="85.336111"><ele>3205.058</ele><time>2023-02-14T06:39:27Z</time></trkpt><trkpt lat="28.111023" lon="85.336159"><ele>3204.422</ele><time>2023-02-14T06:39:40Z</time></trkpt><trkpt lat="28.110928" lon="85.336261"><ele>3203.746</ele><time>2023-02-14T06:40:00Z</time></trkpt><trkpt lat="28.110901" lon="85.336333"><ele>3204.516</ele><time>2023-02-14T06:40:12Z</time></trkpt><trkpt lat="28.110901" lon="85.336388"><ele>3204.090</ele><time>2023-02-14T06:40:23Z</time></trkpt><trkpt lat="28.110913" lon="85.336450"><ele>3204.588</ele><time>2023-02-14T06:40:31Z</time></trkpt><trkpt lat="28.110870" lon="85.336467"><ele>3203.930</ele><time>2023-02-14T06:40:44Z</time></trkpt><trkpt lat="28.110762" lon="85.336479"><ele>3209.177</ele><time>2023-02-14T06:41:04Z</time></trkpt><trkpt lat="28.110717" lon="85.336472"><ele>3210.512</ele><time>2023-02-14T06:41:10Z</time></trkpt><trkpt lat="28.110665" lon="85.336499"><ele>3210.332</ele><time>2023-02-14T06:41:22Z</time></trkpt><trkpt lat="28.110617" lon="85.336516"><ele>3209.905</ele><time>2023-02-14T06:41:31Z</time></trkpt><trkpt lat="28.110594" lon="85.336571"><ele>3209.109</ele><time>2023-02-14T06:41:43Z</time></trkpt><trkpt lat="28.110606" lon="85.336624"><ele>3208.412</ele><time>2023-02-14T06:41:52Z</time></trkpt><trkpt lat="28.110609" lon="85.336681"><ele>3209.813</ele><time>2023-02-14T06:41:59Z</time></trkpt><trkpt lat="28.110579" lon="85.336734"><ele>3212.957</ele><time>2023-02-14T06:42:05Z</time></trkpt><trkpt lat="28.110566" lon="85.336791"><ele>3215.761</ele><time>2023-02-14T06:42:11Z</time></trkpt><trkpt lat="28.110576" lon="85.336846"><ele>3217.991</ele><time>2023-02-14T06:42:17Z</time></trkpt><trkpt lat="28.110593" lon="85.336898"><ele>3219.565</ele><time>2023-02-14T06:42:24Z</time></trkpt><trkpt lat="28.110595" lon="85.336950"><ele>3220.993</ele><time>2023-02-14T06:42:30Z</time></trkpt><trkpt lat="28.110612" lon="85.337002"><ele>3221.695</ele><time>2023-02-14T06:42:40Z</time></trkpt><trkpt lat="28.110600" lon="85.337059"><ele>3222.842</ele><time>2023-02-14T06:42:47Z</time></trkpt><trkpt lat="28.110602" lon="85.337112"><ele>3223.884</ele><time>2023-02-14T06:42:53Z</time></trkpt><trkpt lat="28.110602" lon="85.337167"><ele>3224.507</ele><time>2023-02-14T06:42:58Z</time></trkpt><trkpt lat="28.110615" lon="85.337224"><ele>3224.717</ele><time>2023-02-14T06:43:06Z</time></trkpt><trkpt lat="28.110610" lon="85.337282"><ele>3224.309</ele><time>2023-02-14T06:43:12Z</time></trkpt><trkpt lat="28.110615" lon="85.337337"><ele>3224.529</ele><time>2023-02-14T06:43:17Z</time></trkpt><trkpt lat="28.110602" lon="85.337394"><ele>3224.660</ele><time>2023-02-14T06:43:22Z</time></trkpt><trkpt lat="28.110614" lon="85.337447"><ele>3225.094</ele><time>2023-02-14T06:43:29Z</time></trkpt><trkpt lat="28.110614" lon="85.337509"><ele>3225.588</ele><time>2023-02-14T06:43:35Z</time></trkpt><trkpt lat="28.110617" lon="85.337569"><ele>3226.538</ele><time>2023-02-14T06:43:41Z</time></trkpt><trkpt lat="28.110632" lon="85.337619"><ele>3226.422</ele><time>2023-02-14T06:43:46Z</time></trkpt><trkpt lat="28.110650" lon="85.337666"><ele>3225.430</ele><time>2023-02-14T06:43:53Z</time></trkpt><trkpt lat="28.110652" lon="85.337719"><ele>3225.762</ele><time>2023-02-14T06:43:59Z</time></trkpt><trkpt lat="28.110569" lon="85.337792"><ele>3230.099</ele><time>2023-02-14T06:44:05Z</time></trkpt><trkpt lat="28.110549" lon="85.337840"><ele>3229.674</ele><time>2023-02-14T06:44:11Z</time></trkpt><trkpt lat="28.110521" lon="85.337883"><ele>3229.356</ele><time>2023-02-14T06:44:16Z</time></trkpt><trkpt lat="28.110511" lon="85.337938"><ele>3228.621</ele><time>2023-02-14T06:44:23Z</time></trkpt><trkpt lat="28.110524" lon="85.337993"><ele>3228.009</ele><time>2023-02-14T06:44:30Z</time></trkpt><trkpt lat="28.110519" lon="85.338050"><ele>3228.718</ele><time>2023-02-14T06:44:38Z</time></trkpt><trkpt lat="28.110509" lon="85.338103"><ele>3228.439</ele><time>2023-02-14T06:44:44Z</time></trkpt><trkpt lat="28.110481" lon="85.338155"><ele>3227.583</ele><time>2023-02-14T06:44:49Z</time></trkpt><trkpt lat="28.110451" lon="85.338198"><ele>3228.147</ele><time>2023-02-14T06:44:53Z</time></trkpt><trkpt lat="28.110429" lon="85.338243"><ele>3228.337</ele><time>2023-02-14T06:44:59Z</time></trkpt><trkpt lat="28.110399" lon="85.338303"><ele>3229.881</ele><time>2023-02-14T06:45:08Z</time></trkpt><trkpt lat="28.110407" lon="85.338356"><ele>3226.439</ele><time>2023-02-14T06:45:19Z</time></trkpt><trkpt lat="28.110407" lon="85.338416"><ele>3228.011</ele><time>2023-02-14T06:45:25Z</time></trkpt><trkpt lat="28.110409" lon="85.338468"><ele>3230.228</ele><time>2023-02-14T06:45:33Z</time></trkpt><trkpt lat="28.110434" lon="85.338511"><ele>3232.767</ele><time>2023-02-14T06:45:42Z</time></trkpt><trkpt lat="28.110456" lon="85.338559"><ele>3234.081</ele><time>2023-02-14T06:45:49Z</time></trkpt><trkpt lat="28.110446" lon="85.338621"><ele>3235.319</ele><time>2023-02-14T06:45:56Z</time></trkpt><trkpt lat="28.110446" lon="85.338676"><ele>3238.009</ele><time>2023-02-14T06:46:05Z</time></trkpt><trkpt lat="28.110451" lon="85.338729"><ele>3236.927</ele><time>2023-02-14T06:46:44Z</time></trkpt><trkpt lat="28.110486" lon="85.338771"><ele>3239.328</ele><time>2023-02-14T06:46:54Z</time></trkpt><trkpt lat="28.110536" lon="85.338771"><ele>3240.052</ele><time>2023-02-14T06:47:01Z</time></trkpt><trkpt lat="28.110571" lon="85.338733"><ele>3239.566</ele><time>2023-02-14T06:47:08Z</time></trkpt><trkpt lat="28.110609" lon="85.338761"><ele>3241.146</ele><time>2023-02-14T06:47:18Z</time></trkpt><trkpt lat="28.110654" lon="85.338758"><ele>3240.770</ele><time>2023-02-14T06:47:33Z</time></trkpt><trkpt lat="28.110669" lon="85.338808"><ele>3242.148</ele><time>2023-02-14T06:47:45Z</time></trkpt><trkpt lat="28.110716" lon="85.338805"><ele>3243.240</ele><time>2023-02-14T06:47:54Z</time></trkpt><trkpt lat="28.110766" lon="85.338788"><ele>3246.567</ele><time>2023-02-14T06:48:10Z</time></trkpt><trkpt lat="28.110766" lon="85.338840"><ele>3246.892</ele><time>2023-02-14T06:48:16Z</time></trkpt><trkpt lat="28.110773" lon="85.338893"><ele>3249.973</ele><time>2023-02-14T06:48:22Z</time></trkpt><trkpt lat="28.110770" lon="85.338945"><ele>3253.620</ele><time>2023-02-14T06:48:31Z</time></trkpt><trkpt lat="28.110750" lon="85.338995"><ele>3253.409</ele><time>2023-02-14T06:48:40Z</time></trkpt><trkpt lat="28.110783" lon="85.339033"><ele>3256.730</ele><time>2023-02-14T06:49:00Z</time></trkpt><trkpt lat="28.110785" lon="85.339148"><ele>3290.531</ele><time>2023-02-14T06:49:03Z</time></trkpt><trkpt lat="28.110735" lon="85.339200"><ele>3313.165</ele><time>2023-02-14T06:49:07Z</time></trkpt><trkpt lat="28.110717" lon="85.339152"><ele>3297.689</ele><time>2023-02-14T06:49:30Z</time></trkpt><trkpt lat="28.110744" lon="85.339267"><ele>3295.129</ele><time>2023-02-14T06:50:07Z</time></trkpt><trkpt lat="28.110719" lon="85.339167"><ele>3279.183</ele><time>2023-02-14T06:50:23Z</time></trkpt><trkpt lat="28.110744" lon="85.339212"><ele>3263.541</ele><time>2023-02-14T06:52:04Z</time></trkpt><trkpt lat="28.110789" lon="85.339230"><ele>3261.353</ele><time>2023-02-14T06:52:10Z</time></trkpt><trkpt lat="28.110751" lon="85.339258"><ele>3260.640</ele><time>2023-02-14T06:52:15Z</time></trkpt><trkpt lat="28.110744" lon="85.339311"><ele>3263.169</ele><time>2023-02-14T06:52:24Z</time></trkpt><trkpt lat="28.110722" lon="85.339364"><ele>3263.304</ele><time>2023-02-14T06:52:30Z</time></trkpt><trkpt lat="28.110710" lon="85.339416"><ele>3263.624</ele><time>2023-02-14T06:52:35Z</time></trkpt><trkpt lat="28.110695" lon="85.339466"><ele>3263.409</ele><time>2023-02-14T06:52:40Z</time></trkpt><trkpt lat="28.110690" lon="85.339521"><ele>3263.657</ele><time>2023-02-14T06:52:47Z</time></trkpt><trkpt lat="28.110667" lon="85.339568"><ele>3261.658</ele><time>2023-02-14T06:52:53Z</time></trkpt><trkpt lat="28.110655" lon="85.339621"><ele>3260.832</ele><time>2023-02-14T06:53:02Z</time></trkpt><trkpt lat="28.110655" lon="85.339673"><ele>3262.066</ele><time>2023-02-14T06:53:08Z</time></trkpt><trkpt lat="28.110652" lon="85.339731"><ele>3262.016</ele><time>2023-02-14T06:53:15Z</time></trkpt><trkpt lat="28.110647" lon="85.339786"><ele>3261.860</ele><time>2023-02-14T06:53:20Z</time></trkpt><trkpt lat="28.110644" lon="85.339838"><ele>3262.858</ele><time>2023-02-14T06:53:25Z</time></trkpt><trkpt lat="28.110636" lon="85.339893"><ele>3264.270</ele><time>2023-02-14T06:53:31Z</time></trkpt><trkpt lat="28.110641" lon="85.339945"><ele>3266.397</ele><time>2023-02-14T06:53:39Z</time></trkpt><trkpt lat="28.110668" lon="85.339990"><ele>3266.523</ele><time>2023-02-14T06:54:07Z</time></trkpt><trkpt lat="28.110700" lon="85.339945"><ele>3274.783</ele><time>2023-02-14T07:55:26Z</time></trkpt><trkpt lat="28.110573" lon="85.339978"><ele>3309.911</ele><time>2023-02-14T07:58:56Z</time></trkpt><trkpt lat="28.110640" lon="85.339996"><ele>3290.909</ele><time>2023-02-14T07:59:12Z</time></trkpt><trkpt lat="28.110675" lon="85.340039"><ele>3286.893</ele><time>2023-02-14T07:59:19Z</time></trkpt><trkpt lat="28.110705" lon="85.340081"><ele>3283.394</ele><time>2023-02-14T07:59:23Z</time></trkpt><trkpt lat="28.110745" lon="85.340106"><ele>3278.568</ele><time>2023-02-14T07:59:31Z</time></trkpt><trkpt lat="28.110722" lon="85.340158"><ele>3275.122</ele><time>2023-02-14T07:59:41Z</time></trkpt><trkpt lat="28.110680" lon="85.340185"><ele>3272.732</ele><time>2023-02-14T07:59:48Z</time></trkpt><trkpt lat="28.110622" lon="85.340203"><ele>3292.956</ele><time>2023-02-14T07:59:56Z</time></trkpt><trkpt lat="28.110667" lon="85.340188"><ele>3293.944</ele><time>2023-02-14T08:00:03Z</time></trkpt><trkpt lat="28.110655" lon="85.340246"><ele>3283.976</ele><time>2023-02-14T08:00:16Z</time></trkpt><trkpt lat="28.110663" lon="85.340304"><ele>3277.863</ele><time>2023-02-14T08:00:21Z</time></trkpt><trkpt lat="28.110641" lon="85.340386"><ele>3296.247</ele><time>2023-02-14T08:00:33Z</time></trkpt><trkpt lat="28.110609" lon="85.340494"><ele>3322.529</ele><time>2023-02-14T08:00:37Z</time></trkpt><trkpt lat="28.110651" lon="85.340532"><ele>3304.621</ele><time>2023-02-14T08:00:48Z</time></trkpt><trkpt lat="28.110708" lon="85.340540"><ele>3291.309</ele><time>2023-02-14T08:00:53Z</time></trkpt><trkpt lat="28.110768" lon="85.340557"><ele>3285.875</ele><time>2023-02-14T08:00:56Z</time></trkpt><trkpt lat="28.110780" lon="85.340609"><ele>3274.176</ele><time>2023-02-14T08:01:03Z</time></trkpt><trkpt lat="28.110825" lon="85.340617"><ele>3268.060</ele><time>2023-02-14T08:01:14Z</time></trkpt><trkpt lat="28.110892" lon="85.340640"><ele>3267.944</ele><time>2023-02-14T08:01:32Z</time></trkpt><trkpt lat="28.110929" lon="85.340702"><ele>3264.574</ele><time>2023-02-14T08:02:06Z</time></trkpt><trkpt lat="28.110979" lon="85.340715"><ele>3263.388</ele><time>2023-02-14T08:02:18Z</time></trkpt><trkpt lat="28.111004" lon="85.340763"><ele>3263.256</ele><time>2023-02-14T08:02:24Z</time></trkpt><trkpt lat="28.111022" lon="85.340815"><ele>3262.718</ele><time>2023-02-14T08:02:31Z</time></trkpt><trkpt lat="28.111042" lon="85.340863"><ele>3263.325</ele><time>2023-02-14T08:02:38Z</time></trkpt><trkpt lat="28.111057" lon="85.340915"><ele>3262.523</ele><time>2023-02-14T08:02:45Z</time></trkpt><trkpt lat="28.111025" lon="85.341008"><ele>3269.283</ele><time>2023-02-14T08:02:47Z</time></trkpt><trkpt lat="28.111012" lon="85.341061"><ele>3269.811</ele><time>2023-02-14T08:02:52Z</time></trkpt><trkpt lat="28.110969" lon="85.341138"><ele>3282.809</ele><time>2023-02-14T08:02:59Z</time></trkpt><trkpt lat="28.110941" lon="85.341178"><ele>3285.583</ele><time>2023-02-14T08:03:02Z</time></trkpt><trkpt lat="28.110939" lon="85.341231"><ele>3286.294</ele><time>2023-02-14T08:03:07Z</time></trkpt><trkpt lat="28.110916" lon="85.341276"><ele>3285.188</ele><time>2023-02-14T08:03:12Z</time></trkpt><trkpt lat="28.110901" lon="85.341326"><ele>3285.092</ele><time>2023-02-14T08:03:17Z</time></trkpt><trkpt lat="28.110886" lon="85.341374"><ele>3286.082</ele><time>2023-02-14T08:03:25Z</time></trkpt><trkpt lat="28.110883" lon="85.341427"><ele>3287.246</ele><time>2023-02-14T08:03:36Z</time></trkpt><trkpt lat="28.110840" lon="85.341460"><ele>3287.524</ele><time>2023-02-14T08:03:42Z</time></trkpt><trkpt lat="28.110810" lon="85.341502"><ele>3287.436</ele><time>2023-02-14T08:03:48Z</time></trkpt><trkpt lat="28.110793" lon="85.341552"><ele>3288.173</ele><time>2023-02-14T08:03:57Z</time></trkpt><trkpt lat="28.110760" lon="85.341602"><ele>3289.173</ele><time>2023-02-14T08:04:05Z</time></trkpt><trkpt lat="28.110725" lon="85.341649"><ele>3290.485</ele><time>2023-02-14T08:04:10Z</time></trkpt><trkpt lat="28.110695" lon="85.341687"><ele>3291.813</ele><time>2023-02-14T08:04:16Z</time></trkpt><trkpt lat="28.110690" lon="85.341740"><ele>3291.509</ele><time>2023-02-14T08:04:24Z</time></trkpt><trkpt lat="28.110693" lon="85.341793"><ele>3289.218</ele><time>2023-02-14T08:04:39Z</time></trkpt><trkpt lat="28.110681" lon="85.341845"><ele>3290.199</ele><time>2023-02-14T08:04:49Z</time></trkpt><trkpt lat="28.110658" lon="85.341893"><ele>3290.553</ele><time>2023-02-14T08:04:56Z</time></trkpt><trkpt lat="28.110688" lon="85.341935"><ele>3289.927</ele><time>2023-02-14T08:05:16Z</time></trkpt><trkpt lat="28.110675" lon="85.341988"><ele>3289.667</ele><time>2023-02-14T08:05:23Z</time></trkpt><trkpt lat="28.110663" lon="85.342046"><ele>3290.041</ele><time>2023-02-14T08:05:30Z</time></trkpt><trkpt lat="28.110640" lon="85.342096"><ele>3291.119</ele><time>2023-02-14T08:05:35Z</time></trkpt><trkpt lat="28.110635" lon="85.342151"><ele>3291.411</ele><time>2023-02-14T08:05:41Z</time></trkpt><trkpt lat="28.110613" lon="85.342208"><ele>3291.688</ele><time>2023-02-14T08:05:47Z</time></trkpt><trkpt lat="28.110593" lon="85.342260"><ele>3291.917</ele><time>2023-02-14T08:05:54Z</time></trkpt><trkpt lat="28.110565" lon="85.342312"><ele>3292.887</ele><time>2023-02-14T08:06:00Z</time></trkpt><trkpt lat="28.110543" lon="85.342360"><ele>3293.415</ele><time>2023-02-14T08:06:07Z</time></trkpt><trkpt lat="28.110510" lon="85.342410"><ele>3295.109</ele><time>2023-02-14T08:06:15Z</time></trkpt><trkpt lat="28.110487" lon="85.342455"><ele>3296.162</ele><time>2023-02-14T08:06:22Z</time></trkpt><trkpt lat="28.110507" lon="85.342508"><ele>3297.333</ele><time>2023-02-14T08:06:43Z</time></trkpt><trkpt lat="28.110455" lon="85.342528"><ele>3315.517</ele><time>2023-02-14T08:06:47Z</time></trkpt><trkpt lat="28.110497" lon="85.342615"><ele>3344.521</ele><time>2023-02-14T08:06:50Z</time></trkpt><trkpt lat="28.110454" lon="85.342640"><ele>3360.781</ele><time>2023-02-14T08:06:53Z</time></trkpt><trkpt lat="28.110464" lon="85.342690"><ele>3375.835</ele><time>2023-02-14T08:06:56Z</time></trkpt><trkpt lat="28.110421" lon="85.342715"><ele>3368.163</ele><time>2023-02-14T08:07:03Z</time></trkpt><trkpt lat="28.110413" lon="85.342663"><ele>3353.985</ele><time>2023-02-14T08:07:12Z</time></trkpt><trkpt lat="28.110445" lon="85.342603"><ele>3333.382</ele><time>2023-02-14T08:07:21Z</time></trkpt><trkpt lat="28.110467" lon="85.342671"><ele>3315.425</ele><time>2023-02-14T08:07:36Z</time></trkpt><trkpt lat="28.110459" lon="85.342731"><ele>3311.826</ele><time>2023-02-14T08:07:44Z</time></trkpt><trkpt lat="28.110451" lon="85.342786"><ele>3311.708</ele><time>2023-02-14T08:07:57Z</time></trkpt><trkpt lat="28.110433" lon="85.342848"><ele>3310.109</ele><time>2023-02-14T08:08:17Z</time></trkpt><trkpt lat="28.110431" lon="85.342905"><ele>3310.273</ele><time>2023-02-14T08:08:33Z</time></trkpt><trkpt lat="28.110414" lon="85.342958"><ele>3311.384</ele><time>2023-02-14T08:08:52Z</time></trkpt><trkpt lat="28.110406" lon="85.343015"><ele>3311.298</ele><time>2023-02-14T08:09:04Z</time></trkpt><trkpt lat="28.110383" lon="85.343063"><ele>3311.222</ele><time>2023-02-14T08:09:13Z</time></trkpt><trkpt lat="28.110350" lon="85.343108"><ele>3309.582</ele><time>2023-02-14T08:09:20Z</time></trkpt><trkpt lat="28.110320" lon="85.343148"><ele>3308.546</ele><time>2023-02-14T08:09:25Z</time></trkpt><trkpt lat="28.110285" lon="85.343185"><ele>3306.714</ele><time>2023-02-14T08:09:34Z</time></trkpt><trkpt lat="28.110242" lon="85.343167"><ele>3315.866</ele><time>2023-02-14T08:10:32Z</time></trkpt><trkpt lat="28.110202" lon="85.343197"><ele>3318.513</ele><time>2023-02-14T08:10:39Z</time></trkpt><trkpt lat="28.110170" lon="85.343234"><ele>3318.656</ele><time>2023-02-14T08:10:45Z</time></trkpt><trkpt lat="28.110150" lon="85.343289"><ele>3319.359</ele><time>2023-02-14T08:10:53Z</time></trkpt><trkpt lat="28.110123" lon="85.343334"><ele>3318.814</ele><time>2023-02-14T08:10:59Z</time></trkpt><trkpt lat="28.110093" lon="85.343382"><ele>3318.809</ele><time>2023-02-14T08:11:06Z</time></trkpt><trkpt lat="28.110063" lon="85.343427"><ele>3319.546</ele><time>2023-02-14T08:11:12Z</time></trkpt><trkpt lat="28.110026" lon="85.343467"><ele>3319.387</ele><time>2023-02-14T08:11:23Z</time></trkpt><trkpt lat="28.109988" lon="85.343502"><ele>3318.961</ele><time>2023-02-14T08:11:30Z</time></trkpt><trkpt lat="28.109960" lon="85.343544"><ele>3318.585</ele><time>2023-02-14T08:11:37Z</time></trkpt><trkpt lat="28.109937" lon="85.343591"><ele>3318.045</ele><time>2023-02-14T08:11:45Z</time></trkpt><trkpt lat="28.109909" lon="85.343634"><ele>3317.969</ele><time>2023-02-14T08:11:52Z</time></trkpt><trkpt lat="28.109871" lon="85.343669"><ele>3318.627</ele><time>2023-02-14T08:12:00Z</time></trkpt><trkpt lat="28.109849" lon="85.343724"><ele>3319.199</ele><time>2023-02-14T08:12:10Z</time></trkpt><trkpt lat="28.109802" lon="85.343734"><ele>3318.926</ele><time>2023-02-14T08:12:16Z</time></trkpt><trkpt lat="28.109769" lon="85.343784"><ele>3318.022</ele><time>2023-02-14T08:12:30Z</time></trkpt><trkpt lat="28.109721" lon="85.343802"><ele>3316.662</ele><time>2023-02-14T08:12:38Z</time></trkpt><trkpt lat="28.109671" lon="85.343805"><ele>3316.608</ele><time>2023-02-14T08:12:46Z</time></trkpt><trkpt lat="28.109621" lon="85.343795"><ele>3319.109</ele><time>2023-02-14T08:12:52Z</time></trkpt><trkpt lat="28.109591" lon="85.343837"><ele>3322.723</ele><time>2023-02-14T08:13:03Z</time></trkpt><trkpt lat="28.109549" lon="85.343859"><ele>3326.374</ele><time>2023-02-14T08:13:12Z</time></trkpt><trkpt lat="28.109506" lon="85.343887"><ele>3328.748</ele><time>2023-02-14T08:13:17Z</time></trkpt><trkpt lat="28.109468" lon="85.343919"><ele>3332.222</ele><time>2023-02-14T08:13:24Z</time></trkpt><trkpt lat="28.109471" lon="85.343984"><ele>3342.712</ele><time>2023-02-14T08:13:47Z</time></trkpt><trkpt lat="28.109424" lon="85.344006"><ele>3359.526</ele><time>2023-02-14T08:13:55Z</time></trkpt><trkpt lat="28.109462" lon="85.343976"><ele>3354.214</ele><time>2023-02-14T08:14:16Z</time></trkpt><trkpt lat="28.109422" lon="85.344009"><ele>3349.696</ele><time>2023-02-14T08:14:22Z</time></trkpt><trkpt lat="28.109397" lon="85.344062"><ele>3343.363</ele><time>2023-02-14T08:14:34Z</time></trkpt><trkpt lat="28.109350" lon="85.344095"><ele>3342.058</ele><time>2023-02-14T08:14:40Z</time></trkpt><trkpt lat="28.109317" lon="85.344132"><ele>3342.752</ele><time>2023-02-14T08:14:48Z</time></trkpt><trkpt lat="28.109269" lon="85.344152"><ele>3342.117</ele><time>2023-02-14T08:14:57Z</time></trkpt><trkpt lat="28.109232" lon="85.344190"><ele>3343.809</ele><time>2023-02-14T08:15:05Z</time></trkpt><trkpt lat="28.109199" lon="85.344227"><ele>3345.186</ele><time>2023-02-14T08:15:10Z</time></trkpt><trkpt lat="28.109164" lon="85.344274"><ele>3346.637</ele><time>2023-02-14T08:15:16Z</time></trkpt><trkpt lat="28.109127" lon="85.344314"><ele>3347.071</ele><time>2023-02-14T08:15:22Z</time></trkpt><trkpt lat="28.109092" lon="85.344349"><ele>3347.025</ele><time>2023-02-14T08:15:27Z</time></trkpt><trkpt lat="28.108969" lon="85.344391"><ele>3358.385</ele><time>2023-02-14T08:15:33Z</time></trkpt><trkpt lat="28.108961" lon="85.344449"><ele>3355.489</ele><time>2023-02-14T08:15:45Z</time></trkpt><trkpt lat="28.108926" lon="85.344482"><ele>3351.167</ele><time>2023-02-14T08:15:50Z</time></trkpt><trkpt lat="28.108876" lon="85.344509"><ele>3349.629</ele><time>2023-02-14T08:15:54Z</time></trkpt><trkpt lat="28.108831" lon="85.344532"><ele>3347.546</ele><time>2023-02-14T08:15:59Z</time></trkpt><trkpt lat="28.108791" lon="85.344562"><ele>3346.173</ele><time>2023-02-14T08:16:03Z</time></trkpt><trkpt lat="28.108758" lon="85.344609"><ele>3344.785</ele><time>2023-02-14T08:16:08Z</time></trkpt><trkpt lat="28.108733" lon="85.344654"><ele>3343.313</ele><time>2023-02-14T08:16:12Z</time></trkpt><trkpt lat="28.108706" lon="85.344704"><ele>3342.309</ele><time>2023-02-14T08:16:17Z</time></trkpt><trkpt lat="28.108679" lon="85.344759"><ele>3342.188</ele><time>2023-02-14T08:16:22Z</time></trkpt><trkpt lat="28.108644" lon="85.344794"><ele>3342.129</ele><time>2023-02-14T08:16:26Z</time></trkpt><trkpt lat="28.108601" lon="85.344829"><ele>3342.353</ele><time>2023-02-14T08:16:31Z</time></trkpt><trkpt lat="28.108556" lon="85.344859"><ele>3341.297</ele><time>2023-02-14T08:16:36Z</time></trkpt><trkpt lat="28.108516" lon="85.344882"><ele>3340.247</ele><time>2023-02-14T08:16:41Z</time></trkpt><trkpt lat="28.108479" lon="85.344915"><ele>3340.071</ele><time>2023-02-14T08:16:46Z</time></trkpt><trkpt lat="28.108432" lon="85.344938"><ele>3340.579</ele><time>2023-02-14T08:16:52Z</time></trkpt><trkpt lat="28.108380" lon="85.344946"><ele>3340.561</ele><time>2023-02-14T08:16:57Z</time></trkpt><trkpt lat="28.108332" lon="85.344956"><ele>3342.288</ele><time>2023-02-14T08:17:02Z</time></trkpt><trkpt lat="28.108290" lon="85.344984"><ele>3346.191</ele><time>2023-02-14T08:17:10Z</time></trkpt><trkpt lat="28.108253" lon="85.345022"><ele>3346.381</ele><time>2023-02-14T08:17:15Z</time></trkpt><trkpt lat="28.108218" lon="85.345064"><ele>3346.119</ele><time>2023-02-14T08:17:20Z</time></trkpt><trkpt lat="28.108181" lon="85.345106"><ele>3346.309</ele><time>2023-02-14T08:17:25Z</time></trkpt><trkpt lat="28.108149" lon="85.345149"><ele>3347.690</ele><time>2023-02-14T08:17:32Z</time></trkpt><trkpt lat="28.108119" lon="85.345194"><ele>3350.011</ele><time>2023-02-14T08:17:39Z</time></trkpt><trkpt lat="28.108076" lon="85.345234"><ele>3350.895</ele><time>2023-02-14T08:17:44Z</time></trkpt><trkpt lat="28.108034" lon="85.345257"><ele>3351.619</ele><time>2023-02-14T08:17:49Z</time></trkpt><trkpt lat="28.107992" lon="85.345294"><ele>3351.839</ele><time>2023-02-14T08:17:54Z</time></trkpt><trkpt lat="28.107954" lon="85.345327"><ele>3353.153</ele><time>2023-02-14T08:18:00Z</time></trkpt><trkpt lat="28.107916" lon="85.345357"><ele>3353.371</ele><time>2023-02-14T08:18:05Z</time></trkpt><trkpt lat="28.107874" lon="85.345379"><ele>3353.083</ele><time>2023-02-14T08:18:09Z</time></trkpt><trkpt lat="28.107834" lon="85.345412"><ele>3353.260</ele><time>2023-02-14T08:18:15Z</time></trkpt><trkpt lat="28.107792" lon="85.345432"><ele>3353.661</ele><time>2023-02-14T08:18:22Z</time></trkpt><trkpt lat="28.107749" lon="85.345465"><ele>3354.121</ele><time>2023-02-14T08:18:28Z</time></trkpt><trkpt lat="28.107704" lon="85.345487"><ele>3354.013</ele><time>2023-02-14T08:18:34Z</time></trkpt><trkpt lat="28.107662" lon="85.345509"><ele>3352.409</ele><time>2023-02-14T08:18:41Z</time></trkpt><trkpt lat="28.107620" lon="85.345529"><ele>3349.937</ele><time>2023-02-14T08:18:47Z</time></trkpt><trkpt lat="28.107572" lon="85.345549"><ele>3347.688</ele><time>2023-02-14T08:18:53Z</time></trkpt><trkpt lat="28.107544" lon="85.345599"><ele>3345.872</ele><time>2023-02-14T08:19:02Z</time></trkpt><trkpt lat="28.107526" lon="85.345646"><ele>3345.256</ele><time>2023-02-14T08:19:07Z</time></trkpt><trkpt lat="28.107496" lon="85.345686"><ele>3346.326</ele><time>2023-02-14T08:19:14Z</time></trkpt><trkpt lat="28.107469" lon="85.345736"><ele>3349.390</ele><time>2023-02-14T08:19:28Z</time></trkpt><trkpt lat="28.107446" lon="85.345783"><ele>3350.968</ele><time>2023-02-14T08:19:35Z</time></trkpt><trkpt lat="28.107413" lon="85.345826"><ele>3352.090</ele><time>2023-02-14T08:19:44Z</time></trkpt><trkpt lat="28.107376" lon="85.345858"><ele>3352.967</ele><time>2023-02-14T08:19:52Z</time></trkpt><trkpt lat="28.107343" lon="85.345898"><ele>3353.543</ele><time>2023-02-14T08:20:00Z</time></trkpt><trkpt lat="28.107303" lon="85.345923"><ele>3353.964</ele><time>2023-02-14T08:20:11Z</time></trkpt><trkpt lat="28.107261" lon="85.345951"><ele>3354.910</ele><time>2023-02-14T08:20:20Z</time></trkpt><trkpt lat="28.107238" lon="85.346001"><ele>3358.209</ele><time>2023-02-14T08:20:51Z</time></trkpt><trkpt lat="28.107210" lon="85.346044"><ele>3357.145</ele><time>2023-02-14T08:20:57Z</time></trkpt><trkpt lat="28.107175" lon="85.346081"><ele>3356.196</ele><time>2023-02-14T08:21:05Z</time></trkpt><trkpt lat="28.107132" lon="85.346096"><ele>3356.060</ele><time>2023-02-14T08:21:14Z</time></trkpt><trkpt lat="28.107085" lon="85.346091"><ele>3357.264</ele><time>2023-02-14T08:21:19Z</time></trkpt><trkpt lat="28.107040" lon="85.346096"><ele>3357.964</ele><time>2023-02-14T08:21:25Z</time></trkpt><trkpt lat="28.106998" lon="85.346118"><ele>3357.788</ele><time>2023-02-14T08:21:31Z</time></trkpt><trkpt lat="28.106956" lon="85.346140"><ele>3357.816</ele><time>2023-02-14T08:21:37Z</time></trkpt><trkpt lat="28.106914" lon="85.346163"><ele>3357.878</ele><time>2023-02-14T08:21:43Z</time></trkpt><trkpt lat="28.106866" lon="85.346193"><ele>3358.555</ele><time>2023-02-14T08:21:49Z</time></trkpt><trkpt lat="28.106821" lon="85.346203"><ele>3359.946</ele><time>2023-02-14T08:21:54Z</time></trkpt><trkpt lat="28.106776" lon="85.346216"><ele>3360.888</ele><time>2023-02-14T08:22:00Z</time></trkpt><trkpt lat="28.106729" lon="85.346228"><ele>3360.216</ele><time>2023-02-14T08:22:06Z</time></trkpt><trkpt lat="28.106682" lon="85.346248"><ele>3362.909</ele><time>2023-02-14T08:22:12Z</time></trkpt><trkpt lat="28.106630" lon="85.346263"><ele>3364.685</ele><time>2023-02-14T08:22:17Z</time></trkpt><trkpt lat="28.106587" lon="85.346280"><ele>3364.786</ele><time>2023-02-14T08:22:22Z</time></trkpt><trkpt lat="28.106540" lon="85.346292"><ele>3364.970</ele><time>2023-02-14T08:22:26Z</time></trkpt><trkpt lat="28.106503" lon="85.346330"><ele>3366.644</ele><time>2023-02-14T08:22:33Z</time></trkpt><trkpt lat="28.106465" lon="85.346365"><ele>3367.784</ele><time>2023-02-14T08:22:38Z</time></trkpt><trkpt lat="28.106422" lon="85.346388"><ele>3368.758</ele><time>2023-02-14T08:22:42Z</time></trkpt><trkpt lat="28.106387" lon="85.346426"><ele>3370.246</ele><time>2023-02-14T08:22:48Z</time></trkpt><trkpt lat="28.106349" lon="85.346459"><ele>3372.698</ele><time>2023-02-14T08:22:55Z</time></trkpt><trkpt lat="28.106314" lon="85.346504"><ele>3374.255</ele><time>2023-02-14T08:23:02Z</time></trkpt><trkpt lat="28.106271" lon="85.346537"><ele>3375.078</ele><time>2023-02-14T08:23:07Z</time></trkpt><trkpt lat="28.106231" lon="85.346560"><ele>3375.833</ele><time>2023-02-14T08:23:12Z</time></trkpt><trkpt lat="28.106181" lon="85.346568"><ele>3376.926</ele><time>2023-02-14T08:23:19Z</time></trkpt><trkpt lat="28.106151" lon="85.346616"><ele>3377.509</ele><time>2023-02-14T08:23:25Z</time></trkpt><trkpt lat="28.106173" lon="85.346676"><ele>3380.138</ele><time>2023-02-14T08:23:38Z</time></trkpt><trkpt lat="28.106170" lon="85.346734"><ele>3382.859</ele><time>2023-02-14T08:23:42Z</time></trkpt><trkpt lat="28.106190" lon="85.346782"><ele>3386.753</ele><time>2023-02-14T08:23:50Z</time></trkpt><trkpt lat="28.106212" lon="85.346832"><ele>3386.377</ele><time>2023-02-14T08:23:56Z</time></trkpt><trkpt lat="28.106207" lon="85.346884"><ele>3387.167</ele><time>2023-02-14T08:24:03Z</time></trkpt><trkpt lat="28.106204" lon="85.346936"><ele>3389.471</ele><time>2023-02-14T08:24:10Z</time></trkpt><trkpt lat="28.106199" lon="85.346994"><ele>3389.379</ele><time>2023-02-14T08:24:15Z</time></trkpt><trkpt lat="28.106217" lon="85.347042"><ele>3389.661</ele><time>2023-02-14T08:24:20Z</time></trkpt><trkpt lat="28.106237" lon="85.347097"><ele>3389.678</ele><time>2023-02-14T08:24:26Z</time></trkpt><trkpt lat="28.106265" lon="85.347145"><ele>3387.154</ele><time>2023-02-14T08:24:32Z</time></trkpt><trkpt lat="28.106268" lon="85.347208"><ele>3386.456</ele><time>2023-02-14T08:24:37Z</time></trkpt><trkpt lat="28.106266" lon="85.347270"><ele>3386.711</ele><time>2023-02-14T08:24:42Z</time></trkpt><trkpt lat="28.106271" lon="85.347327"><ele>3386.509</ele><time>2023-02-14T08:24:47Z</time></trkpt><trkpt lat="28.106266" lon="85.347390"><ele>3385.636</ele><time>2023-02-14T08:24:52Z</time></trkpt><trkpt lat="28.106273" lon="85.347442"><ele>3385.257</ele><time>2023-02-14T08:24:57Z</time></trkpt><trkpt lat="28.106203" lon="85.347482"><ele>3400.081</ele><time>2023-02-14T08:25:01Z</time></trkpt><trkpt lat="28.106198" lon="85.347539"><ele>3399.575</ele><time>2023-02-14T08:25:10Z</time></trkpt><trkpt lat="28.106191" lon="85.347597"><ele>3398.865</ele><time>2023-02-14T08:25:17Z</time></trkpt><trkpt lat="28.106174" lon="85.347645"><ele>3399.129</ele><time>2023-02-14T08:25:25Z</time></trkpt><trkpt lat="28.106169" lon="85.347697"><ele>3399.797</ele><time>2023-02-14T08:25:34Z</time></trkpt><trkpt lat="28.106122" lon="85.347767"><ele>3400.679</ele><time>2023-02-14T08:25:53Z</time></trkpt><trkpt lat="28.106112" lon="85.347820"><ele>3400.596</ele><time>2023-02-14T08:26:02Z</time></trkpt><trkpt lat="28.106112" lon="85.347880"><ele>3401.617</ele><time>2023-02-14T08:26:09Z</time></trkpt><trkpt lat="28.106100" lon="85.347935"><ele>3403.587</ele><time>2023-02-14T08:26:17Z</time></trkpt><trkpt lat="28.106102" lon="85.347992"><ele>3404.515</ele><time>2023-02-14T08:26:25Z</time></trkpt><trkpt lat="28.106117" lon="85.348044"><ele>3405.409</ele><time>2023-02-14T08:26:32Z</time></trkpt><trkpt lat="28.106105" lon="85.348094"><ele>3406.532</ele><time>2023-02-14T08:26:40Z</time></trkpt><trkpt lat="28.106115" lon="85.348147"><ele>3406.683</ele><time>2023-02-14T08:26:46Z</time></trkpt><trkpt lat="28.106122" lon="85.348207"><ele>3407.317</ele><time>2023-02-14T08:26:55Z</time></trkpt><trkpt lat="28.106124" lon="85.348265"><ele>3406.841</ele><time>2023-02-14T08:27:03Z</time></trkpt><trkpt lat="28.106134" lon="85.348348"><ele>3407.981</ele><time>2023-02-14T08:27:16Z</time></trkpt><trkpt lat="28.106089" lon="85.348463"><ele>3406.225</ele><time>2023-02-14T08:27:42Z</time></trkpt><trkpt lat="28.106077" lon="85.348513"><ele>3406.763</ele><time>2023-02-14T08:27:48Z</time></trkpt><trkpt lat="28.106067" lon="85.348570"><ele>3407.315</ele><time>2023-02-14T08:27:54Z</time></trkpt><trkpt lat="28.106044" lon="85.348617"><ele>3407.612</ele><time>2023-02-14T08:28:01Z</time></trkpt><trkpt lat="28.106037" lon="85.348675"><ele>3408.126</ele><time>2023-02-14T08:28:10Z</time></trkpt><trkpt lat="28.106000" lon="85.348710"><ele>3407.547</ele><time>2023-02-14T08:28:20Z</time></trkpt><trkpt lat="28.105965" lon="85.348775"><ele>3412.711</ele><time>2023-02-14T08:28:37Z</time></trkpt><trkpt lat="28.105977" lon="85.348825"><ele>3415.109</ele><time>2023-02-14T08:28:44Z</time></trkpt><trkpt lat="28.105975" lon="85.348878"><ele>3416.873</ele><time>2023-02-14T08:28:51Z</time></trkpt><trkpt lat="28.105953" lon="85.348923"><ele>3417.244</ele><time>2023-02-14T08:29:02Z</time></trkpt><trkpt lat="28.105941" lon="85.348985"><ele>3417.618</ele><time>2023-02-14T08:29:08Z</time></trkpt><trkpt lat="28.105929" lon="85.349035"><ele>3419.972</ele><time>2023-02-14T08:29:15Z</time></trkpt><trkpt lat="28.105931" lon="85.349093"><ele>3422.672</ele><time>2023-02-14T08:29:22Z</time></trkpt><trkpt lat="28.105921" lon="85.349151"><ele>3423.956</ele><time>2023-02-14T08:29:29Z</time></trkpt><trkpt lat="28.105906" lon="85.349199"><ele>3425.274</ele><time>2023-02-14T08:29:34Z</time></trkpt><trkpt lat="28.105893" lon="85.349251"><ele>3425.846</ele><time>2023-02-14T08:29:39Z</time></trkpt><trkpt lat="28.105878" lon="85.349301"><ele>3426.243</ele><time>2023-02-14T08:29:45Z</time></trkpt><trkpt lat="28.105870" lon="85.349356"><ele>3427.555</ele><time>2023-02-14T08:29:53Z</time></trkpt><trkpt lat="28.105878" lon="85.349416"><ele>3429.507</ele><time>2023-02-14T08:30:00Z</time></trkpt><trkpt lat="28.105881" lon="85.349474"><ele>3430.417</ele><time>2023-02-14T08:30:06Z</time></trkpt><trkpt lat="28.105889" lon="85.349534"><ele>3431.409</ele><time>2023-02-14T08:30:12Z</time></trkpt><trkpt lat="28.105899" lon="85.349586"><ele>3432.346</ele><time>2023-02-14T08:30:18Z</time></trkpt><trkpt lat="28.105914" lon="85.349641"><ele>3431.357</ele><time>2023-02-14T08:30:25Z</time></trkpt><trkpt lat="28.105922" lon="85.349696"><ele>3431.531</ele><time>2023-02-14T08:30:30Z</time></trkpt><trkpt lat="28.105925" lon="85.349748"><ele>3431.925</ele><time>2023-02-14T08:30:36Z</time></trkpt><trkpt lat="28.105920" lon="85.349805"><ele>3433.295</ele><time>2023-02-14T08:30:43Z</time></trkpt><trkpt lat="28.105913" lon="85.349862"><ele>3433.549</ele><time>2023-02-14T08:30:50Z</time></trkpt><trkpt lat="28.105960" lon="85.349920"><ele>3434.487</ele><time>2023-02-14T08:31:03Z</time></trkpt><trkpt lat="28.105982" lon="85.349970"><ele>3434.339</ele><time>2023-02-14T08:31:11Z</time></trkpt><trkpt lat="28.105979" lon="85.350025"><ele>3435.376</ele><time>2023-02-14T08:31:18Z</time></trkpt><trkpt lat="28.105996" lon="85.350073"><ele>3436.829</ele><time>2023-02-14T08:31:25Z</time></trkpt><trkpt lat="28.106014" lon="85.350121"><ele>3436.900</ele><time>2023-02-14T08:31:32Z</time></trkpt><trkpt lat="28.105976" lon="85.350184"><ele>3439.420</ele><time>2023-02-14T08:31:54Z</time></trkpt><trkpt lat="28.105744" lon="85.350381"><ele>3525.909</ele><time>2023-02-14T08:32:37Z</time></trkpt><trkpt lat="28.105781" lon="85.350344"><ele>3520.543</ele><time>2023-02-14T08:32:40Z</time></trkpt><trkpt lat="28.105816" lon="85.350307"><ele>3514.694</ele><time>2023-02-14T08:32:43Z</time></trkpt><trkpt lat="28.105911" lon="85.350257"><ele>3490.698</ele><time>2023-02-14T08:32:55Z</time></trkpt><trkpt lat="28.105956" lon="85.350254"><ele>3479.152</ele><time>2023-02-14T08:33:05Z</time></trkpt><trkpt lat="28.105998" lon="85.350232"><ele>3463.872</ele><time>2023-02-14T08:33:50Z</time></trkpt><trkpt lat="28.106000" lon="85.350287"><ele>3455.186</ele><time>2023-02-14T08:33:56Z</time></trkpt><trkpt lat="28.106015" lon="85.350349"><ele>3453.964</ele><time>2023-02-14T08:34:03Z</time></trkpt><trkpt lat="28.106037" lon="85.350394"><ele>3451.496</ele><time>2023-02-14T08:34:09Z</time></trkpt><trkpt lat="28.106052" lon="85.350451"><ele>3449.193</ele><time>2023-02-14T08:34:14Z</time></trkpt><trkpt lat="28.106070" lon="85.350508"><ele>3446.113</ele><time>2023-02-14T08:34:20Z</time></trkpt><trkpt lat="28.106082" lon="85.350563"><ele>3445.743</ele><time>2023-02-14T08:34:26Z</time></trkpt><trkpt lat="28.106102" lon="85.350620"><ele>3444.207</ele><time>2023-02-14T08:34:32Z</time></trkpt><trkpt lat="28.106104" lon="85.350673"><ele>3443.709</ele><time>2023-02-14T08:34:37Z</time></trkpt><trkpt lat="28.106112" lon="85.350728"><ele>3442.782</ele><time>2023-02-14T08:34:42Z</time></trkpt><trkpt lat="28.106115" lon="85.350786"><ele>3443.063</ele><time>2023-02-14T08:34:47Z</time></trkpt><trkpt lat="28.106125" lon="85.350846"><ele>3443.697</ele><time>2023-02-14T08:34:54Z</time></trkpt><trkpt lat="28.106112" lon="85.350903"><ele>3445.091</ele><time>2023-02-14T08:34:58Z</time></trkpt><trkpt lat="28.106109" lon="85.350956"><ele>3445.021</ele><time>2023-02-14T08:35:03Z</time></trkpt><trkpt lat="28.106092" lon="85.351013"><ele>3446.495</ele><time>2023-02-14T08:35:10Z</time></trkpt><trkpt lat="28.106094" lon="85.351065"><ele>3446.653</ele><time>2023-02-14T08:35:15Z</time></trkpt><trkpt lat="28.106086" lon="85.351125"><ele>3446.635</ele><time>2023-02-14T08:35:21Z</time></trkpt><trkpt lat="28.106084" lon="85.351183"><ele>3447.652</ele><time>2023-02-14T08:35:26Z</time></trkpt><trkpt lat="28.106082" lon="85.351235"><ele>3448.561</ele><time>2023-02-14T08:35:31Z</time></trkpt><trkpt lat="28.106075" lon="85.351295"><ele>3449.021</ele><time>2023-02-14T08:35:37Z</time></trkpt><trkpt lat="28.106075" lon="85.351352"><ele>3450.913</ele><time>2023-02-14T08:35:44Z</time></trkpt><trkpt lat="28.106080" lon="85.351407"><ele>3451.709</ele><time>2023-02-14T08:35:53Z</time></trkpt><trkpt lat="28.106077" lon="85.351494"><ele>3457.447</ele><time>2023-02-14T08:37:07Z</time></trkpt><trkpt lat="28.106125" lon="85.351496"><ele>3455.978</ele><time>2023-02-14T08:37:23Z</time></trkpt><trkpt lat="28.106155" lon="85.351539"><ele>3453.422</ele><time>2023-02-14T08:37:30Z</time></trkpt><trkpt lat="28.106183" lon="85.351586"><ele>3451.146</ele><time>2023-02-14T08:37:39Z</time></trkpt><trkpt lat="28.106216" lon="85.351633"><ele>3450.656</ele><time>2023-02-14T08:37:47Z</time></trkpt><trkpt lat="28.106249" lon="85.351683"><ele>3450.940</ele><time>2023-02-14T08:37:53Z</time></trkpt><trkpt lat="28.106276" lon="85.351728"><ele>3451.148</ele><time>2023-02-14T08:37:59Z</time></trkpt><trkpt lat="28.106314" lon="85.351770"><ele>3452.610</ele><time>2023-02-14T08:38:05Z</time></trkpt><trkpt lat="28.106334" lon="85.351817"><ele>3453.157</ele><time>2023-02-14T08:38:10Z</time></trkpt><trkpt lat="28.106357" lon="85.351865"><ele>3453.682</ele><time>2023-02-14T08:38:18Z</time></trkpt><trkpt lat="28.106362" lon="85.351918"><ele>3454.943</ele><time>2023-02-14T08:38:23Z</time></trkpt><trkpt lat="28.106357" lon="85.351971"><ele>3455.617</ele><time>2023-02-14T08:38:29Z</time></trkpt><trkpt lat="28.106365" lon="85.352028"><ele>3456.509</ele><time>2023-02-14T08:38:37Z</time></trkpt><trkpt lat="28.106368" lon="85.352088"><ele>3456.159</ele><time>2023-02-14T08:38:46Z</time></trkpt><trkpt lat="28.106356" lon="85.352146"><ele>3457.390</ele><time>2023-02-14T08:38:53Z</time></trkpt><trkpt lat="28.106334" lon="85.352199"><ele>3457.614</ele><time>2023-02-14T08:38:59Z</time></trkpt><trkpt lat="28.106317" lon="85.352247"><ele>3457.968</ele><time>2023-02-14T08:39:04Z</time></trkpt><trkpt lat="28.106324" lon="85.352299"><ele>3458.438</ele><time>2023-02-14T08:39:11Z</time></trkpt><trkpt lat="28.106326" lon="85.352357"><ele>3459.012</ele><time>2023-02-14T08:39:19Z</time></trkpt><trkpt lat="28.106338" lon="85.352412"><ele>3459.410</ele><time>2023-02-14T08:39:25Z</time></trkpt><trkpt lat="28.106358" lon="85.352465"><ele>3460.512</ele><time>2023-02-14T08:39:30Z</time></trkpt><trkpt lat="28.106363" lon="85.352525"><ele>3460.729</ele><time>2023-02-14T08:39:35Z</time></trkpt><trkpt lat="28.106371" lon="85.352582"><ele>3461.192</ele><time>2023-02-14T08:39:40Z</time></trkpt><trkpt lat="28.106383" lon="85.352640"><ele>3461.873</ele><time>2023-02-14T08:39:46Z</time></trkpt><trkpt lat="28.106381" lon="85.352695"><ele>3463.420</ele><time>2023-02-14T08:39:51Z</time></trkpt><trkpt lat="28.106379" lon="85.352755"><ele>3464.409</ele><time>2023-02-14T08:39:57Z</time></trkpt><trkpt lat="28.106376" lon="85.352813"><ele>3465.150</ele><time>2023-02-14T08:40:03Z</time></trkpt><trkpt lat="28.106379" lon="85.352866"><ele>3465.051</ele><time>2023-02-14T08:40:08Z</time></trkpt><trkpt lat="28.106379" lon="85.352919"><ele>3465.485</ele><time>2023-02-14T08:40:14Z</time></trkpt><trkpt lat="28.106382" lon="85.352977"><ele>3467.799</ele><time>2023-02-14T08:40:20Z</time></trkpt><trkpt lat="28.106402" lon="85.353029"><ele>3468.079</ele><time>2023-02-14T08:40:25Z</time></trkpt><trkpt lat="28.106400" lon="85.353096"><ele>3470.823</ele><time>2023-02-14T08:40:30Z</time></trkpt><trkpt lat="28.106403" lon="85.353164"><ele>3471.261</ele><time>2023-02-14T08:40:42Z</time></trkpt><trkpt lat="28.106368" lon="85.353202"><ele>3475.493</ele><time>2023-02-14T08:40:44Z</time></trkpt><trkpt lat="28.106408" lon="85.353240"><ele>3469.010</ele><time>2023-02-14T08:40:47Z</time></trkpt><trkpt lat="28.106426" lon="85.353293"><ele>3472.714</ele><time>2023-02-14T08:40:55Z</time></trkpt><trkpt lat="28.106444" lon="85.353346"><ele>3473.254</ele><time>2023-02-14T08:41:02Z</time></trkpt><trkpt lat="28.106439" lon="85.353398"><ele>3472.709</ele><time>2023-02-14T08:41:06Z</time></trkpt><trkpt lat="28.106439" lon="85.353455"><ele>3471.509</ele><time>2023-02-14T08:41:11Z</time></trkpt><trkpt lat="28.106439" lon="85.353510"><ele>3470.892</ele><time>2023-02-14T08:41:16Z</time></trkpt><trkpt lat="28.106434" lon="85.353563"><ele>3471.113</ele><time>2023-02-14T08:41:20Z</time></trkpt><trkpt lat="28.106429" lon="85.353618"><ele>3471.557</ele><time>2023-02-14T08:41:25Z</time></trkpt><trkpt lat="28.106427" lon="85.353670"><ele>3471.961</ele><time>2023-02-14T08:41:30Z</time></trkpt><trkpt lat="28.106414" lon="85.353727"><ele>3472.741</ele><time>2023-02-14T08:41:35Z</time></trkpt><trkpt lat="28.106412" lon="85.353784"><ele>3472.775</ele><time>2023-02-14T08:41:41Z</time></trkpt><trkpt lat="28.106415" lon="85.353839"><ele>3473.563</ele><time>2023-02-14T08:41:46Z</time></trkpt><trkpt lat="28.106403" lon="85.353894"><ele>3473.585</ele><time>2023-02-14T08:41:51Z</time></trkpt><trkpt lat="28.106405" lon="85.353946"><ele>3474.032</ele><time>2023-02-14T08:41:55Z</time></trkpt><trkpt lat="28.106393" lon="85.354009"><ele>3474.295</ele><time>2023-02-14T08:42:01Z</time></trkpt><trkpt lat="28.106383" lon="85.354131"><ele>3475.849</ele><time>2023-02-14T08:42:12Z</time></trkpt><trkpt lat="28.106370" lon="85.354229"><ele>3476.923</ele><time>2023-02-14T08:42:23Z</time></trkpt><trkpt lat="28.106363" lon="85.354294"><ele>3478.109</ele><time>2023-02-14T08:42:30Z</time></trkpt><trkpt lat="28.106333" lon="85.354342"><ele>3479.630</ele><time>2023-02-14T08:42:35Z</time></trkpt><trkpt lat="28.106306" lon="85.354392"><ele>3480.131</ele><time>2023-02-14T08:42:40Z</time></trkpt><trkpt lat="28.106306" lon="85.354445"><ele>3480.665</ele><time>2023-02-14T08:42:45Z</time></trkpt><trkpt lat="28.106283" lon="85.354497"><ele>3480.639</ele><time>2023-02-14T08:42:49Z</time></trkpt><trkpt lat="28.106251" lon="85.354550"><ele>3480.589</ele><time>2023-02-14T08:42:54Z</time></trkpt><trkpt lat="28.106231" lon="85.354597"><ele>3481.423</ele><time>2023-02-14T08:42:58Z</time></trkpt><trkpt lat="28.106203" lon="85.354642"><ele>3481.291</ele><time>2023-02-14T08:43:04Z</time></trkpt><trkpt lat="28.106180" lon="85.354697"><ele>3482.553</ele><time>2023-02-14T08:43:11Z</time></trkpt><trkpt lat="28.106163" lon="85.354754"><ele>3483.520</ele><time>2023-02-14T08:43:17Z</time></trkpt><trkpt lat="28.106135" lon="85.354794"><ele>3485.176</ele><time>2023-02-14T08:43:22Z</time></trkpt><trkpt lat="28.106103" lon="85.354842"><ele>3487.190</ele><time>2023-02-14T08:43:28Z</time></trkpt><trkpt lat="28.106078" lon="85.354885"><ele>3486.019</ele><time>2023-02-14T08:43:33Z</time></trkpt><trkpt lat="28.106058" lon="85.354940"><ele>3485.509</ele><time>2023-02-14T08:43:38Z</time></trkpt><trkpt lat="28.106041" lon="85.354988"><ele>3485.448</ele><time>2023-02-14T08:43:43Z</time></trkpt><trkpt lat="28.106024" lon="85.355038"><ele>3485.359</ele><time>2023-02-14T08:43:47Z</time></trkpt><trkpt lat="28.106002" lon="85.355085"><ele>3485.983</ele><time>2023-02-14T08:43:51Z</time></trkpt><trkpt lat="28.105967" lon="85.355125"><ele>3486.567</ele><time>2023-02-14T08:43:56Z</time></trkpt><trkpt lat="28.105949" lon="85.355177"><ele>3486.257</ele><time>2023-02-14T08:44:02Z</time></trkpt><trkpt lat="28.105916" lon="85.355249"><ele>3485.611</ele><time>2023-02-14T08:44:09Z</time></trkpt><trkpt lat="28.105893" lon="85.355294"><ele>3485.589</ele><time>2023-02-14T08:44:13Z</time></trkpt><trkpt lat="28.105891" lon="85.355349"><ele>3485.351</ele><time>2023-02-14T08:44:19Z</time></trkpt><trkpt lat="28.105881" lon="85.355414"><ele>3484.878</ele><time>2023-02-14T08:44:25Z</time></trkpt><trkpt lat="28.105879" lon="85.355467"><ele>3484.073</ele><time>2023-02-14T08:44:31Z</time></trkpt><trkpt lat="28.105866" lon="85.355520"><ele>3483.885</ele><time>2023-02-14T08:44:36Z</time></trkpt><trkpt lat="28.105843" lon="85.355582"><ele>3483.513</ele><time>2023-02-14T08:44:42Z</time></trkpt><trkpt lat="28.105830" lon="85.355637"><ele>3483.009</ele><time>2023-02-14T08:44:48Z</time></trkpt><trkpt lat="28.105808" lon="85.355694"><ele>3482.278</ele><time>2023-02-14T08:44:53Z</time></trkpt><trkpt lat="28.105788" lon="85.355747"><ele>3482.039</ele><time>2023-02-14T08:44:56Z</time></trkpt><trkpt lat="28.105765" lon="85.355805"><ele>3482.263</ele><time>2023-02-14T08:45:00Z</time></trkpt><trkpt lat="28.105735" lon="85.355850"><ele>3483.577</ele><time>2023-02-14T08:45:05Z</time></trkpt><trkpt lat="28.105710" lon="85.355898"><ele>3484.117</ele><time>2023-02-14T08:45:11Z</time></trkpt><trkpt lat="28.105685" lon="85.355951"><ele>3484.041</ele><time>2023-02-14T08:45:16Z</time></trkpt><trkpt lat="28.105658" lon="85.355993"><ele>3482.469</ele><time>2023-02-14T08:45:21Z</time></trkpt><trkpt lat="28.105635" lon="85.356048"><ele>3481.931</ele><time>2023-02-14T08:45:26Z</time></trkpt><trkpt lat="28.105620" lon="85.356105"><ele>3483.428</ele><time>2023-02-14T08:45:32Z</time></trkpt><trkpt lat="28.105593" lon="85.356162"><ele>3483.835</ele><time>2023-02-14T08:45:37Z</time></trkpt><trkpt lat="28.105573" lon="85.356220"><ele>3484.486</ele><time>2023-02-14T08:45:42Z</time></trkpt><trkpt lat="28.105556" lon="85.356277"><ele>3486.314</ele><time>2023-02-14T08:45:47Z</time></trkpt><trkpt lat="28.105561" lon="85.356332"><ele>3486.909</ele><time>2023-02-14T08:45:54Z</time></trkpt><trkpt lat="28.105549" lon="85.356385"><ele>3486.064</ele><time>2023-02-14T08:46:10Z</time></trkpt><trkpt lat="28.105511" lon="85.356428"><ele>3487.065</ele><time>2023-02-14T08:46:15Z</time></trkpt><trkpt lat="28.105483" lon="85.356486"><ele>3487.999</ele><time>2023-02-14T08:46:21Z</time></trkpt><trkpt lat="28.105463" lon="85.356541"><ele>3488.393</ele><time>2023-02-14T08:46:26Z</time></trkpt><trkpt lat="28.105435" lon="85.356591"><ele>3488.593</ele><time>2023-02-14T08:46:33Z</time></trkpt><trkpt lat="28.105418" lon="85.356648"><ele>3490.367</ele><time>2023-02-14T08:46:38Z</time></trkpt><trkpt lat="28.105400" lon="85.356703"><ele>3490.995</ele><time>2023-02-14T08:46:42Z</time></trkpt><trkpt lat="28.105372" lon="85.356748"><ele>3489.897</ele><time>2023-02-14T08:46:49Z</time></trkpt><trkpt lat="28.105355" lon="85.356801"><ele>3489.494</ele><time>2023-02-14T08:46:53Z</time></trkpt><trkpt lat="28.105342" lon="85.356856"><ele>3484.561</ele><time>2023-02-14T08:46:59Z</time></trkpt><trkpt lat="28.105324" lon="85.356911"><ele>3484.121</ele><time>2023-02-14T08:47:03Z</time></trkpt><trkpt lat="28.105311" lon="85.356964"><ele>3485.713</ele><time>2023-02-14T08:47:06Z</time></trkpt><trkpt lat="28.105301" lon="85.357021"><ele>3486.609</ele><time>2023-02-14T08:47:09Z</time></trkpt><trkpt lat="28.105286" lon="85.357076"><ele>3487.347</ele><time>2023-02-14T08:47:13Z</time></trkpt><trkpt lat="28.105279" lon="85.357134"><ele>3487.148</ele><time>2023-02-14T08:47:18Z</time></trkpt><trkpt lat="28.105267" lon="85.357189"><ele>3487.172</ele><time>2023-02-14T08:47:23Z</time></trkpt><trkpt lat="28.105265" lon="85.357249"><ele>3486.296</ele><time>2023-02-14T08:47:28Z</time></trkpt><trkpt lat="28.105247" lon="85.357302"><ele>3485.856</ele><time>2023-02-14T08:47:33Z</time></trkpt><trkpt lat="28.105235" lon="85.357352"><ele>3484.550</ele><time>2023-02-14T08:47:38Z</time></trkpt><trkpt lat="28.105218" lon="85.357405"><ele>3483.748</ele><time>2023-02-14T08:47:43Z</time></trkpt><trkpt lat="28.105198" lon="85.357462"><ele>3481.970</ele><time>2023-02-14T08:47:48Z</time></trkpt><trkpt lat="28.105183" lon="85.357522"><ele>3481.677</ele><time>2023-02-14T08:47:53Z</time></trkpt><trkpt lat="28.105158" lon="85.357567"><ele>3480.817</ele><time>2023-02-14T08:47:57Z</time></trkpt><trkpt lat="28.105163" lon="85.357622"><ele>3480.087</ele><time>2023-02-14T08:48:01Z</time></trkpt><trkpt lat="28.105161" lon="85.357680"><ele>3479.115</ele><time>2023-02-14T08:48:06Z</time></trkpt><trkpt lat="28.105166" lon="85.357732"><ele>3478.309</ele><time>2023-02-14T08:48:11Z</time></trkpt><trkpt lat="28.105166" lon="85.357789"><ele>3476.552</ele><time>2023-02-14T08:48:17Z</time></trkpt><trkpt lat="28.105163" lon="85.357849"><ele>3475.093</ele><time>2023-02-14T08:48:23Z</time></trkpt><trkpt lat="28.105171" lon="85.357906"><ele>3475.277</ele><time>2023-02-14T08:48:27Z</time></trkpt><trkpt lat="28.105174" lon="85.357961"><ele>3474.411</ele><time>2023-02-14T08:48:33Z</time></trkpt><trkpt lat="28.105176" lon="85.358019"><ele>3473.141</ele><time>2023-02-14T08:48:38Z</time></trkpt><trkpt lat="28.105178" lon="85.358081"><ele>3473.285</ele><time>2023-02-14T08:48:43Z</time></trkpt><trkpt lat="28.105170" lon="85.358134"><ele>3472.213</ele><time>2023-02-14T08:48:48Z</time></trkpt><trkpt lat="28.105173" lon="85.358196"><ele>3472.035</ele><time>2023-02-14T08:48:54Z</time></trkpt><trkpt lat="28.105168" lon="85.358254"><ele>3471.172</ele><time>2023-02-14T08:49:00Z</time></trkpt><trkpt lat="28.105158" lon="85.358322"><ele>3470.477</ele><time>2023-02-14T08:49:07Z</time></trkpt><trkpt lat="28.105160" lon="85.358374"><ele>3469.261</ele><time>2023-02-14T08:49:13Z</time></trkpt><trkpt lat="28.105168" lon="85.358426"><ele>3468.827</ele><time>2023-02-14T08:49:19Z</time></trkpt><trkpt lat="28.105166" lon="85.358483"><ele>3467.709</ele><time>2023-02-14T08:49:23Z</time></trkpt><trkpt lat="28.105148" lon="85.358546"><ele>3468.178</ele><time>2023-02-14T08:49:28Z</time></trkpt><trkpt lat="28.105133" lon="85.358609"><ele>3469.549</ele><time>2023-02-14T08:49:32Z</time></trkpt><trkpt lat="28.105113" lon="85.358657"><ele>3469.763</ele><time>2023-02-14T08:49:35Z</time></trkpt><trkpt lat="28.105073" lon="85.358702"><ele>3468.747</ele><time>2023-02-14T08:49:40Z</time></trkpt><trkpt lat="28.105045" lon="85.358744"><ele>3467.537</ele><time>2023-02-14T08:49:45Z</time></trkpt><trkpt lat="28.105028" lon="85.358794"><ele>3467.711</ele><time>2023-02-14T08:49:49Z</time></trkpt><trkpt lat="28.105003" lon="85.358849"><ele>3468.179</ele><time>2023-02-14T08:49:53Z</time></trkpt><trkpt lat="28.104975" lon="85.358901"><ele>3468.591</ele><time>2023-02-14T08:49:58Z</time></trkpt><trkpt lat="28.104950" lon="85.358954"><ele>3467.878</ele><time>2023-02-14T08:50:03Z</time></trkpt><trkpt lat="28.104932" lon="85.359007"><ele>3464.958</ele><time>2023-02-14T08:50:08Z</time></trkpt><trkpt lat="28.104905" lon="85.359054"><ele>3463.052</ele><time>2023-02-14T08:50:14Z</time></trkpt><trkpt lat="28.104900" lon="85.359107"><ele>3463.517</ele><time>2023-02-14T08:50:23Z</time></trkpt><trkpt lat="28.104893" lon="85.359164"><ele>3464.109</ele><time>2023-02-14T08:50:28Z</time></trkpt><trkpt lat="28.104878" lon="85.359214"><ele>3464.796</ele><time>2023-02-14T08:50:32Z</time></trkpt><trkpt lat="28.104861" lon="85.359264"><ele>3465.737</ele><time>2023-02-14T08:50:37Z</time></trkpt><trkpt lat="28.104849" lon="85.359322"><ele>3468.261</ele><time>2023-02-14T08:50:44Z</time></trkpt><trkpt lat="28.104832" lon="85.359374"><ele>3470.055</ele><time>2023-02-14T08:50:50Z</time></trkpt><trkpt lat="28.104789" lon="85.359509"><ele>3474.325</ele><time>2023-02-14T08:51:06Z</time></trkpt><trkpt lat="28.104754" lon="85.359551"><ele>3477.019</ele><time>2023-02-14T08:51:12Z</time></trkpt><trkpt lat="28.104736" lon="85.359603"><ele>3481.487</ele><time>2023-02-14T08:51:21Z</time></trkpt><trkpt lat="28.104718" lon="85.359650"><ele>3483.019</ele><time>2023-02-14T08:51:26Z</time></trkpt><trkpt lat="28.104683" lon="85.359698"><ele>3483.516</ele><time>2023-02-14T08:51:31Z</time></trkpt><trkpt lat="28.104651" lon="85.359741"><ele>3485.072</ele><time>2023-02-14T08:51:37Z</time></trkpt><trkpt lat="28.104639" lon="85.359794"><ele>3486.113</ele><time>2023-02-14T08:51:45Z</time></trkpt><trkpt lat="28.104624" lon="85.359851"><ele>3486.714</ele><time>2023-02-14T08:51:53Z</time></trkpt><trkpt lat="28.104616" lon="85.359913"><ele>3486.409</ele><time>2023-02-14T08:51:59Z</time></trkpt><trkpt lat="28.104588" lon="85.359953"><ele>3486.548</ele><time>2023-02-14T08:52:05Z</time></trkpt><trkpt lat="28.104555" lon="85.359993"><ele>3486.299</ele><time>2023-02-14T08:52:11Z</time></trkpt><trkpt lat="28.104542" lon="85.360058"><ele>3484.883</ele><time>2023-02-14T08:52:19Z</time></trkpt><trkpt lat="28.104514" lon="85.360113"><ele>3484.217</ele><time>2023-02-14T08:52:26Z</time></trkpt><trkpt lat="28.104489" lon="85.360163"><ele>3482.777</ele><time>2023-02-14T08:52:33Z</time></trkpt><trkpt lat="28.104471" lon="85.360233"><ele>3483.571</ele><time>2023-02-14T08:52:44Z</time></trkpt><trkpt lat="28.104454" lon="85.360286"><ele>3482.539</ele><time>2023-02-14T08:52:50Z</time></trkpt><trkpt lat="28.104436" lon="85.360339"><ele>3477.591</ele><time>2023-02-14T08:52:58Z</time></trkpt><trkpt lat="28.104429" lon="85.360396"><ele>3476.568</ele><time>2023-02-14T08:53:02Z</time></trkpt><trkpt lat="28.104419" lon="85.360451"><ele>3475.435</ele><time>2023-02-14T08:53:08Z</time></trkpt><trkpt lat="28.104422" lon="85.360503"><ele>3475.186</ele><time>2023-02-14T08:53:14Z</time></trkpt><trkpt lat="28.104427" lon="85.360566"><ele>3474.814</ele><time>2023-02-14T08:53:20Z</time></trkpt><trkpt lat="28.104432" lon="85.360621"><ele>3474.109</ele><time>2023-02-14T08:53:25Z</time></trkpt><trkpt lat="28.104432" lon="85.360679"><ele>3474.744</ele><time>2023-02-14T08:53:30Z</time></trkpt><trkpt lat="28.104412" lon="85.360729"><ele>3476.325</ele><time>2023-02-14T08:53:34Z</time></trkpt><trkpt lat="28.104389" lon="85.360777"><ele>3477.079</ele><time>2023-02-14T08:53:38Z</time></trkpt><trkpt lat="28.104357" lon="85.360824"><ele>3477.453</ele><time>2023-02-14T08:53:43Z</time></trkpt><trkpt lat="28.104322" lon="85.360872"><ele>3477.783</ele><time>2023-02-14T08:53:48Z</time></trkpt><trkpt lat="28.104289" lon="85.360909"><ele>3478.437</ele><time>2023-02-14T08:53:55Z</time></trkpt><trkpt lat="28.104312" lon="85.360954"><ele>3479.745</ele><time>2023-02-14T08:54:04Z</time></trkpt><trkpt lat="28.104342" lon="85.361004"><ele>3480.937</ele><time>2023-02-14T08:54:10Z</time></trkpt><trkpt lat="28.104345" lon="85.361061"><ele>3482.524</ele><time>2023-02-14T08:54:14Z</time></trkpt><trkpt lat="28.104340" lon="85.361121"><ele>3482.724</ele><time>2023-02-14T08:54:19Z</time></trkpt><trkpt lat="28.104332" lon="85.361174"><ele>3482.404</ele><time>2023-02-14T08:54:24Z</time></trkpt><trkpt lat="28.104315" lon="85.361222"><ele>3482.514</ele><time>2023-02-14T08:54:27Z</time></trkpt><trkpt lat="28.104298" lon="85.361275"><ele>3483.509</ele><time>2023-02-14T08:54:32Z</time></trkpt><trkpt lat="28.104185" lon="85.361608"><ele>3506.513</ele><time>2023-02-14T08:55:10Z</time></trkpt><trkpt lat="28.104228" lon="85.361696"><ele>3505.354</ele><time>2023-02-14T08:55:53Z</time></trkpt><trkpt lat="28.104260" lon="85.361649"><ele>3512.838</ele><time>2023-02-14T08:57:40Z</time></trkpt><trkpt lat="28.104192" lon="85.361686"><ele>3512.252</ele><time>2023-02-14T08:58:45Z</time></trkpt><trkpt lat="28.104232" lon="85.361723"><ele>3508.482</ele><time>2023-02-14T08:59:11Z</time></trkpt><trkpt lat="28.104247" lon="85.361771"><ele>3504.536</ele><time>2023-02-14T08:59:17Z</time></trkpt><trkpt lat="28.104244" lon="85.361844"><ele>3499.974</ele><time>2023-02-14T08:59:28Z</time></trkpt><trkpt lat="28.104254" lon="85.361896"><ele>3499.796</ele><time>2023-02-14T08:59:35Z</time></trkpt><trkpt lat="28.104249" lon="85.361951"><ele>3498.713</ele><time>2023-02-14T08:59:44Z</time></trkpt><trkpt lat="28.104216" lon="85.362013"><ele>3496.225</ele><time>2023-02-14T08:59:52Z</time></trkpt><trkpt lat="28.104201" lon="85.362061"><ele>3497.026</ele><time>2023-02-14T08:59:59Z</time></trkpt><trkpt lat="28.104166" lon="85.362153"><ele>3498.008</ele><time>2023-02-14T09:00:26Z</time></trkpt><trkpt lat="28.104124" lon="85.362186"><ele>3498.809</ele><time>2023-02-14T09:00:33Z</time></trkpt><trkpt lat="28.104151" lon="85.362289"><ele>3503.953</ele><time>2023-02-14T09:00:59Z</time></trkpt><trkpt lat="28.104161" lon="85.362387"><ele>3512.414</ele><time>2023-02-14T09:01:31Z</time></trkpt><trkpt lat="28.104129" lon="85.362440"><ele>3521.528</ele><time>2023-02-14T09:01:52Z</time></trkpt><trkpt lat="28.104154" lon="85.362485"><ele>3519.362</ele><time>2023-02-14T09:02:00Z</time></trkpt><trkpt lat="28.104166" lon="85.362535"><ele>3518.662</ele><time>2023-02-14T09:02:08Z</time></trkpt><trkpt lat="28.104198" lon="85.362572"><ele>3519.176</ele><time>2023-02-14T09:02:14Z</time></trkpt><trkpt lat="28.104233" lon="85.362605"><ele>3518.684</ele><time>2023-02-14T09:02:20Z</time></trkpt><trkpt lat="28.104253" lon="85.362658"><ele>3519.246</ele><time>2023-02-14T09:02:28Z</time></trkpt><trkpt lat="28.104246" lon="85.362731"><ele>3519.653</ele><time>2023-02-14T09:02:38Z</time></trkpt><trkpt lat="28.104224" lon="85.362791"><ele>3519.946</ele><time>2023-02-14T09:02:44Z</time></trkpt><trkpt lat="28.104214" lon="85.362848"><ele>3519.288</ele><time>2023-02-14T09:02:51Z</time></trkpt><trkpt lat="28.104214" lon="85.362908"><ele>3518.116</ele><time>2023-02-14T09:02:57Z</time></trkpt><trkpt lat="28.104241" lon="85.362958"><ele>3516.809</ele><time>2023-02-14T09:03:05Z</time></trkpt><trkpt lat="28.104256" lon="85.363008"><ele>3517.845</ele><time>2023-02-14T09:03:11Z</time></trkpt><trkpt lat="28.104281" lon="85.363055"><ele>3519.086</ele><time>2023-02-14T09:03:16Z</time></trkpt><trkpt lat="28.104191" lon="85.363123"><ele>3522.770</ele><time>2023-02-14T09:03:33Z</time></trkpt><trkpt lat="28.104148" lon="85.363140"><ele>3522.914</ele><time>2023-02-14T09:03:38Z</time></trkpt><trkpt lat="28.104096" lon="85.363173"><ele>3523.524</ele><time>2023-02-14T09:03:44Z</time></trkpt><trkpt lat="28.103974" lon="85.363266"><ele>3522.088</ele><time>2023-02-14T09:04:11Z</time></trkpt><trkpt lat="28.103941" lon="85.363314"><ele>3521.536</ele><time>2023-02-14T09:04:17Z</time></trkpt><trkpt lat="28.103908" lon="85.363387"><ele>3522.058</ele><time>2023-02-14T09:04:24Z</time></trkpt><trkpt lat="28.103871" lon="85.363419"><ele>3522.015</ele><time>2023-02-14T09:04:29Z</time></trkpt><trkpt lat="28.103826" lon="85.363444"><ele>3522.769</ele><time>2023-02-14T09:04:35Z</time></trkpt><trkpt lat="28.103778" lon="85.363451"><ele>3525.004</ele><time>2023-02-14T09:04:43Z</time></trkpt><trkpt lat="28.103760" lon="85.363508"><ele>3526.624</ele><time>2023-02-14T09:04:51Z</time></trkpt><trkpt lat="28.103745" lon="85.363573"><ele>3527.909</ele><time>2023-02-14T09:04:59Z</time></trkpt><trkpt lat="28.103758" lon="85.363636"><ele>3527.167</ele><time>2023-02-14T09:05:05Z</time></trkpt><trkpt lat="28.103761" lon="85.363698"><ele>3526.468</ele><time>2023-02-14T09:05:14Z</time></trkpt><trkpt lat="28.103743" lon="85.363745"><ele>3526.982</ele><time>2023-02-14T09:05:19Z</time></trkpt><trkpt lat="28.103741" lon="85.363803"><ele>3528.316</ele><time>2023-02-14T09:05:28Z</time></trkpt><trkpt lat="28.103758" lon="85.363851"><ele>3528.936</ele><time>2023-02-14T09:05:34Z</time></trkpt><trkpt lat="28.103748" lon="85.363904"><ele>3528.840</ele><time>2023-02-14T09:05:39Z</time></trkpt><trkpt lat="28.103718" lon="85.363954"><ele>3528.598</ele><time>2023-02-14T09:05:44Z</time></trkpt><trkpt lat="28.103698" lon="85.364012"><ele>3530.340</ele><time>2023-02-14T09:05:51Z</time></trkpt><trkpt lat="28.103690" lon="85.364075"><ele>3531.147</ele><time>2023-02-14T09:05:59Z</time></trkpt><trkpt lat="28.103652" lon="85.364123"><ele>3530.389</ele><time>2023-02-14T09:06:08Z</time></trkpt><trkpt lat="28.103619" lon="85.364248"><ele>3530.906</ele><time>2023-02-14T09:06:27Z</time></trkpt><trkpt lat="28.103621" lon="85.364306"><ele>3530.626</ele><time>2023-02-14T09:06:32Z</time></trkpt><trkpt lat="28.103603" lon="85.364353"><ele>3530.209</ele><time>2023-02-14T09:06:37Z</time></trkpt><trkpt lat="28.103585" lon="85.364400"><ele>3529.569</ele><time>2023-02-14T09:06:43Z</time></trkpt><trkpt lat="28.103580" lon="85.364455"><ele>3529.550</ele><time>2023-02-14T09:06:49Z</time></trkpt><trkpt lat="28.103575" lon="85.364512"><ele>3529.984</ele><time>2023-02-14T09:06:55Z</time></trkpt><trkpt lat="28.103558" lon="85.364585"><ele>3530.348</ele><time>2023-02-14T09:07:02Z</time></trkpt><trkpt lat="28.103538" lon="85.364648"><ele>3531.848</ele><time>2023-02-14T09:07:08Z</time></trkpt><trkpt lat="28.103498" lon="85.364706"><ele>3532.542</ele><time>2023-02-14T09:07:15Z</time></trkpt><trkpt lat="28.103480" lon="85.364768"><ele>3533.820</ele><time>2023-02-14T09:07:22Z</time></trkpt><trkpt lat="28.103490" lon="85.364820"><ele>3534.272</ele><time>2023-02-14T09:07:27Z</time></trkpt><trkpt lat="28.103415" lon="85.364948"><ele>3540.079</ele><time>2023-02-14T09:07:48Z</time></trkpt><trkpt lat="28.103392" lon="85.365061"><ele>3545.433</ele><time>2023-02-14T09:08:02Z</time></trkpt><trkpt lat="28.103417" lon="85.365111"><ele>3545.523</ele><time>2023-02-14T09:08:05Z</time></trkpt><trkpt lat="28.103444" lon="85.365156"><ele>3546.315</ele><time>2023-02-14T09:08:12Z</time></trkpt><trkpt lat="28.103469" lon="85.365199"><ele>3554.709</ele><time>2023-02-14T09:08:40Z</time></trkpt><trkpt lat="28.103457" lon="85.365257"><ele>3557.744</ele><time>2023-02-14T09:08:47Z</time></trkpt><trkpt lat="28.103452" lon="85.365310"><ele>3558.685</ele><time>2023-02-14T09:08:52Z</time></trkpt><trkpt lat="28.103447" lon="85.365368"><ele>3558.699</ele><time>2023-02-14T09:08:59Z</time></trkpt><trkpt lat="28.103465" lon="85.365420"><ele>3559.633</ele><time>2023-02-14T09:09:04Z</time></trkpt><trkpt lat="28.103470" lon="85.365473"><ele>3561.533</ele><time>2023-02-14T09:09:12Z</time></trkpt><trkpt lat="28.103477" lon="85.365530"><ele>3561.937</ele><time>2023-02-14T09:09:20Z</time></trkpt><trkpt lat="28.103475" lon="85.365585"><ele>3563.075</ele><time>2023-02-14T09:09:26Z</time></trkpt><trkpt lat="28.103492" lon="85.365637"><ele>3562.997</ele><time>2023-02-14T09:09:30Z</time></trkpt><trkpt lat="28.103494" lon="85.365690"><ele>3559.984</ele><time>2023-02-14T09:09:38Z</time></trkpt><trkpt lat="28.103492" lon="85.365767"><ele>3555.964</ele><time>2023-02-14T09:09:52Z</time></trkpt><trkpt lat="28.103492" lon="85.365824"><ele>3555.206</ele><time>2023-02-14T09:10:00Z</time></trkpt><trkpt lat="28.103469" lon="85.365871"><ele>3556.416</ele><time>2023-02-14T09:10:06Z</time></trkpt><trkpt lat="28.103459" lon="85.365931"><ele>3556.309</ele><time>2023-02-14T09:10:15Z</time></trkpt><trkpt lat="28.103421" lon="85.366061"><ele>3556.247</ele><time>2023-02-14T09:10:35Z</time></trkpt><trkpt lat="28.103414" lon="85.366123"><ele>3557.988</ele><time>2023-02-14T09:10:43Z</time></trkpt><trkpt lat="28.103416" lon="85.366176"><ele>3559.982</ele><time>2023-02-14T09:10:49Z</time></trkpt><trkpt lat="28.103426" lon="85.366304"><ele>3562.676</ele><time>2023-02-14T09:11:06Z</time></trkpt><trkpt lat="28.103404" lon="85.366352"><ele>3562.756</ele><time>2023-02-14T09:11:13Z</time></trkpt><trkpt lat="28.103381" lon="85.366407"><ele>3563.080</ele><time>2023-02-14T09:11:19Z</time></trkpt><trkpt lat="28.103358" lon="85.366455"><ele>3563.078</ele><time>2023-02-14T09:11:25Z</time></trkpt><trkpt lat="28.103353" lon="85.366513"><ele>3563.140</ele><time>2023-02-14T09:11:32Z</time></trkpt><trkpt lat="28.103353" lon="85.366580"><ele>3560.987</ele><time>2023-02-14T09:11:40Z</time></trkpt><trkpt lat="28.103286" lon="85.366743"><ele>3558.588</ele><time>2023-02-14T09:12:00Z</time></trkpt><trkpt lat="28.103008" lon="85.367021"><ele>3568.224</ele><time>2023-02-14T09:12:38Z</time></trkpt><trkpt lat="28.102966" lon="85.367048"><ele>3565.326</ele><time>2023-02-14T09:12:44Z</time></trkpt><trkpt lat="28.102939" lon="85.367091"><ele>3565.509</ele><time>2023-02-14T09:12:48Z</time></trkpt><trkpt lat="28.102904" lon="85.367134"><ele>3565.349</ele><time>2023-02-14T09:12:52Z</time></trkpt><trkpt lat="28.102869" lon="85.367249"><ele>3565.620</ele><time>2023-02-14T09:13:06Z</time></trkpt><trkpt lat="28.102976" lon="85.367976"><ele>3568.124</ele><time>2023-02-14T09:14:27Z</time></trkpt><trkpt lat="28.102974" lon="85.368359"><ele>3571.038</ele><time>2023-02-14T09:15:02Z</time></trkpt><trkpt lat="28.102984" lon="85.368419"><ele>3570.438</ele><time>2023-02-14T09:15:08Z</time></trkpt><trkpt lat="28.103009" lon="85.368532"><ele>3569.322</ele><time>2023-02-14T09:15:16Z</time></trkpt><trkpt lat="28.103009" lon="85.368590"><ele>3567.370</ele><time>2023-02-14T09:15:26Z</time></trkpt><trkpt lat="28.103001" lon="85.368648"><ele>3566.752</ele><time>2023-02-14T09:15:32Z</time></trkpt><trkpt lat="28.102983" lon="85.368696"><ele>3566.159</ele><time>2023-02-14T09:15:37Z</time></trkpt><trkpt lat="28.102960" lon="85.368753"><ele>3565.049</ele><time>2023-02-14T09:15:42Z</time></trkpt><trkpt lat="28.102920" lon="85.368805"><ele>3563.502</ele><time>2023-02-14T09:15:48Z</time></trkpt><trkpt lat="28.102892" lon="85.368850"><ele>3563.222</ele><time>2023-02-14T09:15:52Z</time></trkpt><trkpt lat="28.102852" lon="85.368892"><ele>3563.509</ele><time>2023-02-14T09:15:57Z</time></trkpt><trkpt lat="28.102815" lon="85.368924"><ele>3564.245</ele><time>2023-02-14T09:16:01Z</time></trkpt><trkpt lat="28.102765" lon="85.368931"><ele>3564.356</ele><time>2023-02-14T09:16:06Z</time></trkpt><trkpt lat="28.102722" lon="85.368948"><ele>3564.980</ele><time>2023-02-14T09:16:10Z</time></trkpt><trkpt lat="28.102759" lon="85.369103"><ele>3572.084</ele><time>2023-02-14T09:17:03Z</time></trkpt><trkpt lat="28.102757" lon="85.369370"><ele>3575.554</ele><time>2023-02-14T09:17:04Z</time></trkpt><trkpt lat="28.102765" lon="85.369532"><ele>3576.478</ele><time>2023-02-14T09:17:05Z</time></trkpt><trkpt lat="28.102732" lon="85.369792"><ele>3582.436</ele><time>2023-02-14T09:17:06Z</time></trkpt><trkpt lat="28.102729" lon="85.370162"><ele>3584.478</ele><time>2023-02-14T09:17:07Z</time></trkpt><trkpt lat="28.102827" lon="85.370305"><ele>3586.055</ele><time>2023-02-14T09:17:08Z</time></trkpt><trkpt lat="28.102909" lon="85.370365"><ele>3586.398</ele><time>2023-02-14T09:17:09Z</time></trkpt><trkpt lat="28.103064" lon="85.370437"><ele>3588.615</ele><time>2023-02-14T09:17:12Z</time></trkpt><trkpt lat="28.103064" lon="85.370367"><ele>3591.726</ele><time>2023-02-14T09:17:14Z</time></trkpt><trkpt lat="28.103047" lon="85.370305"><ele>3594.109</ele><time>2023-02-14T09:17:16Z</time></trkpt><trkpt lat="28.103020" lon="85.370238"><ele>3597.560</ele><time>2023-02-14T09:17:18Z</time></trkpt><trkpt lat="28.103000" lon="85.370156"><ele>3600.131</ele><time>2023-02-14T09:17:20Z</time></trkpt><trkpt lat="28.102937" lon="85.369908"><ele>3605.075</ele><time>2023-02-14T09:17:27Z</time></trkpt><trkpt lat="28.102894" lon="85.369696"><ele>3604.129</ele><time>2023-02-14T09:17:32Z</time></trkpt><trkpt lat="28.102859" lon="85.369486"><ele>3599.819</ele><time>2023-02-14T09:17:37Z</time></trkpt><trkpt lat="28.102812" lon="85.369284"><ele>3592.213</ele><time>2023-02-14T09:17:43Z</time></trkpt><trkpt lat="28.102709" lon="85.369059"><ele>3570.131</ele><time>2023-02-14T09:18:35Z</time></trkpt><trkpt lat="28.102649" lon="85.369087"><ele>3572.783</ele><time>2023-02-14T09:21:07Z</time></trkpt><trkpt lat="28.102607" lon="85.369119"><ele>3572.340</ele><time>2023-02-14T09:21:12Z</time></trkpt><trkpt lat="28.102562" lon="85.369124"><ele>3572.698</ele><time>2023-02-14T09:21:17Z</time></trkpt><trkpt lat="28.102514" lon="85.369131"><ele>3571.315</ele><time>2023-02-14T09:21:22Z</time></trkpt><trkpt lat="28.102471" lon="85.369153"><ele>3571.226</ele><time>2023-02-14T09:21:35Z</time></trkpt><trkpt lat="28.102428" lon="85.369185"><ele>3572.609</ele><time>2023-02-14T09:21:39Z</time></trkpt><trkpt lat="28.102383" lon="85.369205"><ele>3572.270</ele><time>2023-02-14T09:21:45Z</time></trkpt><trkpt lat="28.102326" lon="85.369213"><ele>3572.511</ele><time>2023-02-14T09:21:50Z</time></trkpt><trkpt lat="28.102274" lon="85.369233"><ele>3570.595</ele><time>2023-02-14T09:21:55Z</time></trkpt><trkpt lat="28.102232" lon="85.369253"><ele>3569.489</ele><time>2023-02-14T09:22:00Z</time></trkpt><trkpt lat="28.102190" lon="85.369276"><ele>3570.549</ele><time>2023-02-14T09:22:04Z</time></trkpt><trkpt lat="28.102148" lon="85.369303"><ele>3572.243</ele><time>2023-02-14T09:22:22Z</time></trkpt><trkpt lat="28.102091" lon="85.369305"><ele>3571.631</ele><time>2023-02-14T09:22:26Z</time></trkpt><trkpt lat="28.102043" lon="85.369305"><ele>3572.213</ele><time>2023-02-14T09:22:30Z</time></trkpt><trkpt lat="28.102003" lon="85.369337"><ele>3570.990</ele><time>2023-02-14T09:22:35Z</time></trkpt><trkpt lat="28.101958" lon="85.369369"><ele>3570.658</ele><time>2023-02-14T09:22:40Z</time></trkpt><trkpt lat="28.101916" lon="85.369389"><ele>3570.052</ele><time>2023-02-14T09:22:44Z</time></trkpt><trkpt lat="28.101866" lon="85.369404"><ele>3569.017</ele><time>2023-02-14T09:22:49Z</time></trkpt><trkpt lat="28.101816" lon="85.369419"><ele>3568.609</ele><time>2023-02-14T09:22:54Z</time></trkpt><trkpt lat="28.101771" lon="85.369437"><ele>3569.576</ele><time>2023-02-14T09:22:59Z</time></trkpt><trkpt lat="28.101726" lon="85.369475"><ele>3569.487</ele><time>2023-02-14T09:23:05Z</time></trkpt><trkpt lat="28.101681" lon="85.369492"><ele>3568.281</ele><time>2023-02-14T09:23:10Z</time></trkpt><trkpt lat="28.101641" lon="85.369520"><ele>3567.415</ele><time>2023-02-14T09:23:15Z</time></trkpt><trkpt lat="28.101583" lon="85.369538"><ele>3567.015</ele><time>2023-02-14T09:23:22Z</time></trkpt><trkpt lat="28.101543" lon="85.369578"><ele>3566.659</ele><time>2023-02-14T09:23:27Z</time></trkpt><trkpt lat="28.101505" lon="85.369613"><ele>3565.857</ele><time>2023-02-14T09:23:31Z</time></trkpt><trkpt lat="28.101467" lon="85.369653"><ele>3566.389</ele><time>2023-02-14T09:23:35Z</time></trkpt><trkpt lat="28.101420" lon="85.369678"><ele>3566.416</ele><time>2023-02-14T09:23:40Z</time></trkpt><trkpt lat="28.101378" lon="85.369706"><ele>3564.655</ele><time>2023-02-14T09:23:45Z</time></trkpt><trkpt lat="28.101333" lon="85.369739"><ele>3563.107</ele><time>2023-02-14T09:23:50Z</time></trkpt><trkpt lat="28.101290" lon="85.369784"><ele>3561.717</ele><time>2023-02-14T09:23:54Z</time></trkpt><trkpt lat="28.101243" lon="85.369821"><ele>3561.509</ele><time>2023-02-14T09:23:58Z</time></trkpt><trkpt lat="28.101198" lon="85.369859"><ele>3562.336</ele><time>2023-02-14T09:24:03Z</time></trkpt><trkpt lat="28.101155" lon="85.369879"><ele>3562.237</ele><time>2023-02-14T09:24:07Z</time></trkpt><trkpt lat="28.101115" lon="85.369907"><ele>3562.361</ele><time>2023-02-14T09:24:13Z</time></trkpt><trkpt lat="28.101063" lon="85.369925"><ele>3561.955</ele><time>2023-02-14T09:24:19Z</time></trkpt><trkpt lat="28.101021" lon="85.369947"><ele>3561.895</ele><time>2023-02-14T09:24:24Z</time></trkpt><trkpt lat="28.100976" lon="85.369965"><ele>3561.589</ele><time>2023-02-14T09:24:29Z</time></trkpt><trkpt lat="28.100924" lon="85.369985"><ele>3561.917</ele><time>2023-02-14T09:24:34Z</time></trkpt><trkpt lat="28.100877" lon="85.370017"><ele>3563.059</ele><time>2023-02-14T09:24:38Z</time></trkpt><trkpt lat="28.100832" lon="85.370054"><ele>3565.466</ele><time>2023-02-14T09:24:42Z</time></trkpt><trkpt lat="28.100795" lon="85.370084"><ele>3565.863</ele><time>2023-02-14T09:24:46Z</time></trkpt><trkpt lat="28.100767" lon="85.370124"><ele>3567.944</ele><time>2023-02-14T09:24:49Z</time></trkpt><trkpt lat="28.100730" lon="85.370166"><ele>3571.218</ele><time>2023-02-14T09:24:53Z</time></trkpt><trkpt lat="28.100705" lon="85.370213"><ele>3571.909</ele><time>2023-02-14T09:24:57Z</time></trkpt><trkpt lat="28.100677" lon="85.370260"><ele>3572.967</ele><time>2023-02-14T09:25:00Z</time></trkpt><trkpt lat="28.100644" lon="85.370307"><ele>3573.018</ele><time>2023-02-14T09:25:04Z</time></trkpt><trkpt lat="28.100592" lon="85.370335"><ele>3574.252</ele><time>2023-02-14T09:25:09Z</time></trkpt><trkpt lat="28.100542" lon="85.370358"><ele>3573.696</ele><time>2023-02-14T09:25:13Z</time></trkpt><trkpt lat="28.100502" lon="85.370406"><ele>3572.626</ele><time>2023-02-14T09:25:17Z</time></trkpt><trkpt lat="28.100462" lon="85.370449"><ele>3569.330</ele><time>2023-02-14T09:25:24Z</time></trkpt><trkpt lat="28.100415" lon="85.370469"><ele>3568.978</ele><time>2023-02-14T09:25:29Z</time></trkpt><trkpt lat="28.100367" lon="85.370511"><ele>3569.520</ele><time>2023-02-14T09:25:34Z</time></trkpt><trkpt lat="28.100337" lon="85.370553"><ele>3570.347</ele><time>2023-02-14T09:25:44Z</time></trkpt><trkpt lat="28.100349" lon="85.370683"><ele>3608.871</ele><time>2023-02-14T09:25:51Z</time></trkpt><trkpt lat="28.100374" lon="85.370625"><ele>3589.741</ele><time>2023-02-14T09:25:52Z</time></trkpt><trkpt lat="28.100354" lon="85.370712"><ele>3612.315</ele><time>2023-02-14T09:25:53Z</time></trkpt><trkpt lat="28.100367" lon="85.370659"><ele>3596.009</ele><time>2023-02-14T09:25:55Z</time></trkpt><trkpt lat="28.100332" lon="85.370707"><ele>3584.228</ele><time>2023-02-14T09:26:06Z</time></trkpt><trkpt lat="28.100310" lon="85.370755"><ele>3577.949</ele><time>2023-02-14T09:26:11Z</time></trkpt><trkpt lat="28.100325" lon="85.370808"><ele>3576.633</ele><time>2023-02-14T09:26:37Z</time></trkpt><trkpt lat="28.100290" lon="85.370855"><ele>3572.947</ele><time>2023-02-14T09:27:17Z</time></trkpt><trkpt lat="28.100245" lon="85.370878"><ele>3573.587</ele><time>2023-02-14T09:27:20Z</time></trkpt><trkpt lat="28.100200" lon="85.370900"><ele>3575.271</ele><time>2023-02-14T09:27:26Z</time></trkpt><trkpt lat="28.100193" lon="85.370977"><ele>3577.219</ele><time>2023-02-14T09:30:40Z</time></trkpt><trkpt lat="28.100173" lon="85.371029"><ele>3579.061</ele><time>2023-02-14T09:30:45Z</time></trkpt><trkpt lat="28.100108" lon="85.371096"><ele>3608.248</ele><time>2023-02-14T09:30:55Z</time></trkpt><trkpt lat="28.100161" lon="85.371024"><ele>3590.693</ele><time>2023-02-14T09:30:58Z</time></trkpt><trkpt lat="28.100146" lon="85.371077"><ele>3585.365</ele><time>2023-02-14T09:31:05Z</time></trkpt><trkpt lat="28.100094" lon="85.371074"><ele>3584.121</ele><time>2023-02-14T09:31:11Z</time></trkpt><trkpt lat="28.100071" lon="85.371127"><ele>3582.809</ele><time>2023-02-14T09:31:16Z</time></trkpt><trkpt lat="28.100029" lon="85.371165"><ele>3581.950</ele><time>2023-02-14T09:31:23Z</time></trkpt><trkpt lat="28.099997" lon="85.371202"><ele>3581.661</ele><time>2023-02-14T09:31:31Z</time></trkpt><trkpt lat="28.099982" lon="85.371259"><ele>3580.615</ele><time>2023-02-14T09:31:38Z</time></trkpt><trkpt lat="28.099949" lon="85.371302"><ele>3578.969</ele><time>2023-02-14T09:31:44Z</time></trkpt><trkpt lat="28.099911" lon="85.371334"><ele>3578.799</ele><time>2023-02-14T09:31:48Z</time></trkpt><trkpt lat="28.099878" lon="85.371381"><ele>3579.543</ele><time>2023-02-14T09:31:54Z</time></trkpt><trkpt lat="28.099840" lon="85.371411"><ele>3579.341</ele><time>2023-02-14T09:32:00Z</time></trkpt><trkpt lat="28.099805" lon="85.371456"><ele>3571.043</ele><time>2023-02-14T09:33:16Z</time></trkpt><trkpt lat="28.099772" lon="85.371503"><ele>3571.020</ele><time>2023-02-14T09:33:22Z</time></trkpt><trkpt lat="28.099735" lon="85.371533"><ele>3570.725</ele><time>2023-02-14T09:33:29Z</time></trkpt><trkpt lat="28.099697" lon="85.371560"><ele>3573.226</ele><time>2023-02-14T09:33:36Z</time></trkpt><trkpt lat="28.099679" lon="85.371607"><ele>3573.608</ele><time>2023-02-14T09:33:42Z</time></trkpt><trkpt lat="28.099644" lon="85.371647"><ele>3574.309</ele><time>2023-02-14T09:33:51Z</time></trkpt><trkpt lat="28.099622" lon="85.371595"><ele>3591.193</ele><time>2023-02-14T09:34:09Z</time></trkpt><trkpt lat="28.099570" lon="85.371597"><ele>3606.424</ele><time>2023-02-14T09:34:14Z</time></trkpt><trkpt lat="28.099618" lon="85.371574"><ele>3594.628</ele><time>2023-02-14T09:34:19Z</time></trkpt><trkpt lat="28.099608" lon="85.371624"><ele>3586.772</ele><time>2023-02-14T09:34:46Z</time></trkpt><trkpt lat="28.099568" lon="85.371654"><ele>3585.272</ele><time>2023-02-14T09:34:52Z</time></trkpt><trkpt lat="28.099538" lon="85.371696"><ele>3585.766</ele><time>2023-02-14T09:35:01Z</time></trkpt><trkpt lat="28.099478" lon="85.371701"><ele>3587.384</ele><time>2023-02-14T09:35:44Z</time></trkpt><trkpt lat="28.099433" lon="85.371713"><ele>3588.086</ele><time>2023-02-14T09:35:49Z</time></trkpt><trkpt lat="28.099396" lon="85.371753"><ele>3588.633</ele><time>2023-02-14T09:35:56Z</time></trkpt><trkpt lat="28.099378" lon="85.371801"><ele>3587.931</ele><time>2023-02-14T09:36:05Z</time></trkpt><trkpt lat="28.099361" lon="85.371849"><ele>3587.661</ele><time>2023-02-14T09:36:14Z</time></trkpt><trkpt lat="28.099353" lon="85.371901"><ele>3587.407</ele><time>2023-02-14T09:36:19Z</time></trkpt><trkpt lat="28.099273" lon="85.371909"><ele>3586.909</ele><time>2023-02-14T09:36:34Z</time></trkpt><trkpt lat="28.099251" lon="85.371954"><ele>3586.374</ele><time>2023-02-14T09:36:41Z</time></trkpt><trkpt lat="28.099214" lon="85.371986"><ele>3587.515</ele><time>2023-02-14T09:36:48Z</time></trkpt><trkpt lat="28.099181" lon="85.372023"><ele>3588.479</ele><time>2023-02-14T09:36:56Z</time></trkpt><trkpt lat="28.099134" lon="85.372038"><ele>3590.283</ele><time>2023-02-14T09:37:02Z</time></trkpt><trkpt lat="28.099089" lon="85.372030"><ele>3590.593</ele><time>2023-02-14T09:37:10Z</time></trkpt><trkpt lat="28.099059" lon="85.372072"><ele>3591.147</ele><time>2023-02-14T09:37:16Z</time></trkpt><trkpt lat="28.099001" lon="85.372072"><ele>3594.375</ele><time>2023-02-14T09:37:30Z</time></trkpt><trkpt lat="28.098953" lon="85.372070"><ele>3595.987</ele><time>2023-02-14T09:37:57Z</time></trkpt><trkpt lat="28.098916" lon="85.372105"><ele>3597.234</ele><time>2023-02-14T09:38:03Z</time></trkpt><trkpt lat="28.098913" lon="85.372173"><ele>3600.111</ele><time>2023-02-14T09:38:18Z</time></trkpt><trkpt lat="28.098870" lon="85.372195"><ele>3600.521</ele><time>2023-02-14T09:38:24Z</time></trkpt><trkpt lat="28.098832" lon="85.372222"><ele>3600.103</ele><time>2023-02-14T09:38:29Z</time></trkpt><trkpt lat="28.098782" lon="85.372234"><ele>3601.309</ele><time>2023-02-14T09:38:38Z</time></trkpt><trkpt lat="28.098739" lon="85.372252"><ele>3603.182</ele><time>2023-02-14T09:38:45Z</time></trkpt><trkpt lat="28.098692" lon="85.372254"><ele>3605.083</ele><time>2023-02-14T09:38:55Z</time></trkpt><trkpt lat="28.098657" lon="85.372312"><ele>3607.177</ele><time>2023-02-14T09:39:11Z</time></trkpt><trkpt lat="28.098639" lon="85.372369"><ele>3608.271</ele><time>2023-02-14T09:39:19Z</time></trkpt><trkpt lat="28.098574" lon="85.372401"><ele>3611.151</ele><time>2023-02-14T09:39:32Z</time></trkpt><trkpt lat="28.098529" lon="85.372409"><ele>3611.825</ele><time>2023-02-14T09:39:41Z</time></trkpt><trkpt lat="28.098516" lon="85.372514"><ele>3613.423</ele><time>2023-02-14T09:40:16Z</time></trkpt><trkpt lat="28.098464" lon="85.372524"><ele>3616.085</ele><time>2023-02-14T09:40:24Z</time></trkpt><trkpt lat="28.098416" lon="85.372534"><ele>3616.922</ele><time>2023-02-14T09:40:30Z</time></trkpt><trkpt lat="28.098376" lon="85.372569"><ele>3627.258</ele><time>2023-02-14T09:41:51Z</time></trkpt><trkpt lat="28.098328" lon="85.372566"><ele>3627.552</ele><time>2023-02-14T09:41:56Z</time></trkpt><trkpt lat="28.098281" lon="85.372563"><ele>3626.717</ele><time>2023-02-14T09:42:01Z</time></trkpt><trkpt lat="28.098251" lon="85.372601"><ele>3628.009</ele><time>2023-02-14T09:42:08Z</time></trkpt><trkpt lat="28.098261" lon="85.372658"><ele>3625.526</ele><time>2023-02-14T09:42:14Z</time></trkpt><trkpt lat="28.098259" lon="85.372715"><ele>3622.747</ele><time>2023-02-14T09:42:20Z</time></trkpt><trkpt lat="28.098229" lon="85.372755"><ele>3621.681</ele><time>2023-02-14T09:42:25Z</time></trkpt><trkpt lat="28.098192" lon="85.372792"><ele>3620.365</ele><time>2023-02-14T09:42:30Z</time></trkpt><trkpt lat="28.098147" lon="85.372804"><ele>3618.875</ele><time>2023-02-14T09:42:37Z</time></trkpt><trkpt lat="28.098114" lon="85.372859"><ele>3618.989</ele><time>2023-02-14T09:42:45Z</time></trkpt><trkpt lat="28.098037" lon="85.372882"><ele>3620.467</ele><time>2023-02-14T09:43:03Z</time></trkpt><trkpt lat="28.097990" lon="85.372887"><ele>3621.279</ele><time>2023-02-14T09:43:11Z</time></trkpt><trkpt lat="28.097948" lon="85.372917"><ele>3621.486</ele><time>2023-02-14T09:43:21Z</time></trkpt><trkpt lat="28.097898" lon="85.372939"><ele>3624.615</ele><time>2023-02-14T09:43:30Z</time></trkpt><trkpt lat="28.097851" lon="85.372952"><ele>3624.765</ele><time>2023-02-14T09:43:35Z</time></trkpt><trkpt lat="28.097786" lon="85.372982"><ele>3624.711</ele><time>2023-02-14T09:43:50Z</time></trkpt><trkpt lat="28.097746" lon="85.373007"><ele>3625.109</ele><time>2023-02-14T09:43:58Z</time></trkpt><trkpt lat="28.097698" lon="85.373050"><ele>3626.282</ele><time>2023-02-14T09:44:11Z</time></trkpt><trkpt lat="28.097656" lon="85.373075"><ele>3627.553</ele><time>2023-02-14T09:44:22Z</time></trkpt><trkpt lat="28.097579" lon="85.373120"><ele>3633.177</ele><time>2023-02-14T09:44:44Z</time></trkpt><trkpt lat="28.097539" lon="85.373143"><ele>3639.641</ele><time>2023-02-14T09:45:04Z</time></trkpt><trkpt lat="28.097499" lon="85.373176"><ele>3645.891</ele><time>2023-02-14T09:45:09Z</time></trkpt><trkpt lat="28.097456" lon="85.373203"><ele>3644.485</ele><time>2023-02-14T09:45:21Z</time></trkpt><trkpt lat="28.097431" lon="85.373263"><ele>3642.453</ele><time>2023-02-14T09:45:32Z</time></trkpt><trkpt lat="28.097384" lon="85.373286"><ele>3638.685</ele><time>2023-02-14T09:45:41Z</time></trkpt><trkpt lat="28.097342" lon="85.373306"><ele>3639.072</ele><time>2023-02-14T09:45:48Z</time></trkpt><trkpt lat="28.097297" lon="85.373298"><ele>3638.343</ele><time>2023-02-14T09:45:54Z</time></trkpt><trkpt lat="28.097242" lon="85.373378"><ele>3637.964</ele><time>2023-02-14T09:46:17Z</time></trkpt><trkpt lat="28.097227" lon="85.373431"><ele>3637.210</ele><time>2023-02-14T09:46:24Z</time></trkpt><trkpt lat="28.097109" lon="85.373514"><ele>3642.609</ele><time>2023-02-14T09:47:06Z</time></trkpt><trkpt lat="28.097069" lon="85.373556"><ele>3645.165</ele><time>2023-02-14T09:47:15Z</time></trkpt><trkpt lat="28.097009" lon="85.373586"><ele>3647.266</ele><time>2023-02-14T09:47:31Z</time></trkpt><trkpt lat="28.096962" lon="85.373591"><ele>3646.710</ele><time>2023-02-14T09:47:39Z</time></trkpt><trkpt lat="28.096910" lon="85.373619"><ele>3646.084</ele><time>2023-02-14T09:47:47Z</time></trkpt><trkpt lat="28.096875" lon="85.373656"><ele>3645.944</ele><time>2023-02-14T09:47:53Z</time></trkpt><trkpt lat="28.096847" lon="85.373703"><ele>3646.418</ele><time>2023-02-14T09:47:59Z</time></trkpt><trkpt lat="28.096809" lon="85.373741"><ele>3647.366</ele><time>2023-02-14T09:48:06Z</time></trkpt><trkpt lat="28.096761" lon="85.373731"><ele>3648.558</ele><time>2023-02-14T09:48:18Z</time></trkpt><trkpt lat="28.096714" lon="85.373744"><ele>3651.675</ele><time>2023-02-14T09:48:28Z</time></trkpt><trkpt lat="28.096666" lon="85.373736"><ele>3652.643</ele><time>2023-02-14T09:48:34Z</time></trkpt><trkpt lat="28.096611" lon="85.373713"><ele>3655.564</ele><time>2023-02-14T09:48:48Z</time></trkpt><trkpt lat="28.096563" lon="85.373728"><ele>3657.810</ele><time>2023-02-14T09:48:58Z</time></trkpt><trkpt lat="28.096546" lon="85.373836"><ele>3660.909</ele><time>2023-02-14T09:49:33Z</time></trkpt><trkpt lat="28.096511" lon="85.373873"><ele>3661.995</ele><time>2023-02-14T09:49:42Z</time></trkpt><trkpt lat="28.096471" lon="85.373901"><ele>3662.786</ele><time>2023-02-14T09:49:49Z</time></trkpt><trkpt lat="28.096418" lon="85.373951"><ele>3662.430</ele><time>2023-02-14T09:50:01Z</time></trkpt><trkpt lat="28.096371" lon="85.373951"><ele>3661.794</ele><time>2023-02-14T09:50:10Z</time></trkpt><trkpt lat="28.096331" lon="85.373979"><ele>3662.374</ele><time>2023-02-14T09:50:19Z</time></trkpt><trkpt lat="28.096283" lon="85.373972"><ele>3663.058</ele><time>2023-02-14T09:50:30Z</time></trkpt><trkpt lat="28.096280" lon="85.374049"><ele>3666.276</ele><time>2023-02-14T09:50:55Z</time></trkpt><trkpt lat="28.096300" lon="85.374102"><ele>3670.218</ele><time>2023-02-14T09:51:45Z</time></trkpt><trkpt lat="28.096293" lon="85.374154"><ele>3670.255</ele><time>2023-02-14T09:51:57Z</time></trkpt><trkpt lat="28.096326" lon="85.374189"><ele>3669.823</ele><time>2023-02-14T09:52:06Z</time></trkpt><trkpt lat="28.096301" lon="85.374232"><ele>3670.083</ele><time>2023-02-14T09:52:15Z</time></trkpt><trkpt lat="28.096258" lon="85.374255"><ele>3668.711</ele><time>2023-02-14T09:52:23Z</time></trkpt><trkpt lat="28.096213" lon="85.374273"><ele>3668.409</ele><time>2023-02-14T09:52:31Z</time></trkpt><trkpt lat="28.096166" lon="85.374271"><ele>3671.053</ele><time>2023-02-14T09:52:37Z</time></trkpt><trkpt lat="28.096116" lon="85.374278"><ele>3672.054</ele><time>2023-02-14T09:52:45Z</time></trkpt><trkpt lat="28.096081" lon="85.374311"><ele>3672.778</ele><time>2023-02-14T09:53:02Z</time></trkpt><trkpt lat="28.096058" lon="85.374359"><ele>3673.562</ele><time>2023-02-14T09:53:13Z</time></trkpt><trkpt lat="28.096040" lon="85.374407"><ele>3674.562</ele><time>2023-02-14T09:53:22Z</time></trkpt><trkpt lat="28.096035" lon="85.374482"><ele>3675.866</ele><time>2023-02-14T09:53:36Z</time></trkpt><trkpt lat="28.096010" lon="85.374529"><ele>3677.214</ele><time>2023-02-14T09:53:42Z</time></trkpt><trkpt lat="28.095973" lon="85.374569"><ele>3678.916</ele><time>2023-02-14T09:53:48Z</time></trkpt><trkpt lat="28.095911" lon="85.374566"><ele>3680.313</ele><time>2023-02-14T09:54:06Z</time></trkpt><trkpt lat="28.095846" lon="85.374533"><ele>3685.311</ele><time>2023-02-14T09:54:31Z</time></trkpt><trkpt lat="28.095796" lon="85.374531"><ele>3686.121</ele><time>2023-02-14T09:54:37Z</time></trkpt><trkpt lat="28.095751" lon="85.374539"><ele>3686.203</ele><time>2023-02-14T09:54:43Z</time></trkpt><trkpt lat="28.095713" lon="85.374566"><ele>3686.909</ele><time>2023-02-14T09:54:51Z</time></trkpt><trkpt lat="28.095686" lon="85.374609"><ele>3688.462</ele><time>2023-02-14T09:55:04Z</time></trkpt><trkpt lat="28.095583" lon="85.374651"><ele>3690.233</ele><time>2023-02-14T09:55:34Z</time></trkpt><trkpt lat="28.095538" lon="85.374643"><ele>3691.877</ele><time>2023-02-14T09:55:44Z</time></trkpt><trkpt lat="28.095511" lon="85.374686"><ele>3692.111</ele><time>2023-02-14T09:56:08Z</time></trkpt><trkpt lat="28.095496" lon="85.374734"><ele>3693.171</ele><time>2023-02-14T09:56:14Z</time></trkpt><trkpt lat="28.095469" lon="85.374777"><ele>3694.375</ele><time>2023-02-14T09:56:23Z</time></trkpt><trkpt lat="28.095434" lon="85.374815"><ele>3695.283</ele><time>2023-02-14T09:56:30Z</time></trkpt><trkpt lat="28.095384" lon="85.374812"><ele>3696.275</ele><time>2023-02-14T09:56:39Z</time></trkpt><trkpt lat="28.095337" lon="85.374799"><ele>3697.792</ele><time>2023-02-14T09:56:47Z</time></trkpt><trkpt lat="28.095287" lon="85.374807"><ele>3697.119</ele><time>2023-02-14T09:56:58Z</time></trkpt><trkpt lat="28.095242" lon="85.374809"><ele>3700.609</ele><time>2023-02-14T09:57:08Z</time></trkpt><trkpt lat="28.095264" lon="85.374856"><ele>3702.719</ele><time>2023-02-14T09:57:30Z</time></trkpt><trkpt lat="28.095252" lon="85.374909"><ele>3706.509</ele><time>2023-02-14T09:59:31Z</time></trkpt><trkpt lat="28.095202" lon="85.374927"><ele>3703.812</ele><time>2023-02-14T09:59:51Z</time></trkpt><trkpt lat="28.095165" lon="85.374962"><ele>3705.393</ele><time>2023-02-14T09:59:59Z</time></trkpt><trkpt lat="28.095123" lon="85.374990"><ele>3703.927</ele><time>2023-02-14T10:00:07Z</time></trkpt><trkpt lat="28.095078" lon="85.375015"><ele>3704.621</ele><time>2023-02-14T10:00:14Z</time></trkpt><trkpt lat="28.095050" lon="85.375063"><ele>3706.181</ele><time>2023-02-14T10:00:21Z</time></trkpt><trkpt lat="28.095007" lon="85.375091"><ele>3708.015</ele><time>2023-02-14T10:00:28Z</time></trkpt><trkpt lat="28.094965" lon="85.375113"><ele>3708.433</ele><time>2023-02-14T10:00:35Z</time></trkpt><trkpt lat="28.094920" lon="85.375135"><ele>3707.445</ele><time>2023-02-14T10:00:45Z</time></trkpt><trkpt lat="28.094890" lon="85.375177"><ele>3708.652</ele><time>2023-02-14T10:00:52Z</time></trkpt><trkpt lat="28.094838" lon="85.375220"><ele>3710.516</ele><time>2023-02-14T10:01:03Z</time></trkpt><trkpt lat="28.094765" lon="85.375300"><ele>3713.076</ele><time>2023-02-14T10:01:17Z</time></trkpt><trkpt lat="28.094720" lon="85.375293"><ele>3714.013</ele><time>2023-02-14T10:01:24Z</time></trkpt><trkpt lat="28.094670" lon="85.375300"><ele>3716.609</ele><time>2023-02-14T10:01:38Z</time></trkpt><trkpt lat="28.094623" lon="85.375300"><ele>3717.742</ele><time>2023-02-14T10:01:47Z</time></trkpt><trkpt lat="28.094576" lon="85.375285"><ele>3719.713</ele><time>2023-02-14T10:01:55Z</time></trkpt><trkpt lat="28.094531" lon="85.375307"><ele>3721.617</ele><time>2023-02-14T10:02:05Z</time></trkpt><trkpt lat="28.094491" lon="85.375332"><ele>3721.711</ele><time>2023-02-14T10:02:19Z</time></trkpt><trkpt lat="28.094454" lon="85.375362"><ele>3723.591</ele><time>2023-02-14T10:02:28Z</time></trkpt><trkpt lat="28.094416" lon="85.375390"><ele>3725.445</ele><time>2023-02-14T10:02:35Z</time></trkpt><trkpt lat="28.094378" lon="85.375417"><ele>3725.613</ele><time>2023-02-14T10:02:42Z</time></trkpt><trkpt lat="28.094330" lon="85.375432"><ele>3725.045</ele><time>2023-02-14T10:02:52Z</time></trkpt><trkpt lat="28.094285" lon="85.375449"><ele>3725.112</ele><time>2023-02-14T10:03:11Z</time></trkpt><trkpt lat="28.094240" lon="85.375462"><ele>3726.935</ele><time>2023-02-14T10:03:20Z</time></trkpt><trkpt lat="28.094187" lon="85.375487"><ele>3730.086</ele><time>2023-02-14T10:03:35Z</time></trkpt><trkpt lat="28.094219" lon="85.375535"><ele>3732.614</ele><time>2023-02-14T10:03:49Z</time></trkpt><trkpt lat="28.094257" lon="85.375567"><ele>3733.209</ele><time>2023-02-14T10:03:57Z</time></trkpt><trkpt lat="28.094259" lon="85.375620"><ele>3732.614</ele><time>2023-02-14T10:04:06Z</time></trkpt><trkpt lat="28.094204" lon="85.375648"><ele>3733.835</ele><time>2023-02-14T10:04:17Z</time></trkpt><trkpt lat="28.094106" lon="85.375690"><ele>3738.039</ele><time>2023-02-14T10:05:16Z</time></trkpt><trkpt lat="28.094056" lon="85.375708"><ele>3739.573</ele><time>2023-02-14T10:05:27Z</time></trkpt><trkpt lat="28.094014" lon="85.375733"><ele>3739.313</ele><time>2023-02-14T10:05:36Z</time></trkpt><trkpt lat="28.093967" lon="85.375738"><ele>3740.547</ele><time>2023-02-14T10:05:46Z</time></trkpt><trkpt lat="28.093922" lon="85.375750"><ele>3747.465</ele><time>2023-02-14T10:06:56Z</time></trkpt><trkpt lat="28.093875" lon="85.375765"><ele>3748.257</ele><time>2023-02-14T10:07:04Z</time></trkpt><trkpt lat="28.093833" lon="85.375793"><ele>3746.634</ele><time>2023-02-14T10:07:13Z</time></trkpt><trkpt lat="28.093791" lon="85.375823"><ele>3746.998</ele><time>2023-02-14T10:07:22Z</time></trkpt><trkpt lat="28.093758" lon="85.375858"><ele>3744.715</ele><time>2023-02-14T10:07:32Z</time></trkpt><trkpt lat="28.093725" lon="85.375895"><ele>3743.326</ele><time>2023-02-14T10:07:46Z</time></trkpt><trkpt lat="28.093677" lon="85.375908"><ele>3743.309</ele><time>2023-02-14T10:07:57Z</time></trkpt><trkpt lat="28.093664" lon="85.375960"><ele>3743.990</ele><time>2023-02-14T10:08:08Z</time></trkpt><trkpt lat="28.093677" lon="85.376010"><ele>3747.541</ele><time>2023-02-14T10:08:16Z</time></trkpt><trkpt lat="28.093727" lon="85.376008"><ele>3751.795</ele><time>2023-02-14T10:08:43Z</time></trkpt><trkpt lat="28.093767" lon="85.376035"><ele>3752.889</ele><time>2023-02-14T10:08:52Z</time></trkpt><trkpt lat="28.093820" lon="85.376053"><ele>3753.479</ele><time>2023-02-14T10:09:19Z</time></trkpt><trkpt lat="28.093807" lon="85.376105"><ele>3754.663</ele><time>2023-02-14T10:09:32Z</time></trkpt><trkpt lat="28.093762" lon="85.376117"><ele>3752.581</ele><time>2023-02-14T10:10:59Z</time></trkpt><trkpt lat="28.093730" lon="85.376154"><ele>3752.763</ele><time>2023-02-14T10:11:04Z</time></trkpt><trkpt lat="28.093685" lon="85.376171"><ele>3761.880</ele><time>2023-02-14T10:11:14Z</time></trkpt><trkpt lat="28.093617" lon="85.376216"><ele>3763.852</ele><time>2023-02-14T10:11:38Z</time></trkpt><trkpt lat="28.093597" lon="85.376264"><ele>3760.253</ele><time>2023-02-14T10:11:45Z</time></trkpt><trkpt lat="28.093562" lon="85.376306"><ele>3759.908</ele><time>2023-02-14T10:11:51Z</time></trkpt><trkpt lat="28.093562" lon="85.376358"><ele>3761.409</ele><time>2023-02-14T10:12:06Z</time></trkpt><trkpt lat="28.093524" lon="85.376410"><ele>3761.576</ele><time>2023-02-14T10:12:18Z</time></trkpt><trkpt lat="28.093447" lon="85.376420"><ele>3763.517</ele><time>2023-02-14T10:12:35Z</time></trkpt><trkpt lat="28.093400" lon="85.376423"><ele>3764.281</ele><time>2023-02-14T10:12:40Z</time></trkpt><trkpt lat="28.093352" lon="85.376445"><ele>3765.685</ele><time>2023-02-14T10:13:01Z</time></trkpt><trkpt lat="28.093317" lon="85.376478"><ele>3765.235</ele><time>2023-02-14T10:13:13Z</time></trkpt><trkpt lat="28.093280" lon="85.376515"><ele>3763.919</ele><time>2023-02-14T10:13:23Z</time></trkpt><trkpt lat="28.093243" lon="85.376550"><ele>3763.017</ele><time>2023-02-14T10:13:32Z</time></trkpt><trkpt lat="28.093205" lon="85.376580"><ele>3765.599</ele><time>2023-02-14T10:13:41Z</time></trkpt><trkpt lat="28.093228" lon="85.376640"><ele>3768.576</ele><time>2023-02-14T10:14:07Z</time></trkpt><trkpt lat="28.093276" lon="85.376687"><ele>3773.274</ele><time>2023-02-14T10:14:22Z</time></trkpt><trkpt lat="28.093246" lon="85.376732"><ele>3775.256</ele><time>2023-02-14T10:14:35Z</time></trkpt><trkpt lat="28.093204" lon="85.376754"><ele>3775.821</ele><time>2023-02-14T10:14:42Z</time></trkpt><trkpt lat="28.093167" lon="85.376787"><ele>3776.309</ele><time>2023-02-14T10:14:54Z</time></trkpt><trkpt lat="28.093129" lon="85.376820"><ele>3776.938</ele><time>2023-02-14T10:15:02Z</time></trkpt><trkpt lat="28.093086" lon="85.376845"><ele>3777.789</ele><time>2023-02-14T10:15:11Z</time></trkpt><trkpt lat="28.093093" lon="85.376905"><ele>3778.713</ele><time>2023-02-14T10:15:44Z</time></trkpt><trkpt lat="28.093125" lon="85.376948"><ele>3779.857</ele><time>2023-02-14T10:15:50Z</time></trkpt><trkpt lat="28.093165" lon="85.376976"><ele>3781.467</ele><time>2023-02-14T10:15:59Z</time></trkpt><trkpt lat="28.093153" lon="85.377028"><ele>3781.541</ele><time>2023-02-14T10:16:12Z</time></trkpt><trkpt lat="28.093140" lon="85.377078"><ele>3780.919</ele><time>2023-02-14T10:16:18Z</time></trkpt><trkpt lat="28.093107" lon="85.377113"><ele>3782.611</ele><time>2023-02-14T10:16:35Z</time></trkpt><trkpt lat="28.092997" lon="85.377140"><ele>3787.838</ele><time>2023-02-14T10:17:05Z</time></trkpt><trkpt lat="28.092950" lon="85.377157"><ele>3787.893</ele><time>2023-02-14T10:17:14Z</time></trkpt><trkpt lat="28.092895" lon="85.377179"><ele>3790.765</ele><time>2023-02-14T10:17:26Z</time></trkpt><trkpt lat="28.092835" lon="85.377204"><ele>3790.821</ele><time>2023-02-14T10:18:03Z</time></trkpt><trkpt lat="28.092812" lon="85.377251"><ele>3789.509</ele><time>2023-02-14T10:18:24Z</time></trkpt><trkpt lat="28.092812" lon="85.377303"><ele>3790.490</ele><time>2023-02-14T10:18:35Z</time></trkpt><trkpt lat="28.092827" lon="85.377513"><ele>3797.211</ele><time>2023-02-14T10:19:33Z</time></trkpt><trkpt lat="28.092780" lon="85.377516"><ele>3800.095</ele><time>2023-02-14T10:19:47Z</time></trkpt><trkpt lat="28.092738" lon="85.377536"><ele>3802.439</ele><time>2023-02-14T10:19:55Z</time></trkpt><trkpt lat="28.092693" lon="85.377543"><ele>3805.229</ele><time>2023-02-14T10:20:46Z</time></trkpt><trkpt lat="28.092648" lon="85.377543"><ele>3805.783</ele><time>2023-02-14T10:20:54Z</time></trkpt><trkpt lat="28.092571" lon="85.377503"><ele>3833.931</ele><time>2023-02-14T10:21:01Z</time></trkpt><trkpt lat="28.092613" lon="85.377535"><ele>3818.683</ele><time>2023-02-14T10:21:03Z</time></trkpt><trkpt lat="28.092580" lon="85.377573"><ele>3811.670</ele><time>2023-02-14T10:21:37Z</time></trkpt><trkpt lat="28.092603" lon="85.377625"><ele>3808.737</ele><time>2023-02-14T10:22:48Z</time></trkpt><trkpt lat="28.092558" lon="85.377652"><ele>3804.349</ele><time>2023-02-14T10:22:54Z</time></trkpt><trkpt lat="28.092591" lon="85.377695"><ele>3803.613</ele><time>2023-02-14T10:23:08Z</time></trkpt><trkpt lat="28.092629" lon="85.377732"><ele>3805.809</ele><time>2023-02-14T10:23:18Z</time></trkpt><trkpt lat="28.092597" lon="85.377780"><ele>3803.234</ele><time>2023-02-14T10:23:32Z</time></trkpt><trkpt lat="28.092589" lon="85.377837"><ele>3804.945</ele><time>2023-02-14T10:23:36Z</time></trkpt><trkpt lat="28.092584" lon="85.377910"><ele>3807.949</ele><time>2023-02-14T10:23:59Z</time></trkpt><trkpt lat="28.092612" lon="85.377998"><ele>3810.583</ele><time>2023-02-14T10:24:24Z</time></trkpt><trkpt lat="28.092635" lon="85.378051"><ele>3812.753</ele><time>2023-02-14T10:24:31Z</time></trkpt><trkpt lat="28.092622" lon="85.378101"><ele>3811.917</ele><time>2023-02-14T10:24:42Z</time></trkpt><trkpt lat="28.092600" lon="85.378151"><ele>3813.615</ele><time>2023-02-14T10:24:51Z</time></trkpt><trkpt lat="28.092563" lon="85.378191"><ele>3815.937</ele><time>2023-02-14T10:24:59Z</time></trkpt><trkpt lat="28.092548" lon="85.378251"><ele>3818.554</ele><time>2023-02-14T10:25:23Z</time></trkpt><trkpt lat="28.092511" lon="85.378283"><ele>3819.883</ele><time>2023-02-14T10:25:31Z</time></trkpt><trkpt lat="28.092489" lon="85.378335"><ele>3824.625</ele><time>2023-02-14T10:26:00Z</time></trkpt><trkpt lat="28.092494" lon="85.378398"><ele>3826.917</ele><time>2023-02-14T10:26:23Z</time></trkpt><trkpt lat="28.092452" lon="85.378436"><ele>3828.609</ele><time>2023-02-14T10:26:40Z</time></trkpt><trkpt lat="28.092405" lon="85.378446"><ele>3830.619</ele><time>2023-02-14T10:26:48Z</time></trkpt><trkpt lat="28.092363" lon="85.378476"><ele>3830.390</ele><time>2023-02-14T10:27:09Z</time></trkpt><trkpt lat="28.092321" lon="85.378504"><ele>3833.314</ele><time>2023-02-14T10:27:40Z</time></trkpt><trkpt lat="28.092284" lon="85.378536"><ele>3834.628</ele><time>2023-02-14T10:27:47Z</time></trkpt><trkpt lat="28.092242" lon="85.378564"><ele>3835.488</ele><time>2023-02-14T10:27:55Z</time></trkpt><trkpt lat="28.092210" lon="85.378604"><ele>3834.752</ele><time>2023-02-14T10:28:06Z</time></trkpt><trkpt lat="28.092162" lon="85.378611"><ele>3835.180</ele><time>2023-02-14T10:28:14Z</time></trkpt><trkpt lat="28.092114" lon="85.378614"><ele>3834.052</ele><time>2023-02-14T10:28:22Z</time></trkpt><trkpt lat="28.092089" lon="85.378659"><ele>3833.219</ele><time>2023-02-14T10:28:33Z</time></trkpt><trkpt lat="28.092131" lon="85.378696"><ele>3835.559</ele><time>2023-02-14T10:28:59Z</time></trkpt><trkpt lat="28.092171" lon="85.378728"><ele>3837.303</ele><time>2023-02-14T10:29:08Z</time></trkpt><trkpt lat="28.092171" lon="85.378791"><ele>3852.723</ele><time>2023-02-14T10:29:21Z</time></trkpt><trkpt lat="28.092213" lon="85.378816"><ele>3853.509</ele><time>2023-02-14T10:29:42Z</time></trkpt><trkpt lat="28.092230" lon="85.378871"><ele>3847.686</ele><time>2023-02-14T10:29:50Z</time></trkpt><trkpt lat="28.092278" lon="85.378889"><ele>3841.287</ele><time>2023-02-14T10:30:19Z</time></trkpt><trkpt lat="28.092303" lon="85.378936"><ele>3840.851</ele><time>2023-02-14T10:30:27Z</time></trkpt><trkpt lat="28.092321" lon="85.378989"><ele>3841.795</ele><time>2023-02-14T10:30:33Z</time></trkpt><trkpt lat="28.092324" lon="85.379044"><ele>3843.035</ele><time>2023-02-14T10:30:38Z</time></trkpt><trkpt lat="28.092319" lon="85.379102"><ele>3844.599</ele><time>2023-02-14T10:30:44Z</time></trkpt><trkpt lat="28.092356" lon="85.379134"><ele>3848.657</ele><time>2023-02-14T10:30:56Z</time></trkpt><trkpt lat="28.092414" lon="85.379182"><ele>3851.479</ele><time>2023-02-14T10:31:14Z</time></trkpt><trkpt lat="28.092417" lon="85.379234"><ele>3859.196</ele><time>2023-02-14T10:31:20Z</time></trkpt><trkpt lat="28.092467" lon="85.379259"><ele>3863.436</ele><time>2023-02-14T10:31:28Z</time></trkpt><trkpt lat="28.092510" lon="85.379277"><ele>3863.317</ele><time>2023-02-14T10:31:35Z</time></trkpt><trkpt lat="28.092473" lon="85.379334"><ele>3863.218</ele><time>2023-02-14T10:31:50Z</time></trkpt><trkpt lat="28.092435" lon="85.379381"><ele>3864.009</ele><time>2023-02-14T10:32:04Z</time></trkpt><trkpt lat="28.092410" lon="85.379446"><ele>3863.534</ele><time>2023-02-14T10:32:16Z</time></trkpt><trkpt lat="28.092407" lon="85.379499"><ele>3862.225</ele><time>2023-02-14T10:32:27Z</time></trkpt><trkpt lat="28.092464" lon="85.379557"><ele>3863.419</ele><time>2023-02-14T10:32:49Z</time></trkpt><trkpt lat="28.092506" lon="85.379585"><ele>3868.323</ele><time>2023-02-14T10:33:14Z</time></trkpt><trkpt lat="28.092538" lon="85.379627"><ele>3871.563</ele><time>2023-02-14T10:33:47Z</time></trkpt><trkpt lat="28.092565" lon="85.379675"><ele>3870.617</ele><time>2023-02-14T10:34:01Z</time></trkpt><trkpt lat="28.092550" lon="85.379728"><ele>3871.425</ele><time>2023-02-14T10:34:08Z</time></trkpt><trkpt lat="28.092505" lon="85.379746"><ele>3871.467</ele><time>2023-02-14T10:34:15Z</time></trkpt><trkpt lat="28.092515" lon="85.379803"><ele>3869.724</ele><time>2023-02-14T10:34:28Z</time></trkpt><trkpt lat="28.092550" lon="85.379838"><ele>3870.855</ele><time>2023-02-14T10:34:40Z</time></trkpt><trkpt lat="28.092602" lon="85.379845"><ele>3871.307</ele><time>2023-02-14T10:34:48Z</time></trkpt><trkpt lat="28.092647" lon="85.379842"><ele>3872.517</ele><time>2023-02-14T10:34:54Z</time></trkpt><trkpt lat="28.092695" lon="85.379824"><ele>3873.809</ele><time>2023-02-14T10:35:04Z</time></trkpt><trkpt lat="28.092662" lon="85.379787"><ele>3874.566</ele><time>2023-02-14T10:36:24Z</time></trkpt><trkpt lat="28.092679" lon="85.379840"><ele>3878.097</ele><time>2023-02-14T10:38:07Z</time></trkpt><trkpt lat="28.092686" lon="85.379785"><ele>3876.831</ele><time>2023-02-14T10:38:17Z</time></trkpt><trkpt lat="28.092149" lon="85.380605"><ele>3898.575</ele><time>2023-02-14T11:02:27Z</time></trkpt><trkpt lat="28.092102" lon="85.380632"><ele>3901.045</ele><time>2023-02-14T11:02:54Z</time></trkpt><trkpt lat="28.092064" lon="85.380664"><ele>3900.589</ele><time>2023-02-14T11:03:01Z</time></trkpt><trkpt lat="28.092031" lon="85.380706"><ele>3898.357</ele><time>2023-02-14T11:03:06Z</time></trkpt><trkpt lat="28.092053" lon="85.380753"><ele>3898.889</ele><time>2023-02-14T11:03:22Z</time></trkpt><trkpt lat="28.092046" lon="85.380805"><ele>3900.946</ele><time>2023-02-14T11:03:31Z</time></trkpt><trkpt lat="28.092046" lon="85.380857"><ele>3903.032</ele><time>2023-02-14T11:03:39Z</time></trkpt><trkpt lat="28.092014" lon="85.380894"><ele>3904.092</ele><time>2023-02-14T11:03:46Z</time></trkpt><trkpt lat="28.091987" lon="85.380941"><ele>3906.611</ele><time>2023-02-14T11:04:02Z</time></trkpt><trkpt lat="28.091952" lon="85.380986"><ele>3908.909</ele><time>2023-02-14T11:04:13Z</time></trkpt><trkpt lat="28.091909" lon="85.381009"><ele>3908.954</ele><time>2023-02-14T11:04:19Z</time></trkpt><trkpt lat="28.091902" lon="85.381061"><ele>3912.385</ele><time>2023-02-14T11:04:28Z</time></trkpt><trkpt lat="28.091870" lon="85.381103"><ele>3914.859</ele><time>2023-02-14T11:04:35Z</time></trkpt><trkpt lat="28.091827" lon="85.381140"><ele>3915.363</ele><time>2023-02-14T11:04:44Z</time></trkpt><trkpt lat="28.091799" lon="85.381183"><ele>3917.513</ele><time>2023-02-14T11:05:03Z</time></trkpt><trkpt lat="28.091811" lon="85.381233"><ele>3916.577</ele><time>2023-02-14T11:05:19Z</time></trkpt><trkpt lat="28.091831" lon="85.381288"><ele>3917.155</ele><time>2023-02-14T11:05:31Z</time></trkpt><trkpt lat="28.091836" lon="85.381345"><ele>3919.047</ele><time>2023-02-14T11:05:46Z</time></trkpt><trkpt lat="28.091861" lon="85.381395"><ele>3920.944</ele><time>2023-02-14T11:05:57Z</time></trkpt><trkpt lat="28.091843" lon="85.381442"><ele>3923.752</ele><time>2023-02-14T11:06:05Z</time></trkpt><trkpt lat="28.091861" lon="85.381490"><ele>3925.153</ele><time>2023-02-14T11:06:17Z</time></trkpt><trkpt lat="28.091836" lon="85.381537"><ele>3927.508</ele><time>2023-02-14T11:06:32Z</time></trkpt><trkpt lat="28.091834" lon="85.381594"><ele>3927.909</ele><time>2023-02-14T11:06:41Z</time></trkpt><trkpt lat="28.091802" lon="85.381632"><ele>3928.016</ele><time>2023-02-14T11:06:50Z</time></trkpt><trkpt lat="28.091800" lon="85.381687"><ele>3928.587</ele><time>2023-02-14T11:07:01Z</time></trkpt><trkpt lat="28.091783" lon="85.381742"><ele>3927.491</ele><time>2023-02-14T11:07:21Z</time></trkpt><trkpt lat="28.091751" lon="85.381785"><ele>3928.665</ele><time>2023-02-14T11:07:27Z</time></trkpt><trkpt lat="28.091711" lon="85.381812"><ele>3930.045</ele><time>2023-02-14T11:07:35Z</time></trkpt><trkpt lat="28.091664" lon="85.381839"><ele>3931.649</ele><time>2023-02-14T11:07:42Z</time></trkpt><trkpt lat="28.091649" lon="85.381887"><ele>3934.357</ele><time>2023-02-14T11:07:53Z</time></trkpt><trkpt lat="28.091604" lon="85.381909"><ele>3934.389</ele><time>2023-02-14T11:08:00Z</time></trkpt><trkpt lat="28.091554" lon="85.381932"><ele>3935.456</ele><time>2023-02-14T11:08:06Z</time></trkpt><trkpt lat="28.091522" lon="85.381975"><ele>3939.034</ele><time>2023-02-14T11:08:15Z</time></trkpt><trkpt lat="28.091489" lon="85.382010"><ele>3940.455</ele><time>2023-02-14T11:08:22Z</time></trkpt><trkpt lat="28.091481" lon="85.382063"><ele>3939.910</ele><time>2023-02-14T11:08:33Z</time></trkpt><trkpt lat="28.091471" lon="85.382115"><ele>3939.509</ele><time>2023-02-14T11:08:44Z</time></trkpt><trkpt lat="28.091433" lon="85.382148"><ele>3939.484</ele><time>2023-02-14T11:08:54Z</time></trkpt><trkpt lat="28.091396" lon="85.382178"><ele>3940.615</ele><time>2023-02-14T11:09:01Z</time></trkpt><trkpt lat="28.091369" lon="85.382223"><ele>3941.479</ele><time>2023-02-14T11:09:08Z</time></trkpt><trkpt lat="28.091336" lon="85.382265"><ele>3942.173</ele><time>2023-02-14T11:09:17Z</time></trkpt><trkpt lat="28.091293" lon="85.382292"><ele>3942.283</ele><time>2023-02-14T11:09:34Z</time></trkpt><trkpt lat="28.091245" lon="85.382309"><ele>3943.677</ele><time>2023-02-14T11:09:43Z</time></trkpt><trkpt lat="28.091207" lon="85.382341"><ele>3945.395</ele><time>2023-02-14T11:09:51Z</time></trkpt><trkpt lat="28.091167" lon="85.382373"><ele>3947.317</ele><time>2023-02-14T11:10:00Z</time></trkpt><trkpt lat="28.091154" lon="85.382430"><ele>3947.874</ele><time>2023-02-14T11:10:16Z</time></trkpt><trkpt lat="28.091127" lon="85.382480"><ele>3950.169</ele><time>2023-02-14T11:10:41Z</time></trkpt><trkpt lat="28.091087" lon="85.382507"><ele>3951.604</ele><time>2023-02-14T11:10:49Z</time></trkpt><trkpt lat="28.091054" lon="85.382575"><ele>3949.624</ele><time>2023-02-14T11:11:17Z</time></trkpt><trkpt lat="28.091076" lon="85.382620"><ele>3951.509</ele><time>2023-02-14T11:11:34Z</time></trkpt><trkpt lat="28.091088" lon="85.382670"><ele>3952.347</ele><time>2023-02-14T11:11:46Z</time></trkpt><trkpt lat="28.091093" lon="85.382737"><ele>3952.638</ele><time>2023-02-14T11:12:01Z</time></trkpt><trkpt lat="28.091131" lon="85.382765"><ele>3956.482</ele><time>2023-02-14T11:12:10Z</time></trkpt><trkpt lat="28.091164" lon="85.382907"><ele>3989.166</ele><time>2023-02-14T11:12:37Z</time></trkpt><trkpt lat="28.091132" lon="85.382954"><ele>3971.836</ele><time>2023-02-14T11:13:12Z</time></trkpt><trkpt lat="28.091134" lon="85.383014"><ele>3964.130</ele><time>2023-02-14T11:13:23Z</time></trkpt><trkpt lat="28.091144" lon="85.383067"><ele>3965.728</ele><time>2023-02-14T11:13:35Z</time></trkpt><trkpt lat="28.091134" lon="85.383127"><ele>3969.630</ele><time>2023-02-14T11:13:54Z</time></trkpt><trkpt lat="28.091097" lon="85.383167"><ele>3971.097</ele><time>2023-02-14T11:13:59Z</time></trkpt><trkpt lat="28.091050" lon="85.383165"><ele>3975.449</ele><time>2023-02-14T11:14:13Z</time></trkpt><trkpt lat="28.091012" lon="85.383198"><ele>3977.702</ele><time>2023-02-14T11:14:26Z</time></trkpt><trkpt lat="28.091052" lon="85.383225"><ele>3980.022</ele><time>2023-02-14T11:14:56Z</time></trkpt><trkpt lat="28.091050" lon="85.383277"><ele>3981.309</ele><time>2023-02-14T11:15:17Z</time></trkpt><trkpt lat="28.091010" lon="85.383322"><ele>3982.635</ele><time>2023-02-14T11:15:23Z</time></trkpt><trkpt lat="28.090963" lon="85.383332"><ele>3982.296</ele><time>2023-02-14T11:15:36Z</time></trkpt><trkpt lat="28.090915" lon="85.383337"><ele>3981.940</ele><time>2023-02-14T11:15:44Z</time></trkpt><trkpt lat="28.090870" lon="85.383345"><ele>3981.374</ele><time>2023-02-14T11:15:58Z</time></trkpt><trkpt lat="28.090810" lon="85.383352"><ele>3982.134</ele><time>2023-02-14T11:16:32Z</time></trkpt><trkpt lat="28.090755" lon="85.383367"><ele>3983.088</ele><time>2023-02-14T11:16:51Z</time></trkpt><trkpt lat="28.090710" lon="85.383377"><ele>3985.516</ele><time>2023-02-14T11:16:58Z</time></trkpt><trkpt lat="28.090708" lon="85.383429"><ele>3981.698</ele><time>2023-02-14T11:17:39Z</time></trkpt><trkpt lat="28.090703" lon="85.383481"><ele>3982.185</ele><time>2023-02-14T11:17:58Z</time></trkpt><trkpt lat="28.090713" lon="85.383538"><ele>3982.831</ele><time>2023-02-14T11:18:10Z</time></trkpt><trkpt lat="28.090716" lon="85.383590"><ele>3984.261</ele><time>2023-02-14T11:18:19Z</time></trkpt><trkpt lat="28.090724" lon="85.383643"><ele>3990.407</ele><time>2023-02-14T11:18:43Z</time></trkpt><trkpt lat="28.090691" lon="85.383681"><ele>3990.109</ele><time>2023-02-14T11:18:48Z</time></trkpt><trkpt lat="28.090653" lon="85.383718"><ele>3990.044</ele><time>2023-02-14T11:18:54Z</time></trkpt><trkpt lat="28.090608" lon="85.383721"><ele>3989.635</ele><time>2023-02-14T11:19:02Z</time></trkpt><trkpt lat="28.090561" lon="85.383723"><ele>3990.979</ele><time>2023-02-14T11:19:13Z</time></trkpt><trkpt lat="28.090606" lon="85.383743"><ele>3992.233</ele><time>2023-02-14T11:19:35Z</time></trkpt><trkpt lat="28.090638" lon="85.383906"><ele>4029.893</ele><time>2023-02-14T11:20:19Z</time></trkpt><trkpt lat="28.090616" lon="85.384001"><ele>4058.587</ele><time>2023-02-14T11:20:21Z</time></trkpt><trkpt lat="28.090579" lon="85.384034"><ele>4074.215</ele><time>2023-02-14T11:20:29Z</time></trkpt><trkpt lat="28.090586" lon="85.383941"><ele>4058.877</ele><time>2023-02-14T11:20:36Z</time></trkpt><trkpt lat="28.090608" lon="85.383886"><ele>4041.184</ele><time>2023-02-14T11:20:46Z</time></trkpt><trkpt lat="28.090561" lon="85.383863"><ele>4024.181</ele><time>2023-02-14T11:22:30Z</time></trkpt><trkpt lat="28.090516" lon="85.383858"><ele>4009.061</ele><time>2023-02-14T11:22:40Z</time></trkpt><trkpt lat="28.090488" lon="85.383898"><ele>4003.517</ele><time>2023-02-14T11:22:51Z</time></trkpt><trkpt lat="28.090441" lon="85.383903"><ele>4007.009</ele><time>2023-02-14T11:23:00Z</time></trkpt><trkpt lat="28.090466" lon="85.383953"><ele>4007.629</ele><time>2023-02-14T11:23:22Z</time></trkpt><trkpt lat="28.090454" lon="85.384006"><ele>4008.620</ele><time>2023-02-14T11:23:30Z</time></trkpt><trkpt lat="28.090444" lon="85.384061"><ele>4011.194</ele><time>2023-02-14T11:23:39Z</time></trkpt><trkpt lat="28.090454" lon="85.384114"><ele>4009.958</ele><time>2023-02-14T11:24:12Z</time></trkpt><trkpt lat="28.090431" lon="85.384159"><ele>4010.978</ele><time>2023-02-14T11:24:17Z</time></trkpt><trkpt lat="28.090406" lon="85.384207"><ele>4012.952</ele><time>2023-02-14T11:24:26Z</time></trkpt><trkpt lat="28.090381" lon="85.384250"><ele>4015.660</ele><time>2023-02-14T11:24:34Z</time></trkpt><trkpt lat="28.090361" lon="85.384298"><ele>4019.072</ele><time>2023-02-14T11:24:46Z</time></trkpt><trkpt lat="28.090326" lon="85.384331"><ele>4020.229</ele><time>2023-02-14T11:24:55Z</time></trkpt><trkpt lat="28.090298" lon="85.384289"><ele>4019.751</ele><time>2023-02-14T11:25:05Z</time></trkpt><trkpt lat="28.090255" lon="85.384264"><ele>4018.801</ele><time>2023-02-14T11:25:13Z</time></trkpt><trkpt lat="28.090205" lon="85.384286"><ele>4018.511</ele><time>2023-02-14T11:25:35Z</time></trkpt><trkpt lat="28.090160" lon="85.384299"><ele>4019.009</ele><time>2023-02-14T11:25:42Z</time></trkpt><trkpt lat="28.090112" lon="85.384304"><ele>4019.426</ele><time>2023-02-14T11:25:54Z</time></trkpt><trkpt lat="28.090089" lon="85.384352"><ele>4021.547</ele><time>2023-02-14T11:26:06Z</time></trkpt><trkpt lat="28.090049" lon="85.384380"><ele>4021.681</ele><time>2023-02-14T11:26:14Z</time></trkpt><trkpt lat="28.090004" lon="85.384387"><ele>4021.745</ele><time>2023-02-14T11:26:24Z</time></trkpt><trkpt lat="28.089961" lon="85.384410"><ele>4022.095</ele><time>2023-02-14T11:26:31Z</time></trkpt><trkpt lat="28.089991" lon="85.384458"><ele>4024.889</ele><time>2023-02-14T11:26:55Z</time></trkpt><trkpt lat="28.089978" lon="85.384510"><ele>4027.397</ele><time>2023-02-14T11:27:05Z</time></trkpt><trkpt lat="28.089965" lon="85.384560"><ele>4029.389</ele><time>2023-02-14T11:27:13Z</time></trkpt><trkpt lat="28.089932" lon="85.384640"><ele>4029.376</ele><time>2023-02-14T11:27:40Z</time></trkpt><trkpt lat="28.089905" lon="85.384683"><ele>4030.559</ele><time>2023-02-14T11:27:52Z</time></trkpt><trkpt lat="28.089878" lon="85.384728"><ele>4035.003</ele><time>2023-02-14T11:28:03Z</time></trkpt><trkpt lat="28.089850" lon="85.384770"><ele>4037.523</ele><time>2023-02-14T11:28:13Z</time></trkpt><trkpt lat="28.089853" lon="85.384840"><ele>4035.709</ele><time>2023-02-14T11:28:33Z</time></trkpt><trkpt lat="28.089835" lon="85.384888"><ele>4039.376</ele><time>2023-02-14T11:28:43Z</time></trkpt><trkpt lat="28.089838" lon="85.384940"><ele>4035.377</ele><time>2023-02-14T11:30:13Z</time></trkpt><trkpt lat="28.089811" lon="85.384985"><ele>4037.331</ele><time>2023-02-14T11:30:26Z</time></trkpt><trkpt lat="28.089803" lon="85.385037"><ele>4038.365</ele><time>2023-02-14T11:30:35Z</time></trkpt><trkpt lat="28.089796" lon="85.385090"><ele>4041.425</ele><time>2023-02-14T11:30:47Z</time></trkpt><trkpt lat="28.089819" lon="85.385138"><ele>4041.069</ele><time>2023-02-14T11:30:56Z</time></trkpt><trkpt lat="28.089816" lon="85.385193"><ele>4045.667</ele><time>2023-02-14T11:31:11Z</time></trkpt><trkpt lat="28.089833" lon="85.385243"><ele>4045.859</ele><time>2023-02-14T11:31:21Z</time></trkpt><trkpt lat="28.089856" lon="85.385333"><ele>4068.566</ele><time>2023-02-14T11:31:46Z</time></trkpt><trkpt lat="28.089846" lon="85.385283"><ele>4053.471</ele><time>2023-02-14T11:31:51Z</time></trkpt><trkpt lat="28.089821" lon="85.385326"><ele>4044.741</ele><time>2023-02-14T11:33:31Z</time></trkpt><trkpt lat="28.089826" lon="85.385386"><ele>4044.315</ele><time>2023-02-14T11:33:38Z</time></trkpt><trkpt lat="28.089813" lon="85.385441"><ele>4047.609</ele><time>2023-02-14T11:33:46Z</time></trkpt><trkpt lat="28.089806" lon="85.385493"><ele>4048.918</ele><time>2023-02-14T11:33:59Z</time></trkpt><trkpt lat="28.089791" lon="85.385545"><ele>4050.689</ele><time>2023-02-14T11:34:07Z</time></trkpt><trkpt lat="28.089806" lon="85.385595"><ele>4048.893</ele><time>2023-02-14T11:34:17Z</time></trkpt><trkpt lat="28.089781" lon="85.385638"><ele>4050.867</ele><time>2023-02-14T11:34:28Z</time></trkpt><trkpt lat="28.089743" lon="85.385670"><ele>4051.887</ele><time>2023-02-14T11:34:41Z</time></trkpt><trkpt lat="28.089698" lon="85.385685"><ele>4053.571</ele><time>2023-02-14T11:34:49Z</time></trkpt><trkpt lat="28.089651" lon="85.385690"><ele>4057.699</ele><time>2023-02-14T11:35:09Z</time></trkpt><trkpt lat="28.089589" lon="85.385703"><ele>4059.671</ele><time>2023-02-14T11:35:24Z</time></trkpt><trkpt lat="28.089544" lon="85.385705"><ele>4061.478</ele><time>2023-02-14T11:35:34Z</time></trkpt><trkpt lat="28.089432" lon="85.385728"><ele>4064.195</ele><time>2023-02-14T11:36:10Z</time></trkpt><trkpt lat="28.089384" lon="85.385731"><ele>4063.949</ele><time>2023-02-14T11:36:20Z</time></trkpt><trkpt lat="28.089344" lon="85.385763"><ele>4064.823</ele><time>2023-02-14T11:36:28Z</time></trkpt><trkpt lat="28.089307" lon="85.385796"><ele>4065.409</ele><time>2023-02-14T11:36:40Z</time></trkpt><trkpt lat="28.089274" lon="85.385833"><ele>4064.940</ele><time>2023-02-14T11:37:02Z</time></trkpt><trkpt lat="28.089296" lon="85.385880"><ele>4064.371</ele><time>2023-02-14T11:37:10Z</time></trkpt><trkpt lat="28.089321" lon="85.385928"><ele>4064.015</ele><time>2023-02-14T11:37:18Z</time></trkpt><trkpt lat="28.089341" lon="85.385978"><ele>4065.389</ele><time>2023-02-14T11:37:29Z</time></trkpt><trkpt lat="28.089361" lon="85.386085"><ele>4070.519</ele><time>2023-02-14T11:38:09Z</time></trkpt><trkpt lat="28.089378" lon="85.386142"><ele>4073.263</ele><time>2023-02-14T11:38:32Z</time></trkpt><trkpt lat="28.089393" lon="85.386190"><ele>4074.241</ele><time>2023-02-14T11:38:47Z</time></trkpt><trkpt lat="28.089368" lon="85.386238"><ele>4078.943</ele><time>2023-02-14T11:38:59Z</time></trkpt><trkpt lat="28.089330" lon="85.386271"><ele>4082.790</ele><time>2023-02-14T11:39:21Z</time></trkpt><trkpt lat="28.089265" lon="85.386298"><ele>4081.718</ele><time>2023-02-14T11:40:04Z</time></trkpt><trkpt lat="28.089233" lon="85.386336"><ele>4082.198</ele><time>2023-02-14T11:40:12Z</time></trkpt><trkpt lat="28.089236" lon="85.386398"><ele>4082.317</ele><time>2023-02-14T11:40:33Z</time></trkpt><trkpt lat="28.089231" lon="85.386541"><ele>4085.909</ele><time>2023-02-14T11:41:23Z</time></trkpt><trkpt lat="28.089213" lon="85.386601"><ele>4090.952</ele><time>2023-02-14T11:42:03Z</time></trkpt><trkpt lat="28.089201" lon="85.386651"><ele>4092.363</ele><time>2023-02-14T11:42:15Z</time></trkpt><trkpt lat="28.089196" lon="85.386709"><ele>4093.757</ele><time>2023-02-14T11:42:36Z</time></trkpt><trkpt lat="28.089096" lon="85.386817"><ele>4101.041</ele><time>2023-02-14T11:43:17Z</time></trkpt><trkpt lat="28.089054" lon="85.386839"><ele>4101.621</ele><time>2023-02-14T11:43:28Z</time></trkpt><trkpt lat="28.089022" lon="85.386882"><ele>4102.565</ele><time>2023-02-14T11:43:39Z</time></trkpt><trkpt lat="28.089039" lon="85.386932"><ele>4101.533</ele><time>2023-02-14T11:45:20Z</time></trkpt><trkpt lat="28.089046" lon="85.386987"><ele>4101.715</ele><time>2023-02-14T11:45:28Z</time></trkpt><trkpt lat="28.089024" lon="85.387035"><ele>4103.422</ele><time>2023-02-14T11:45:35Z</time></trkpt><trkpt lat="28.089011" lon="85.387095"><ele>4107.668</ele><time>2023-02-14T11:45:47Z</time></trkpt><trkpt lat="28.088973" lon="85.387135"><ele>4110.742</ele><time>2023-02-14T11:45:57Z</time></trkpt><trkpt lat="28.088935" lon="85.387182"><ele>4110.026</ele><time>2023-02-14T11:46:39Z</time></trkpt><trkpt lat="28.088932" lon="85.387234"><ele>4111.609</ele><time>2023-02-14T11:46:46Z</time></trkpt><trkpt lat="28.088887" lon="85.387372"><ele>4118.247</ele><time>2023-02-14T11:47:25Z</time></trkpt><trkpt lat="28.088845" lon="85.387402"><ele>4117.928</ele><time>2023-02-14T11:49:47Z</time></trkpt><trkpt lat="28.088868" lon="85.387447"><ele>4117.162</ele><time>2023-02-14T11:50:04Z</time></trkpt><trkpt lat="28.088868" lon="85.387499"><ele>4116.996</ele><time>2023-02-14T11:50:15Z</time></trkpt><trkpt lat="28.088885" lon="85.387549"><ele>4116.696</ele><time>2023-02-14T11:50:30Z</time></trkpt><trkpt lat="28.088875" lon="85.387621"><ele>4121.830</ele><time>2023-02-14T11:51:00Z</time></trkpt><trkpt lat="28.088877" lon="85.387694"><ele>4123.738</ele><time>2023-02-14T11:51:18Z</time></trkpt><trkpt lat="28.088879" lon="85.387751"><ele>4126.150</ele><time>2023-02-14T11:51:28Z</time></trkpt><trkpt lat="28.088889" lon="85.387801"><ele>4128.727</ele><time>2023-02-14T11:51:36Z</time></trkpt><trkpt lat="28.088856" lon="85.387888"><ele>4131.739</ele><time>2023-02-14T11:53:09Z</time></trkpt><trkpt lat="28.088831" lon="85.387935"><ele>4137.001</ele><time>2023-02-14T11:54:05Z</time></trkpt><trkpt lat="28.088809" lon="85.387980"><ele>4139.121</ele><time>2023-02-14T11:54:13Z</time></trkpt><trkpt lat="28.088771" lon="85.388008"><ele>4139.309</ele><time>2023-02-14T11:54:25Z</time></trkpt><trkpt lat="28.088736" lon="85.388050"><ele>4138.264</ele><time>2023-02-14T11:55:10Z</time></trkpt><trkpt lat="28.088689" lon="85.388128"><ele>4144.015</ele><time>2023-02-14T11:55:47Z</time></trkpt><trkpt lat="28.088649" lon="85.388158"><ele>4142.319</ele><time>2023-02-14T11:56:15Z</time></trkpt><trkpt lat="28.088581" lon="85.388143"><ele>4149.393</ele><time>2023-02-14T11:56:59Z</time></trkpt><trkpt lat="28.088534" lon="85.388153"><ele>4149.973</ele><time>2023-02-14T11:57:06Z</time></trkpt><trkpt lat="28.088507" lon="85.388246"><ele>4147.477</ele><time>2023-02-14T11:57:41Z</time></trkpt><trkpt lat="28.088519" lon="85.388299"><ele>4145.745</ele><time>2023-02-14T11:57:49Z</time></trkpt><trkpt lat="28.088486" lon="85.388334"><ele>4146.347</ele><time>2023-02-14T11:58:42Z</time></trkpt><trkpt lat="28.088466" lon="85.388382"><ele>4148.344</ele><time>2023-02-14T11:58:51Z</time></trkpt><trkpt lat="28.088446" lon="85.388449"><ele>4148.971</ele><time>2023-02-14T11:59:01Z</time></trkpt><trkpt lat="28.088414" lon="85.388487"><ele>4152.941</ele><time>2023-02-14T11:59:13Z</time></trkpt><trkpt lat="28.088371" lon="85.388472"><ele>4154.615</ele><time>2023-02-14T11:59:47Z</time></trkpt><trkpt lat="28.088333" lon="85.388500"><ele>4157.809</ele><time>2023-02-14T11:59:54Z</time></trkpt><trkpt lat="28.088285" lon="85.388517"><ele>4158.558</ele><time>2023-02-14T12:00:31Z</time></trkpt><trkpt lat="28.088235" lon="85.388624"><ele>4162.099</ele><time>2023-02-14T12:01:10Z</time></trkpt><trkpt lat="28.088175" lon="85.388669"><ele>4186.043</ele><time>2023-02-14T12:02:22Z</time></trkpt><trkpt lat="28.088220" lon="85.388674"><ele>4179.697</ele><time>2023-02-14T12:02:27Z</time></trkpt><trkpt lat="28.088180" lon="85.388702"><ele>4169.667</ele><time>2023-02-14T12:02:43Z</time></trkpt><trkpt lat="28.088118" lon="85.388680"><ele>4170.551</ele><time>2023-02-14T12:03:46Z</time></trkpt><trkpt lat="28.088071" lon="85.388683"><ele>4173.399</ele><time>2023-02-14T12:03:53Z</time></trkpt><trkpt lat="28.088021" lon="85.388678"><ele>4176.411</ele><time>2023-02-14T12:04:01Z</time></trkpt><trkpt lat="28.087988" lon="85.388720"><ele>4171.378</ele><time>2023-02-14T12:04:24Z</time></trkpt><trkpt lat="28.087958" lon="85.388763"><ele>4173.068</ele><time>2023-02-14T12:04:32Z</time></trkpt><trkpt lat="28.087928" lon="85.388813"><ele>4175.742</ele><time>2023-02-14T12:04:51Z</time></trkpt><trkpt lat="28.087888" lon="85.388845"><ele>4176.326</ele><time>2023-02-14T12:05:23Z</time></trkpt><trkpt lat="28.087868" lon="85.388893"><ele>4179.309</ele><time>2023-02-14T12:05:32Z</time></trkpt><trkpt lat="28.087835" lon="85.388931"><ele>4180.157</ele><time>2023-02-14T12:05:40Z</time></trkpt><trkpt lat="28.087842" lon="85.388989"><ele>4178.948</ele><time>2023-02-14T12:05:58Z</time></trkpt><trkpt lat="28.087840" lon="85.389046"><ele>4180.792</ele><time>2023-02-14T12:06:13Z</time></trkpt><trkpt lat="28.087792" lon="85.389054"><ele>4184.066</ele><time>2023-02-14T12:06:24Z</time></trkpt><trkpt lat="28.087785" lon="85.389111"><ele>4183.096</ele><time>2023-02-14T12:06:52Z</time></trkpt><trkpt lat="28.087770" lon="85.389159"><ele>4186.110</ele><time>2023-02-14T12:07:05Z</time></trkpt><trkpt lat="28.087727" lon="85.389176"><ele>4190.938</ele><time>2023-02-14T12:07:13Z</time></trkpt><trkpt lat="28.087699" lon="85.389219"><ele>4192.270</ele><time>2023-02-14T12:07:26Z</time></trkpt><trkpt lat="28.087676" lon="85.389287"><ele>4193.727</ele><time>2023-02-14T12:08:03Z</time></trkpt><trkpt lat="28.087634" lon="85.389405"><ele>4222.652</ele><time>2023-02-14T12:08:19Z</time></trkpt><trkpt lat="28.087666" lon="85.389343"><ele>4209.953</ele><time>2023-02-14T12:08:22Z</time></trkpt><trkpt lat="28.087621" lon="85.389375"><ele>4195.208</ele><time>2023-02-14T12:11:01Z</time></trkpt><trkpt lat="28.087603" lon="85.389427"><ele>4197.309</ele><time>2023-02-14T12:11:10Z</time></trkpt><trkpt lat="28.087565" lon="85.389454"><ele>4196.016</ele><time>2023-02-14T12:12:15Z</time></trkpt><trkpt lat="28.087527" lon="85.389482"><ele>4201.427</ele><time>2023-02-14T12:12:50Z</time></trkpt><trkpt lat="28.087565" lon="85.389447"><ele>4202.071</ele><time>2023-02-14T12:14:20Z</time></trkpt><trkpt lat="28.087620" lon="85.389459"><ele>4196.235</ele><time>2023-02-14T12:15:00Z</time></trkpt><trkpt lat="28.087567" lon="85.389446"><ele>4197.625</ele><time>2023-02-14T12:15:34Z</time></trkpt><trkpt lat="28.087527" lon="85.389476"><ele>4200.529</ele><time>2023-02-14T12:16:03Z</time></trkpt><trkpt lat="28.087544" lon="85.389524"><ele>4197.237</ele><time>2023-02-14T12:17:56Z</time></trkpt><trkpt lat="28.087492" lon="85.389551"><ele>4216.189</ele><time>2023-02-14T12:18:14Z</time></trkpt><trkpt lat="28.087447" lon="85.389568"><ele>4201.556</ele><time>2023-02-14T12:18:50Z</time></trkpt><trkpt lat="28.087397" lon="85.389595"><ele>4201.672</ele><time>2023-02-14T12:18:54Z</time></trkpt><trkpt lat="28.087355" lon="85.389615"><ele>4199.613</ele><time>2023-02-14T12:18:58Z</time></trkpt><trkpt lat="28.087322" lon="85.389655"><ele>4200.514</ele><time>2023-02-14T12:19:06Z</time></trkpt><trkpt lat="28.087314" lon="85.389712"><ele>4198.009</ele><time>2023-02-14T12:19:12Z</time></trkpt><trkpt lat="28.087291" lon="85.389762"><ele>4196.918</ele><time>2023-02-14T12:19:18Z</time></trkpt><trkpt lat="28.087281" lon="85.389817"><ele>4195.469</ele><time>2023-02-14T12:19:25Z</time></trkpt><trkpt lat="28.087279" lon="85.389875"><ele>4194.173</ele><time>2023-02-14T12:19:31Z</time></trkpt><trkpt lat="28.087266" lon="85.389935"><ele>4194.647</ele><time>2023-02-14T12:19:42Z</time></trkpt><trkpt lat="28.087221" lon="85.389965"><ele>4196.327</ele><time>2023-02-14T12:19:50Z</time></trkpt><trkpt lat="28.087179" lon="85.389985"><ele>4198.591</ele><time>2023-02-14T12:19:59Z</time></trkpt><trkpt lat="28.087159" lon="85.390043"><ele>4196.169</ele><time>2023-02-14T12:20:36Z</time></trkpt><trkpt lat="28.087141" lon="85.390093"><ele>4196.811</ele><time>2023-02-14T12:21:13Z</time></trkpt><trkpt lat="28.087139" lon="85.390146"><ele>4196.278</ele><time>2023-02-14T12:21:28Z</time></trkpt><trkpt lat="28.087151" lon="85.390198"><ele>4196.893</ele><time>2023-02-14T12:21:36Z</time></trkpt><trkpt lat="28.087149" lon="85.390298"><ele>4203.765</ele><time>2023-02-14T12:21:58Z</time></trkpt><trkpt lat="28.087146" lon="85.390355"><ele>4205.521</ele><time>2023-02-14T12:22:05Z</time></trkpt><trkpt lat="28.087144" lon="85.390412"><ele>4206.709</ele><time>2023-02-14T12:22:13Z</time></trkpt><trkpt lat="28.087124" lon="85.390460"><ele>4208.210</ele><time>2023-02-14T12:22:21Z</time></trkpt><trkpt lat="28.087142" lon="85.390517"><ele>4207.631</ele><time>2023-02-14T12:23:01Z</time></trkpt><trkpt lat="28.087107" lon="85.390559"><ele>4209.755</ele><time>2023-02-14T12:23:13Z</time></trkpt><trkpt lat="28.087092" lon="85.390609"><ele>4210.349</ele><time>2023-02-14T12:23:24Z</time></trkpt><trkpt lat="28.087040" lon="85.390704"><ele>4214.789</ele><time>2023-02-14T12:23:53Z</time></trkpt><trkpt lat="28.087030" lon="85.390754"><ele>4217.533</ele><time>2023-02-14T12:24:03Z</time></trkpt><trkpt lat="28.087010" lon="85.390801"><ele>4217.191</ele><time>2023-02-14T12:24:11Z</time></trkpt><trkpt lat="28.087005" lon="85.390854"><ele>4216.023</ele><time>2023-02-14T12:24:20Z</time></trkpt><trkpt lat="28.086993" lon="85.390904"><ele>4216.270</ele><time>2023-02-14T12:24:28Z</time></trkpt><trkpt lat="28.086986" lon="85.390961"><ele>4217.953</ele><time>2023-02-14T12:24:38Z</time></trkpt><trkpt lat="28.086968" lon="85.391009"><ele>4221.304</ele><time>2023-02-14T12:24:45Z</time></trkpt><trkpt lat="28.086966" lon="85.391064"><ele>4222.814</ele><time>2023-02-14T12:24:52Z</time></trkpt><trkpt lat="28.086956" lon="85.391122"><ele>4223.309</ele><time>2023-02-14T12:24:59Z</time></trkpt><trkpt lat="28.086956" lon="85.391177"><ele>4223.466</ele><time>2023-02-14T12:25:10Z</time></trkpt><trkpt lat="28.086953" lon="85.391235"><ele>4224.397</ele><time>2023-02-14T12:25:20Z</time></trkpt><trkpt lat="28.086950" lon="85.391288"><ele>4222.581</ele><time>2023-02-14T12:25:36Z</time></trkpt><trkpt lat="28.086962" lon="85.391338"><ele>4221.485</ele><time>2023-02-14T12:25:44Z</time></trkpt><trkpt lat="28.086962" lon="85.391391"><ele>4221.765</ele><time>2023-02-14T12:25:54Z</time></trkpt><trkpt lat="28.086954" lon="85.391446"><ele>4222.819</ele><time>2023-02-14T12:26:00Z</time></trkpt><trkpt lat="28.086944" lon="85.391499"><ele>4223.897</ele><time>2023-02-14T12:26:07Z</time></trkpt><trkpt lat="28.086909" lon="85.391591"><ele>4253.279</ele><time>2023-02-14T12:26:19Z</time></trkpt><trkpt lat="28.086939" lon="85.391551"><ele>4237.736</ele><time>2023-02-14T12:26:37Z</time></trkpt><trkpt lat="28.086902" lon="85.391581"><ele>4228.983</ele><time>2023-02-14T12:26:49Z</time></trkpt><trkpt lat="28.086862" lon="85.391606"><ele>4226.725</ele><time>2023-02-14T12:26:55Z</time></trkpt><trkpt lat="28.086842" lon="85.391653"><ele>4225.517</ele><time>2023-02-14T12:27:03Z</time></trkpt><trkpt lat="28.086844" lon="85.391705"><ele>4224.509</ele><time>2023-02-14T12:27:11Z</time></trkpt><trkpt lat="28.086846" lon="85.391758"><ele>4224.119</ele><time>2023-02-14T12:27:18Z</time></trkpt><trkpt lat="28.086858" lon="85.391810"><ele>4223.080</ele><time>2023-02-14T12:27:24Z</time></trkpt><trkpt lat="28.086836" lon="85.391863"><ele>4223.134</ele><time>2023-02-14T12:27:33Z</time></trkpt><trkpt lat="28.086823" lon="85.391915"><ele>4223.248</ele><time>2023-02-14T12:27:39Z</time></trkpt><trkpt lat="28.086825" lon="85.391972"><ele>4221.328</ele><time>2023-02-14T12:27:46Z</time></trkpt><trkpt lat="28.086808" lon="85.392024"><ele>4220.852</ele><time>2023-02-14T12:27:51Z</time></trkpt><trkpt lat="28.086803" lon="85.392079"><ele>4220.890</ele><time>2023-02-14T12:27:58Z</time></trkpt><trkpt lat="28.086791" lon="85.392134"><ele>4222.192</ele><time>2023-02-14T12:28:04Z</time></trkpt><trkpt lat="28.086783" lon="85.392187"><ele>4222.939</ele><time>2023-02-14T12:28:09Z</time></trkpt><trkpt lat="28.086770" lon="85.392240"><ele>4222.639</ele><time>2023-02-14T12:28:17Z</time></trkpt><trkpt lat="28.086775" lon="85.392297"><ele>4220.701</ele><time>2023-02-14T12:28:25Z</time></trkpt><trkpt lat="28.086770" lon="85.392352"><ele>4220.221</ele><time>2023-02-14T12:28:31Z</time></trkpt><trkpt lat="28.086760" lon="85.392402"><ele>4224.709</ele><time>2023-02-14T12:28:58Z</time></trkpt><trkpt lat="28.086762" lon="85.392455"><ele>4223.134</ele><time>2023-02-14T12:29:06Z</time></trkpt><trkpt lat="28.086755" lon="85.392508"><ele>4222.675</ele><time>2023-02-14T12:29:16Z</time></trkpt><trkpt lat="28.086733" lon="85.392556"><ele>4232.749</ele><time>2023-02-14T12:29:47Z</time></trkpt><trkpt lat="28.086735" lon="85.392609"><ele>4232.753</ele><time>2023-02-14T12:30:11Z</time></trkpt><trkpt lat="28.086720" lon="85.392657"><ele>4222.463</ele><time>2023-02-14T12:30:25Z</time></trkpt><trkpt lat="28.086713" lon="85.392710"><ele>4225.687</ele><time>2023-02-14T12:30:36Z</time></trkpt><trkpt lat="28.086691" lon="85.392760"><ele>4227.955</ele><time>2023-02-14T12:30:42Z</time></trkpt><trkpt lat="28.086668" lon="85.392805"><ele>4228.997</ele><time>2023-02-14T12:30:49Z</time></trkpt><trkpt lat="28.086643" lon="85.392853"><ele>4230.224</ele><time>2023-02-14T12:30:57Z</time></trkpt><trkpt lat="28.086605" lon="85.392885"><ele>4230.635</ele><time>2023-02-14T12:31:04Z</time></trkpt><trkpt lat="28.086578" lon="85.392960"><ele>4228.986</ele><time>2023-02-14T12:31:36Z</time></trkpt><trkpt lat="28.086561" lon="85.393008"><ele>4226.614</ele><time>2023-02-14T12:32:03Z</time></trkpt><trkpt lat="28.086528" lon="85.393043"><ele>4227.209</ele><time>2023-02-14T12:32:09Z</time></trkpt><trkpt lat="28.086490" lon="85.393081"><ele>4228.684</ele><time>2023-02-14T12:32:15Z</time></trkpt><trkpt lat="28.086463" lon="85.393123"><ele>4230.675</ele><time>2023-02-14T12:32:19Z</time></trkpt><trkpt lat="28.086386" lon="85.393133"><ele>4256.379</ele><time>2023-02-14T12:32:26Z</time></trkpt><trkpt lat="28.086439" lon="85.393170"><ele>4248.563</ele><time>2023-02-14T12:32:27Z</time></trkpt><trkpt lat="28.086401" lon="85.393198"><ele>4234.333</ele><time>2023-02-14T12:32:56Z</time></trkpt><trkpt lat="28.086386" lon="85.393246"><ele>4233.777</ele><time>2023-02-14T12:33:01Z</time></trkpt><trkpt lat="28.086363" lon="85.393296"><ele>4234.735</ele><time>2023-02-14T12:33:07Z</time></trkpt><trkpt lat="28.086351" lon="85.393349"><ele>4234.577</ele><time>2023-02-14T12:33:11Z</time></trkpt><trkpt lat="28.086323" lon="85.393399"><ele>4234.034</ele><time>2023-02-14T12:33:18Z</time></trkpt><trkpt lat="28.086293" lon="85.393447"><ele>4235.418</ele><time>2023-02-14T12:33:24Z</time></trkpt><trkpt lat="28.086291" lon="85.393499"><ele>4234.998</ele><time>2023-02-14T12:33:31Z</time></trkpt><trkpt lat="28.086303" lon="85.393551"><ele>4242.017</ele><time>2023-02-14T12:34:10Z</time></trkpt><trkpt lat="28.086318" lon="85.393606"><ele>4241.409</ele><time>2023-02-14T12:34:15Z</time></trkpt><trkpt lat="28.086356" lon="85.393648"><ele>4234.732</ele><time>2023-02-14T12:34:19Z</time></trkpt><trkpt lat="28.086313" lon="85.393630"><ele>4230.153</ele><time>2023-02-14T12:34:29Z</time></trkpt><trkpt lat="28.086321" lon="85.393683"><ele>4232.957</ele><time>2023-02-14T12:34:46Z</time></trkpt><trkpt lat="28.086318" lon="85.393741"><ele>4233.911</ele><time>2023-02-14T12:34:52Z</time></trkpt><trkpt lat="28.086245" lon="85.393769"><ele>4259.761</ele><time>2023-02-14T12:34:58Z</time></trkpt><trkpt lat="28.086288" lon="85.393752"><ele>4244.645</ele><time>2023-02-14T12:35:28Z</time></trkpt><trkpt lat="28.086296" lon="85.393804"><ele>4241.633</ele><time>2023-02-14T12:35:37Z</time></trkpt><trkpt lat="28.086313" lon="85.393854"><ele>4239.635</ele><time>2023-02-14T12:35:45Z</time></trkpt><trkpt lat="28.086313" lon="85.393907"><ele>4239.892</ele><time>2023-02-14T12:35:51Z</time></trkpt><trkpt lat="28.086295" lon="85.393954"><ele>4239.654</ele><time>2023-02-14T12:35:57Z</time></trkpt><trkpt lat="28.086290" lon="85.394017"><ele>4239.456</ele><time>2023-02-14T12:36:03Z</time></trkpt><trkpt lat="28.086300" lon="85.394069"><ele>4241.711</ele><time>2023-02-14T12:36:11Z</time></trkpt><trkpt lat="28.086290" lon="85.394119"><ele>4242.109</ele><time>2023-02-14T12:36:22Z</time></trkpt><trkpt lat="28.086265" lon="85.394162"><ele>4242.036</ele><time>2023-02-14T12:36:44Z</time></trkpt><trkpt lat="28.086277" lon="85.394212"><ele>4242.247</ele><time>2023-02-14T12:36:51Z</time></trkpt><trkpt lat="28.086262" lon="85.394260"><ele>4241.971</ele><time>2023-02-14T12:37:02Z</time></trkpt><trkpt lat="28.086227" lon="85.394310"><ele>4241.955</ele><time>2023-02-14T12:37:16Z</time></trkpt><trkpt lat="28.086195" lon="85.394347"><ele>4244.085</ele><time>2023-02-14T12:37:31Z</time></trkpt><trkpt lat="28.086170" lon="85.394390"><ele>4245.979</ele><time>2023-02-14T12:37:41Z</time></trkpt><trkpt lat="28.086167" lon="85.394445"><ele>4247.427</ele><time>2023-02-14T12:37:48Z</time></trkpt><trkpt lat="28.086165" lon="85.394502"><ele>4248.889</ele><time>2023-02-14T12:37:53Z</time></trkpt><trkpt lat="28.086175" lon="85.394554"><ele>4251.476</ele><time>2023-02-14T12:38:00Z</time></trkpt><trkpt lat="28.086158" lon="85.394609"><ele>4252.518</ele><time>2023-02-14T12:38:10Z</time></trkpt><trkpt lat="28.086068" lon="85.394721"><ele>4257.298</ele><time>2023-02-14T12:39:00Z</time></trkpt><trkpt lat="28.086038" lon="85.394813"><ele>4260.117</ele><time>2023-02-14T12:39:40Z</time></trkpt><trkpt lat="28.086041" lon="85.394870"><ele>4257.809</ele><time>2023-02-14T12:39:49Z</time></trkpt><trkpt lat="28.086071" lon="85.394918"><ele>4257.342</ele><time>2023-02-14T12:39:57Z</time></trkpt><trkpt lat="28.086088" lon="85.394966"><ele>4255.183</ele><time>2023-02-14T12:40:06Z</time></trkpt><trkpt lat="28.086088" lon="85.395018"><ele>4254.127</ele><time>2023-02-14T12:40:13Z</time></trkpt><trkpt lat="28.086100" lon="85.395068"><ele>4257.161</ele><time>2023-02-14T12:40:55Z</time></trkpt><trkpt lat="28.086137" lon="85.395101"><ele>4256.291</ele><time>2023-02-14T12:41:03Z</time></trkpt><trkpt lat="28.086159" lon="85.395148"><ele>4256.335</ele><time>2023-02-14T12:41:14Z</time></trkpt><trkpt lat="28.086149" lon="85.395218"><ele>4267.533</ele><time>2023-02-14T12:41:58Z</time></trkpt><trkpt lat="28.086174" lon="85.395268"><ele>4266.545</ele><time>2023-02-14T12:42:08Z</time></trkpt><trkpt lat="28.086172" lon="85.395321"><ele>4267.982</ele><time>2023-02-14T12:42:19Z</time></trkpt><trkpt lat="28.086145" lon="85.395369"><ele>4268.148</ele><time>2023-02-14T12:42:31Z</time></trkpt><trkpt lat="28.086135" lon="85.395422"><ele>4266.861</ele><time>2023-02-14T12:42:41Z</time></trkpt><trkpt lat="28.086108" lon="85.395465"><ele>4266.617</ele><time>2023-02-14T12:42:51Z</time></trkpt><trkpt lat="28.086076" lon="85.395508"><ele>4267.309</ele><time>2023-02-14T12:42:58Z</time></trkpt><trkpt lat="28.086041" lon="85.395545"><ele>4268.785</ele><time>2023-02-14T12:43:06Z</time></trkpt><trkpt lat="28.086008" lon="85.395580"><ele>4269.166</ele><time>2023-02-14T12:43:14Z</time></trkpt><trkpt lat="28.085976" lon="85.395620"><ele>4272.980</ele><time>2023-02-14T12:43:37Z</time></trkpt><trkpt lat="28.085939" lon="85.395658"><ele>4273.444</ele><time>2023-02-14T12:43:51Z</time></trkpt><trkpt lat="28.085814" lon="85.395713"><ele>4280.784</ele><time>2023-02-14T12:44:27Z</time></trkpt><trkpt lat="28.085784" lon="85.395755"><ele>4283.878</ele><time>2023-02-14T12:44:41Z</time></trkpt><trkpt lat="28.085736" lon="85.395827"><ele>4287.686</ele><time>2023-02-14T12:45:01Z</time></trkpt><trkpt lat="28.085698" lon="85.395867"><ele>4290.078</ele><time>2023-02-14T12:45:30Z</time></trkpt><trkpt lat="28.085683" lon="85.395919"><ele>4290.325</ele><time>2023-02-14T12:46:03Z</time></trkpt><trkpt lat="28.085665" lon="85.395967"><ele>4289.213</ele><time>2023-02-14T12:46:11Z</time></trkpt><trkpt lat="28.085638" lon="85.396030"><ele>4288.943</ele><time>2023-02-14T12:46:27Z</time></trkpt><trkpt lat="28.085586" lon="85.396052"><ele>4289.107</ele><time>2023-02-14T12:46:37Z</time></trkpt><trkpt lat="28.085551" lon="85.396087"><ele>4290.309</ele><time>2023-02-14T12:46:45Z</time></trkpt><trkpt lat="28.085523" lon="85.396130"><ele>4291.012</ele><time>2023-02-14T12:46:53Z</time></trkpt><trkpt lat="28.085538" lon="85.396230"><ele>4287.863</ele><time>2023-02-14T12:47:22Z</time></trkpt><trkpt lat="28.085545" lon="85.396282"><ele>4287.367</ele><time>2023-02-14T12:47:31Z</time></trkpt><trkpt lat="28.085388" lon="85.396270"><ele>4327.551</ele><time>2023-02-14T12:47:47Z</time></trkpt><trkpt lat="28.085426" lon="85.396310"><ele>4326.391</ele><time>2023-02-14T12:47:49Z</time></trkpt><trkpt lat="28.085381" lon="85.396318"><ele>4341.555</ele><time>2023-02-14T12:47:50Z</time></trkpt><trkpt lat="28.085429" lon="85.396318"><ele>4325.443</ele><time>2023-02-14T12:48:02Z</time></trkpt><trkpt lat="28.085482" lon="85.396296"><ele>4306.555</ele><time>2023-02-14T12:48:44Z</time></trkpt><trkpt lat="28.085482" lon="85.396351"><ele>4297.012</ele><time>2023-02-14T12:50:58Z</time></trkpt><trkpt lat="28.085465" lon="85.396401"><ele>4295.427</ele><time>2023-02-14T12:51:03Z</time></trkpt><trkpt lat="28.085433" lon="85.396448"><ele>4293.268</ele><time>2023-02-14T12:51:08Z</time></trkpt><trkpt lat="28.085396" lon="85.396480"><ele>4290.314</ele><time>2023-02-14T12:51:15Z</time></trkpt><trkpt lat="28.085349" lon="85.396480"><ele>4288.909</ele><time>2023-02-14T12:51:24Z</time></trkpt><trkpt lat="28.085331" lon="85.396533"><ele>4286.683</ele><time>2023-02-14T12:51:32Z</time></trkpt><trkpt lat="28.085289" lon="85.396570"><ele>4285.624</ele><time>2023-02-14T12:51:38Z</time></trkpt><trkpt lat="28.085246" lon="85.396595"><ele>4284.418</ele><time>2023-02-14T12:51:43Z</time></trkpt><trkpt lat="28.085203" lon="85.396618"><ele>4284.972</ele><time>2023-02-14T12:51:49Z</time></trkpt><trkpt lat="28.085161" lon="85.396653"><ele>4285.522</ele><time>2023-02-14T12:51:54Z</time></trkpt><trkpt lat="28.085133" lon="85.396695"><ele>4285.586</ele><time>2023-02-14T12:52:01Z</time></trkpt><trkpt lat="28.085111" lon="85.396748"><ele>4285.594</ele><time>2023-02-14T12:52:06Z</time></trkpt><trkpt lat="28.085069" lon="85.396778"><ele>4284.296</ele><time>2023-02-14T12:52:11Z</time></trkpt><trkpt lat="28.085022" lon="85.396783"><ele>4283.933</ele><time>2023-02-14T12:52:15Z</time></trkpt><trkpt lat="28.084974" lon="85.396798"><ele>4283.941</ele><time>2023-02-14T12:52:22Z</time></trkpt><trkpt lat="28.084951" lon="85.396846"><ele>4282.681</ele><time>2023-02-14T12:52:30Z</time></trkpt><trkpt lat="28.084951" lon="85.396904"><ele>4281.309</ele><time>2023-02-14T12:52:35Z</time></trkpt><trkpt lat="28.084933" lon="85.396954"><ele>4280.409</ele><time>2023-02-14T12:52:39Z</time></trkpt><trkpt lat="28.084913" lon="85.397001"><ele>4279.545</ele><time>2023-02-14T12:52:43Z</time></trkpt><trkpt lat="28.084888" lon="85.397048"><ele>4280.036</ele><time>2023-02-14T12:52:47Z</time></trkpt><trkpt lat="28.084861" lon="85.397098"><ele>4281.540</ele><time>2023-02-14T12:52:54Z</time></trkpt><trkpt lat="28.084824" lon="85.397130"><ele>4283.174</ele><time>2023-02-14T12:52:59Z</time></trkpt><trkpt lat="28.084779" lon="85.397153"><ele>4284.764</ele><time>2023-02-14T12:53:05Z</time></trkpt><trkpt lat="28.084734" lon="85.397163"><ele>4284.768</ele><time>2023-02-14T12:53:11Z</time></trkpt><trkpt lat="28.084689" lon="85.397158"><ele>4285.676</ele><time>2023-02-14T12:53:15Z</time></trkpt><trkpt lat="28.084642" lon="85.397143"><ele>4286.278</ele><time>2023-02-14T12:53:20Z</time></trkpt><trkpt lat="28.084602" lon="85.397110"><ele>4288.485</ele><time>2023-02-14T12:53:26Z</time></trkpt><trkpt lat="28.084555" lon="85.397115"><ele>4288.647</ele><time>2023-02-14T12:53:34Z</time></trkpt><trkpt lat="28.084513" lon="85.397143"><ele>4289.029</ele><time>2023-02-14T12:53:41Z</time></trkpt><trkpt lat="28.084468" lon="85.397170"><ele>4288.521</ele><time>2023-02-14T12:53:48Z</time></trkpt><trkpt lat="28.084441" lon="85.397222"><ele>4287.009</ele><time>2023-02-14T12:53:55Z</time></trkpt><trkpt lat="28.084388" lon="85.397244"><ele>4286.575</ele><time>2023-02-14T12:54:00Z</time></trkpt><trkpt lat="28.084341" lon="85.397257"><ele>4286.746</ele><time>2023-02-14T12:54:05Z</time></trkpt><trkpt lat="28.084329" lon="85.397310"><ele>4286.320</ele><time>2023-02-14T12:54:13Z</time></trkpt><trkpt lat="28.084331" lon="85.397367"><ele>4285.594</ele><time>2023-02-14T12:54:19Z</time></trkpt><trkpt lat="28.084319" lon="85.397422"><ele>4284.684</ele><time>2023-02-14T12:54:25Z</time></trkpt><trkpt lat="28.084294" lon="85.397465"><ele>4284.038</ele><time>2023-02-14T12:54:29Z</time></trkpt><trkpt lat="28.084266" lon="85.397520"><ele>4283.686</ele><time>2023-02-14T12:54:34Z</time></trkpt><trkpt lat="28.084244" lon="85.397567"><ele>4283.188</ele><time>2023-02-14T12:54:39Z</time></trkpt><trkpt lat="28.084206" lon="85.397604"><ele>4283.725</ele><time>2023-02-14T12:54:47Z</time></trkpt><trkpt lat="28.084169" lon="85.397642"><ele>4284.752</ele><time>2023-02-14T12:54:59Z</time></trkpt><trkpt lat="28.084126" lon="85.397710"><ele>4286.053</ele><time>2023-02-14T12:55:12Z</time></trkpt><trkpt lat="28.084099" lon="85.397755"><ele>4288.208</ele><time>2023-02-14T12:55:21Z</time></trkpt><trkpt lat="28.084001" lon="85.397762"><ele>4294.709</ele><time>2023-02-14T12:55:59Z</time></trkpt><trkpt lat="28.083964" lon="85.397795"><ele>4297.446</ele><time>2023-02-14T12:56:06Z</time></trkpt><trkpt lat="28.083919" lon="85.397810"><ele>4313.037</ele><time>2023-02-14T12:57:11Z</time></trkpt><trkpt lat="28.083827" lon="85.397840"><ele>4338.031</ele><time>2023-02-14T12:57:26Z</time></trkpt><trkpt lat="28.083884" lon="85.397863"><ele>4338.555</ele><time>2023-02-14T12:57:29Z</time></trkpt><trkpt lat="28.083946" lon="85.397893"><ele>4334.665</ele><time>2023-02-14T12:57:31Z</time></trkpt><trkpt lat="28.083943" lon="85.397835"><ele>4328.729</ele><time>2023-02-14T12:57:37Z</time></trkpt><trkpt lat="28.084000" lon="85.397815"><ele>4308.947</ele><time>2023-02-14T12:58:09Z</time></trkpt><trkpt lat="28.083982" lon="85.397863"><ele>4296.789</ele><time>2023-02-14T13:00:19Z</time></trkpt><trkpt lat="28.083957" lon="85.397916"><ele>4296.266</ele><time>2023-02-14T13:00:25Z</time></trkpt><trkpt lat="28.083929" lon="85.397959"><ele>4295.589</ele><time>2023-02-14T13:00:36Z</time></trkpt><trkpt lat="28.083909" lon="85.398009"><ele>4295.606</ele><time>2023-02-14T13:00:44Z</time></trkpt><trkpt lat="28.083892" lon="85.398062"><ele>4296.126</ele><time>2023-02-14T13:00:55Z</time></trkpt><trkpt lat="28.083875" lon="85.398120"><ele>4297.609</ele><time>2023-02-14T13:01:02Z</time></trkpt><trkpt lat="28.083857" lon="85.398168"><ele>4297.789</ele><time>2023-02-14T13:01:09Z</time></trkpt><trkpt lat="28.083830" lon="85.398211"><ele>4296.890</ele><time>2023-02-14T13:01:13Z</time></trkpt><trkpt lat="28.083837" lon="85.398266"><ele>4296.334</ele><time>2023-02-14T13:01:21Z</time></trkpt><trkpt lat="28.083854" lon="85.398339"><ele>4301.978</ele><time>2023-02-14T13:02:18Z</time></trkpt><trkpt lat="28.083891" lon="85.398369"><ele>4304.138</ele><time>2023-02-14T13:02:55Z</time></trkpt><trkpt lat="28.083941" lon="85.398402"><ele>4300.462</ele><time>2023-02-14T13:03:06Z</time></trkpt><trkpt lat="28.083974" lon="85.398447"><ele>4299.750</ele><time>2023-02-14T13:03:10Z</time></trkpt><trkpt lat="28.084021" lon="85.398455"><ele>4297.152</ele><time>2023-02-14T13:03:18Z</time></trkpt><trkpt lat="28.084073" lon="85.398450"><ele>4295.589</ele><time>2023-02-14T13:03:23Z</time></trkpt><trkpt lat="28.084121" lon="85.398470"><ele>4295.494</ele><time>2023-02-14T13:03:28Z</time></trkpt><trkpt lat="28.084119" lon="85.398527"><ele>4301.457</ele><time>2023-02-14T13:04:13Z</time></trkpt><trkpt lat="28.084147" lon="85.398570"><ele>4302.922</ele><time>2023-02-14T13:04:25Z</time></trkpt><trkpt lat="28.084170" lon="85.398627"><ele>4307.109</ele><time>2023-02-14T13:06:09Z</time></trkpt><trkpt lat="28.084223" lon="85.398632"><ele>4305.970</ele><time>2023-02-14T13:08:01Z</time></trkpt><trkpt lat="28.084276" lon="85.398632"><ele>4298.881</ele><time>2023-02-14T13:08:07Z</time></trkpt><trkpt lat="28.084223" lon="85.398649"><ele>4305.515</ele><time>2023-02-14T13:08:42Z</time></trkpt><trkpt lat="28.084261" lon="85.398677"><ele>4307.019</ele><time>2023-02-14T13:08:53Z</time></trkpt><trkpt lat="28.084314" lon="85.398685"><ele>4306.629</ele><time>2023-02-14T13:08:59Z</time></trkpt><trkpt lat="28.084366" lon="85.398680"><ele>4308.063</ele><time>2023-02-14T13:09:04Z</time></trkpt><trkpt lat="28.084406" lon="85.398723"><ele>4308.981</ele><time>2023-02-14T13:09:11Z</time></trkpt><trkpt lat="28.084443" lon="85.398755"><ele>4309.933</ele><time>2023-02-14T13:09:25Z</time></trkpt><trkpt lat="28.084488" lon="85.398783"><ele>4310.870</ele><time>2023-02-14T13:09:32Z</time></trkpt><trkpt lat="28.084533" lon="85.398800"><ele>4311.354</ele><time>2023-02-14T13:09:36Z</time></trkpt><trkpt lat="28.084573" lon="85.398830"><ele>4308.356</ele><time>2023-02-14T13:09:58Z</time></trkpt><trkpt lat="28.084615" lon="85.398858"><ele>4308.411</ele><time>2023-02-14T13:10:05Z</time></trkpt><trkpt lat="28.084658" lon="85.398873"><ele>4308.509</ele><time>2023-02-14T13:10:10Z</time></trkpt><trkpt lat="28.084668" lon="85.398933"><ele>4309.876</ele><time>2023-02-14T13:10:33Z</time></trkpt><trkpt lat="28.084678" lon="85.398988"><ele>4310.837</ele><time>2023-02-14T13:10:47Z</time></trkpt><trkpt lat="28.084695" lon="85.399038"><ele>4311.861</ele><time>2023-02-14T13:11:13Z</time></trkpt><trkpt lat="28.084692" lon="85.399126"><ele>4312.355</ele><time>2023-02-14T13:11:24Z</time></trkpt><trkpt lat="28.084695" lon="85.399178"><ele>4312.765</ele><time>2023-02-14T13:11:31Z</time></trkpt><trkpt lat="28.084700" lon="85.399233"><ele>4313.579</ele><time>2023-02-14T13:11:43Z</time></trkpt><trkpt lat="28.084718" lon="85.399285"><ele>4313.137</ele><time>2023-02-14T13:11:53Z</time></trkpt><trkpt lat="28.084680" lon="85.399320"><ele>4312.569</ele><time>2023-02-14T13:12:00Z</time></trkpt><trkpt lat="28.084570" lon="85.399398"><ele>4346.716</ele><time>2023-02-14T13:12:10Z</time></trkpt><trkpt lat="28.084690" lon="85.399415"><ele>4337.166</ele><time>2023-02-14T13:12:13Z</time></trkpt><trkpt lat="28.084650" lon="85.399392"><ele>4334.529</ele><time>2023-02-14T13:12:22Z</time></trkpt><trkpt lat="28.084563" lon="85.399429"><ele>4354.921</ele><time>2023-02-14T13:12:31Z</time></trkpt><trkpt lat="28.084615" lon="85.399449"><ele>4345.709</ele><time>2023-02-14T13:12:42Z</time></trkpt><trkpt lat="28.084663" lon="85.399434"><ele>4329.047</ele><time>2023-02-14T13:13:01Z</time></trkpt><trkpt lat="28.084708" lon="85.399486"><ele>4326.568</ele><time>2023-02-14T13:13:40Z</time></trkpt><trkpt lat="28.084701" lon="85.399543"><ele>4326.982</ele><time>2023-02-14T13:13:49Z</time></trkpt><trkpt lat="28.084693" lon="85.399596"><ele>4324.696</ele><time>2023-02-14T13:13:55Z</time></trkpt><trkpt lat="28.084713" lon="85.399649"><ele>4318.936</ele><time>2023-02-14T13:14:11Z</time></trkpt><trkpt lat="28.084691" lon="85.399702"><ele>4320.120</ele><time>2023-02-14T13:14:22Z</time></trkpt><trkpt lat="28.084678" lon="85.399755"><ele>4320.588</ele><time>2023-02-14T13:14:28Z</time></trkpt><trkpt lat="28.084648" lon="85.399793"><ele>4320.960</ele><time>2023-02-14T13:14:38Z</time></trkpt><trkpt lat="28.084626" lon="85.399861"><ele>4321.287</ele><time>2023-02-14T13:15:03Z</time></trkpt><trkpt lat="28.084609" lon="85.399909"><ele>4323.236</ele><time>2023-02-14T13:15:14Z</time></trkpt><trkpt lat="28.084529" lon="85.399936"><ele>4327.517</ele><time>2023-02-14T13:15:36Z</time></trkpt><trkpt lat="28.084559" lon="85.399988"><ele>4330.718</ele><time>2023-02-14T13:16:22Z</time></trkpt><trkpt lat="28.084579" lon="85.400045"><ele>4334.509</ele><time>2023-02-14T13:16:29Z</time></trkpt><trkpt lat="28.084562" lon="85.400115"><ele>4355.894</ele><time>2023-02-14T13:17:17Z</time></trkpt><trkpt lat="28.084607" lon="85.400070"><ele>4348.815</ele><time>2023-02-14T13:17:21Z</time></trkpt><trkpt lat="28.084664" lon="85.400062"><ele>4340.769</ele><time>2023-02-14T13:17:31Z</time></trkpt><trkpt lat="28.084706" lon="85.400085"><ele>4339.033</ele><time>2023-02-14T13:17:37Z</time></trkpt><trkpt lat="28.084754" lon="85.400103"><ele>4337.133</ele><time>2023-02-14T13:17:45Z</time></trkpt><trkpt lat="28.084744" lon="85.400166"><ele>4335.997</ele><time>2023-02-14T13:18:00Z</time></trkpt><trkpt lat="28.084656" lon="85.400171"><ele>4336.365</ele><time>2023-02-14T13:18:17Z</time></trkpt><trkpt lat="28.084668" lon="85.400221"><ele>4335.777</ele><time>2023-02-14T13:18:34Z</time></trkpt><trkpt lat="28.084695" lon="85.400268"><ele>4335.094</ele><time>2023-02-14T13:18:41Z</time></trkpt><trkpt lat="28.084722" lon="85.400310"><ele>4332.548</ele><time>2023-02-14T13:18:49Z</time></trkpt><trkpt lat="28.084752" lon="85.400360"><ele>4328.761</ele><time>2023-02-14T13:18:58Z</time></trkpt><trkpt lat="28.084777" lon="85.400410"><ele>4326.417</ele><time>2023-02-14T13:19:04Z</time></trkpt><trkpt lat="28.084789" lon="85.400465"><ele>4323.109</ele><time>2023-02-14T13:19:14Z</time></trkpt><trkpt lat="28.084799" lon="85.400515"><ele>4321.735</ele><time>2023-02-14T13:19:20Z</time></trkpt><trkpt lat="28.084787" lon="85.400570"><ele>4320.996</ele><time>2023-02-14T13:19:27Z</time></trkpt><trkpt lat="28.084789" lon="85.400623"><ele>4320.080</ele><time>2023-02-14T13:19:33Z</time></trkpt><trkpt lat="28.084781" lon="85.400681"><ele>4319.424</ele><time>2023-02-14T13:19:38Z</time></trkpt><trkpt lat="28.084778" lon="85.400738"><ele>4318.054</ele><time>2023-02-14T13:19:45Z</time></trkpt><trkpt lat="28.084785" lon="85.400793"><ele>4315.268</ele><time>2023-02-14T13:19:59Z</time></trkpt><trkpt lat="28.084800" lon="85.400841"><ele>4316.236</ele><time>2023-02-14T13:20:06Z</time></trkpt><trkpt lat="28.084830" lon="85.400893"><ele>4314.238</ele><time>2023-02-14T13:20:14Z</time></trkpt><trkpt lat="28.084860" lon="85.400931"><ele>4313.495</ele><time>2023-02-14T13:20:18Z</time></trkpt><trkpt lat="28.084893" lon="85.400969"><ele>4312.727</ele><time>2023-02-14T13:20:22Z</time></trkpt><trkpt lat="28.084930" lon="85.401017"><ele>4312.068</ele><time>2023-02-14T13:20:28Z</time></trkpt><trkpt lat="28.084963" lon="85.401060"><ele>4311.514</ele><time>2023-02-14T13:20:32Z</time></trkpt><trkpt lat="28.085005" lon="85.401090"><ele>4310.509</ele><time>2023-02-14T13:20:39Z</time></trkpt><trkpt lat="28.085015" lon="85.401150"><ele>4310.243</ele><time>2023-02-14T13:20:45Z</time></trkpt><trkpt lat="28.085028" lon="85.401200"><ele>4309.524</ele><time>2023-02-14T13:20:50Z</time></trkpt><trkpt lat="28.085006" lon="85.401255"><ele>4307.758</ele><time>2023-02-14T13:20:56Z</time></trkpt><trkpt lat="28.084989" lon="85.401308"><ele>4307.432</ele><time>2023-02-14T13:21:00Z</time></trkpt><trkpt lat="28.084969" lon="85.401356"><ele>4307.072</ele><time>2023-02-14T13:21:06Z</time></trkpt><trkpt lat="28.084959" lon="85.401423"><ele>4307.956</ele><time>2023-02-14T13:21:11Z</time></trkpt><trkpt lat="28.084956" lon="85.401481"><ele>4309.044</ele><time>2023-02-14T13:21:16Z</time></trkpt><trkpt lat="28.084954" lon="85.401536"><ele>4307.016</ele><time>2023-02-14T13:21:26Z</time></trkpt><trkpt lat="28.084964" lon="85.401588"><ele>4307.023</ele><time>2023-02-14T13:21:31Z</time></trkpt><trkpt lat="28.084972" lon="85.401646"><ele>4306.596</ele><time>2023-02-14T13:21:38Z</time></trkpt><trkpt lat="28.084977" lon="85.401701"><ele>4306.331</ele><time>2023-02-14T13:21:42Z</time></trkpt><trkpt lat="28.085004" lon="85.401743"><ele>4306.624</ele><time>2023-02-14T13:21:46Z</time></trkpt><trkpt lat="28.085019" lon="85.401791"><ele>4307.209</ele><time>2023-02-14T13:21:51Z</time></trkpt><trkpt lat="28.085026" lon="85.401853"><ele>4307.780</ele><time>2023-02-14T13:21:56Z</time></trkpt><trkpt lat="28.085036" lon="85.401906"><ele>4308.021</ele><time>2023-02-14T13:22:00Z</time></trkpt><trkpt lat="28.085049" lon="85.401959"><ele>4308.815</ele><time>2023-02-14T13:22:06Z</time></trkpt><trkpt lat="28.085072" lon="85.402004"><ele>4309.089</ele><time>2023-02-14T13:22:12Z</time></trkpt><trkpt lat="28.085077" lon="85.402062"><ele>4309.689</ele><time>2023-02-14T13:22:18Z</time></trkpt><trkpt lat="28.085077" lon="85.402117"><ele>4309.453</ele><time>2023-02-14T13:22:22Z</time></trkpt><trkpt lat="28.085062" lon="85.402172"><ele>4308.951</ele><time>2023-02-14T13:22:27Z</time></trkpt><trkpt lat="28.085080" lon="85.402229"><ele>4308.653</ele><time>2023-02-14T13:22:35Z</time></trkpt><trkpt lat="28.085095" lon="85.402282"><ele>4308.560</ele><time>2023-02-14T13:22:42Z</time></trkpt><trkpt lat="28.085097" lon="85.402334"><ele>4308.445</ele><time>2023-02-14T13:22:47Z</time></trkpt><trkpt lat="28.085109" lon="85.402389"><ele>4308.947</ele><time>2023-02-14T13:22:52Z</time></trkpt><trkpt lat="28.085112" lon="85.402452"><ele>4310.011</ele><time>2023-02-14T13:22:59Z</time></trkpt><trkpt lat="28.085104" lon="85.402514"><ele>4310.909</ele><time>2023-02-14T13:23:04Z</time></trkpt><trkpt lat="28.085117" lon="85.402564"><ele>4311.215</ele><time>2023-02-14T13:23:09Z</time></trkpt><trkpt lat="28.085134" lon="85.402614"><ele>4312.056</ele><time>2023-02-14T13:23:14Z</time></trkpt><trkpt lat="28.085147" lon="85.402666"><ele>4312.740</ele><time>2023-02-14T13:23:21Z</time></trkpt><trkpt lat="28.085135" lon="85.402721"><ele>4313.864</ele><time>2023-02-14T13:23:28Z</time></trkpt><trkpt lat="28.085132" lon="85.402776"><ele>4314.394</ele><time>2023-02-14T13:23:35Z</time></trkpt><trkpt lat="28.085120" lon="85.402831"><ele>4315.378</ele><time>2023-02-14T13:23:43Z</time></trkpt><trkpt lat="28.085118" lon="85.402884"><ele>4316.056</ele><time>2023-02-14T13:23:51Z</time></trkpt><trkpt lat="28.085120" lon="85.402937"><ele>4315.538</ele><time>2023-02-14T13:24:00Z</time></trkpt><trkpt lat="28.085108" lon="85.403024"><ele>4316.645</ele><time>2023-02-14T13:24:16Z</time></trkpt><trkpt lat="28.085093" lon="85.403074"><ele>4317.646</ele><time>2023-02-14T13:24:21Z</time></trkpt><trkpt lat="28.085101" lon="85.403132"><ele>4319.688</ele><time>2023-02-14T13:24:27Z</time></trkpt><trkpt lat="28.085093" lon="85.403187"><ele>4320.316</ele><time>2023-02-14T13:24:34Z</time></trkpt><trkpt lat="28.085083" lon="85.403247"><ele>4321.109</ele><time>2023-02-14T13:24:40Z</time></trkpt><trkpt lat="28.085085" lon="85.403307"><ele>4320.715</ele><time>2023-02-14T13:24:45Z</time></trkpt><trkpt lat="28.085067" lon="85.403372"><ele>4322.426</ele><time>2023-02-14T13:24:49Z</time></trkpt><trkpt lat="28.085077" lon="85.403430"><ele>4323.390</ele><time>2023-02-14T13:24:55Z</time></trkpt><trkpt lat="28.085087" lon="85.403488"><ele>4324.174</ele><time>2023-02-14T13:25:01Z</time></trkpt><trkpt lat="28.085077" lon="85.403540"><ele>4325.624</ele><time>2023-02-14T13:25:09Z</time></trkpt><trkpt lat="28.085059" lon="85.403595"><ele>4326.138</ele><time>2023-02-14T13:25:16Z</time></trkpt><trkpt lat="28.085044" lon="85.403653"><ele>4327.366</ele><time>2023-02-14T13:25:22Z</time></trkpt><trkpt lat="28.085032" lon="85.403705"><ele>4327.738</ele><time>2023-02-14T13:25:27Z</time></trkpt><trkpt lat="28.085020" lon="85.403760"><ele>4328.225</ele><time>2023-02-14T13:25:35Z</time></trkpt><trkpt lat="28.084995" lon="85.403803"><ele>4327.999</ele><time>2023-02-14T13:25:42Z</time></trkpt><trkpt lat="28.084958" lon="85.403833"><ele>4328.207</ele><time>2023-02-14T13:25:48Z</time></trkpt><trkpt lat="28.084920" lon="85.403870"><ele>4328.927</ele><time>2023-02-14T13:25:54Z</time></trkpt><trkpt lat="28.084902" lon="85.403918"><ele>4329.409</ele><time>2023-02-14T13:26:03Z</time></trkpt><trkpt lat="28.084887" lon="85.403971"><ele>4330.080</ele><time>2023-02-14T13:26:11Z</time></trkpt><trkpt lat="28.084870" lon="85.404024"><ele>4328.991</ele><time>2023-02-14T13:26:18Z</time></trkpt><trkpt lat="28.084870" lon="85.404076"><ele>4328.635</ele><time>2023-02-14T13:26:23Z</time></trkpt><trkpt lat="28.084858" lon="85.404133"><ele>4328.979</ele><time>2023-02-14T13:26:29Z</time></trkpt><trkpt lat="28.084853" lon="85.404188"><ele>4330.159</ele><time>2023-02-14T13:26:36Z</time></trkpt><trkpt lat="28.084833" lon="85.404238"><ele>4332.053</ele><time>2023-02-14T13:26:42Z</time></trkpt><trkpt lat="28.084826" lon="85.404290"><ele>4332.431</ele><time>2023-02-14T13:26:47Z</time></trkpt><trkpt lat="28.084813" lon="85.404340"><ele>4331.813</ele><time>2023-02-14T13:26:54Z</time></trkpt><trkpt lat="28.084798" lon="85.404392"><ele>4332.310</ele><time>2023-02-14T13:26:59Z</time></trkpt><trkpt lat="28.084783" lon="85.404440"><ele>4332.443</ele><time>2023-02-14T13:27:03Z</time></trkpt><trkpt lat="28.084760" lon="85.404497"><ele>4332.564</ele><time>2023-02-14T13:27:09Z</time></trkpt><trkpt lat="28.084745" lon="85.404545"><ele>4333.910</ele><time>2023-02-14T13:27:13Z</time></trkpt><trkpt lat="28.084743" lon="85.404597"><ele>4334.809</ele><time>2023-02-14T13:27:20Z</time></trkpt><trkpt lat="28.084730" lon="85.404652"><ele>4335.185</ele><time>2023-02-14T13:27:28Z</time></trkpt><trkpt lat="28.084703" lon="85.404694"><ele>4335.566</ele><time>2023-02-14T13:27:35Z</time></trkpt><trkpt lat="28.084680" lon="85.404739"><ele>4335.320</ele><time>2023-02-14T13:27:40Z</time></trkpt><trkpt lat="28.084648" lon="85.404779"><ele>4336.654</ele><time>2023-02-14T13:27:45Z</time></trkpt><trkpt lat="28.084595" lon="85.404809"><ele>4339.984</ele><time>2023-02-14T13:28:06Z</time></trkpt><trkpt lat="28.084588" lon="85.404864"><ele>4339.038</ele><time>2023-02-14T13:28:15Z</time></trkpt><trkpt lat="28.084605" lon="85.404914"><ele>4338.386</ele><time>2023-02-14T13:28:37Z</time></trkpt><trkpt lat="28.084637" lon="85.404957"><ele>4340.388</ele><time>2023-02-14T13:28:51Z</time></trkpt><trkpt lat="28.084612" lon="85.405007"><ele>4337.915</ele><time>2023-02-14T13:29:14Z</time></trkpt><trkpt lat="28.084625" lon="85.405059"><ele>4340.751</ele><time>2023-02-14T13:29:21Z</time></trkpt><trkpt lat="28.084627" lon="85.405121"><ele>4339.401</ele><time>2023-02-14T13:29:31Z</time></trkpt><trkpt lat="28.084625" lon="85.405179"><ele>4338.711</ele><time>2023-02-14T13:29:38Z</time></trkpt><trkpt lat="28.084640" lon="85.405237"><ele>4339.309</ele><time>2023-02-14T13:29:43Z</time></trkpt><trkpt lat="28.084657" lon="85.405287"><ele>4339.626</ele><time>2023-02-14T13:29:51Z</time></trkpt><trkpt lat="28.084690" lon="85.405329"><ele>4339.477</ele><time>2023-02-14T13:29:57Z</time></trkpt><trkpt lat="28.084700" lon="85.405382"><ele>4338.541</ele><time>2023-02-14T13:30:08Z</time></trkpt><trkpt lat="28.084695" lon="85.405437"><ele>4338.885</ele><time>2023-02-14T13:30:12Z</time></trkpt><trkpt lat="28.084710" lon="85.405485"><ele>4341.095</ele><time>2023-02-14T13:30:17Z</time></trkpt><trkpt lat="28.084683" lon="85.405608"><ele>4361.859</ele><time>2023-02-14T13:30:19Z</time></trkpt><trkpt lat="28.084670" lon="85.405663"><ele>4347.067</ele><time>2023-02-14T13:30:49Z</time></trkpt><trkpt lat="28.084688" lon="85.405721"><ele>4346.219</ele><time>2023-02-14T13:30:57Z</time></trkpt><trkpt lat="28.084721" lon="85.405763"><ele>4344.636</ele><time>2023-02-14T13:31:02Z</time></trkpt><trkpt lat="28.084751" lon="85.405803"><ele>4341.132</ele><time>2023-02-14T13:31:19Z</time></trkpt><trkpt lat="28.084789" lon="85.405836"><ele>4340.792</ele><time>2023-02-14T13:31:26Z</time></trkpt><trkpt lat="28.084767" lon="85.405893"><ele>4345.111</ele><time>2023-02-14T13:32:00Z</time></trkpt><trkpt lat="28.084787" lon="85.405945"><ele>4344.209</ele><time>2023-02-14T13:32:08Z</time></trkpt><trkpt lat="28.084795" lon="85.406000"><ele>4345.234</ele><time>2023-02-14T13:32:17Z</time></trkpt><trkpt lat="28.084802" lon="85.406052"><ele>4346.065</ele><time>2023-02-14T13:32:24Z</time></trkpt><trkpt lat="28.084807" lon="85.406105"><ele>4347.339</ele><time>2023-02-14T13:32:39Z</time></trkpt><trkpt lat="28.084795" lon="85.406162"><ele>4348.713</ele><time>2023-02-14T13:32:50Z</time></trkpt><trkpt lat="28.084795" lon="85.406215"><ele>4349.073</ele><time>2023-02-14T13:32:57Z</time></trkpt><trkpt lat="28.084758" lon="85.406260"><ele>4350.637</ele><time>2023-02-14T13:33:10Z</time></trkpt><trkpt lat="28.084745" lon="85.406377"><ele>4349.355</ele><time>2023-02-14T13:33:27Z</time></trkpt><trkpt lat="28.084717" lon="85.406449"><ele>4353.997</ele><time>2023-02-14T13:33:48Z</time></trkpt><trkpt lat="28.084702" lon="85.406499"><ele>4355.244</ele><time>2023-02-14T13:33:56Z</time></trkpt><trkpt lat="28.084685" lon="85.406549"><ele>4356.517</ele><time>2023-02-14T13:34:05Z</time></trkpt><trkpt lat="28.084688" lon="85.406602"><ele>4357.187</ele><time>2023-02-14T13:34:12Z</time></trkpt><trkpt lat="28.084673" lon="85.406655"><ele>4358.215</ele><time>2023-02-14T13:34:20Z</time></trkpt><trkpt lat="28.084696" lon="85.406705"><ele>4357.609</ele><time>2023-02-14T13:34:42Z</time></trkpt><trkpt lat="28.084653" lon="85.406725"><ele>4359.232</ele><time>2023-02-14T13:35:07Z</time></trkpt><trkpt lat="28.084636" lon="85.406773"><ele>4361.453</ele><time>2023-02-14T13:35:13Z</time></trkpt><trkpt lat="28.084621" lon="85.406821"><ele>4360.517</ele><time>2023-02-14T13:35:22Z</time></trkpt><trkpt lat="28.084634" lon="85.406871"><ele>4358.111</ele><time>2023-02-14T13:35:33Z</time></trkpt><trkpt lat="28.084617" lon="85.406923"><ele>4356.151</ele><time>2023-02-14T13:35:44Z</time></trkpt><trkpt lat="28.084604" lon="85.406973"><ele>4356.075</ele><time>2023-02-14T13:35:50Z</time></trkpt><trkpt lat="28.084591" lon="85.407036"><ele>4356.873</ele><time>2023-02-14T13:35:58Z</time></trkpt><trkpt lat="28.084563" lon="85.407078"><ele>4357.985</ele><time>2023-02-14T13:36:02Z</time></trkpt><trkpt lat="28.084546" lon="85.407130"><ele>4357.892</ele><time>2023-02-14T13:36:08Z</time></trkpt><trkpt lat="28.084561" lon="85.407185"><ele>4352.783</ele><time>2023-02-14T13:36:43Z</time></trkpt><trkpt lat="28.084569" lon="85.407242"><ele>4354.325</ele><time>2023-02-14T13:36:49Z</time></trkpt><trkpt lat="28.084574" lon="85.407295"><ele>4356.717</ele><time>2023-02-14T13:36:58Z</time></trkpt><trkpt lat="28.084562" lon="85.407345"><ele>4357.909</ele><time>2023-02-14T13:37:11Z</time></trkpt><trkpt lat="28.084522" lon="85.407543"><ele>4379.359</ele><time>2023-02-14T13:37:16Z</time></trkpt><trkpt lat="28.084514" lon="85.407658"><ele>4365.190</ele><time>2023-02-14T13:38:05Z</time></trkpt><trkpt lat="28.084506" lon="85.407713"><ele>4365.864</ele><time>2023-02-14T13:38:14Z</time></trkpt><trkpt lat="28.084489" lon="85.407768"><ele>4367.458</ele><time>2023-02-14T13:38:23Z</time></trkpt><trkpt lat="28.084477" lon="85.407820"><ele>4368.488</ele><time>2023-02-14T13:38:32Z</time></trkpt><trkpt lat="28.084460" lon="85.407868"><ele>4367.512</ele><time>2023-02-14T13:38:43Z</time></trkpt><trkpt lat="28.084445" lon="85.407918"><ele>4367.760</ele><time>2023-02-14T13:38:52Z</time></trkpt><trkpt lat="28.084422" lon="85.407963"><ele>4369.852</ele><time>2023-02-14T13:39:41Z</time></trkpt><trkpt lat="28.084435" lon="85.408013"><ele>4368.649</ele><time>2023-02-14T13:39:48Z</time></trkpt><trkpt lat="28.084432" lon="85.408068"><ele>4369.046</ele><time>2023-02-14T13:39:56Z</time></trkpt><trkpt lat="28.084435" lon="85.408128"><ele>4369.388</ele><time>2023-02-14T13:40:01Z</time></trkpt><trkpt lat="28.084440" lon="85.408181"><ele>4368.216</ele><time>2023-02-14T13:40:08Z</time></trkpt><trkpt lat="28.084437" lon="85.408236"><ele>4368.409</ele><time>2023-02-14T13:40:18Z</time></trkpt><trkpt lat="28.084424" lon="85.408288"><ele>4369.825</ele><time>2023-02-14T13:40:24Z</time></trkpt><trkpt lat="28.084411" lon="85.408345"><ele>4370.826</ele><time>2023-02-14T13:40:30Z</time></trkpt><trkpt lat="28.084379" lon="85.408397"><ele>4372.330</ele><time>2023-02-14T13:40:36Z</time></trkpt><trkpt lat="28.084346" lon="85.408440"><ele>4374.244</ele><time>2023-02-14T13:40:42Z</time></trkpt><trkpt lat="28.084314" lon="85.408483"><ele>4374.374</ele><time>2023-02-14T13:40:51Z</time></trkpt><trkpt lat="28.084301" lon="85.408540"><ele>4375.288</ele><time>2023-02-14T13:40:59Z</time></trkpt><trkpt lat="28.084271" lon="85.408580"><ele>4375.876</ele><time>2023-02-14T13:41:05Z</time></trkpt><trkpt lat="28.084234" lon="85.408620"><ele>4376.028</ele><time>2023-02-14T13:41:12Z</time></trkpt><trkpt lat="28.084254" lon="85.408667"><ele>4374.625</ele><time>2023-02-14T13:41:20Z</time></trkpt><trkpt lat="28.084252" lon="85.408724"><ele>4375.536</ele><time>2023-02-14T13:41:32Z</time></trkpt><trkpt lat="28.084269" lon="85.408772"><ele>4376.017</ele><time>2023-02-14T13:41:40Z</time></trkpt><trkpt lat="28.084284" lon="85.408834"><ele>4375.918</ele><time>2023-02-14T13:41:59Z</time></trkpt><trkpt lat="28.084289" lon="85.408892"><ele>4378.909</ele><time>2023-02-14T13:42:14Z</time></trkpt><trkpt lat="28.084264" lon="85.408937"><ele>4379.554</ele><time>2023-02-14T13:42:24Z</time></trkpt><trkpt lat="28.084261" lon="85.408992"><ele>4379.825</ele><time>2023-02-14T13:42:34Z</time></trkpt><trkpt lat="28.084236" lon="85.409042"><ele>4380.639</ele><time>2023-02-14T13:42:44Z</time></trkpt><trkpt lat="28.084213" lon="85.409094"><ele>4381.793</ele><time>2023-02-14T13:42:50Z</time></trkpt><trkpt lat="28.084185" lon="85.409137"><ele>4382.573</ele><time>2023-02-14T13:42:58Z</time></trkpt><trkpt lat="28.084148" lon="85.409172"><ele>4383.117</ele><time>2023-02-14T13:43:06Z</time></trkpt><trkpt lat="28.084121" lon="85.409222"><ele>4383.735</ele><time>2023-02-14T13:43:16Z</time></trkpt><trkpt lat="28.084086" lon="85.409259"><ele>4383.747</ele><time>2023-02-14T13:43:23Z</time></trkpt><trkpt lat="28.084038" lon="85.409274"><ele>4381.434</ele><time>2023-02-14T13:43:48Z</time></trkpt><trkpt lat="28.084026" lon="85.409332"><ele>4381.395</ele><time>2023-02-14T13:43:59Z</time></trkpt><trkpt lat="28.084023" lon="85.409389"><ele>4381.649</ele><time>2023-02-14T13:44:06Z</time></trkpt><trkpt lat="28.084010" lon="85.409446"><ele>4383.223</ele><time>2023-02-14T13:44:12Z</time></trkpt><trkpt lat="28.083993" lon="85.409499"><ele>4384.809</ele><time>2023-02-14T13:44:18Z</time></trkpt><trkpt lat="28.083970" lon="85.409546"><ele>4386.920</ele><time>2023-02-14T13:44:27Z</time></trkpt><trkpt lat="28.083930" lon="85.409576"><ele>4388.641</ele><time>2023-02-14T13:44:35Z</time></trkpt><trkpt lat="28.083895" lon="85.409618"><ele>4388.445</ele><time>2023-02-14T13:44:48Z</time></trkpt><trkpt lat="28.083883" lon="85.409668"><ele>4387.879</ele><time>2023-02-14T13:44:55Z</time></trkpt><trkpt lat="28.083848" lon="85.409701"><ele>4386.889</ele><time>2023-02-14T13:45:09Z</time></trkpt><trkpt lat="28.083706" lon="85.409909"><ele>4385.253</ele><time>2023-02-15T02:06:01Z</time></trkpt><trkpt lat="28.083664" lon="85.409874"><ele>4379.841</ele><time>2023-02-15T02:07:04Z</time></trkpt><trkpt lat="28.083711" lon="85.409879"><ele>4385.023</ele><time>2023-02-15T02:07:41Z</time></trkpt><trkpt lat="28.083718" lon="85.409932"><ele>4384.370</ele><time>2023-02-15T02:07:47Z</time></trkpt><trkpt lat="28.083763" lon="85.409927"><ele>4380.374</ele><time>2023-02-15T02:08:02Z</time></trkpt><trkpt lat="28.083770" lon="85.409980"><ele>4378.956</ele><time>2023-02-15T02:08:12Z</time></trkpt><trkpt lat="28.083728" lon="85.410012"><ele>4378.421</ele><time>2023-02-15T02:08:16Z</time></trkpt><trkpt lat="28.083698" lon="85.410060"><ele>4376.909</ele><time>2023-02-15T02:08:21Z</time></trkpt><trkpt lat="28.083653" lon="85.410110"><ele>4375.538</ele><time>2023-02-15T02:08:27Z</time></trkpt><trkpt lat="28.083628" lon="85.410170"><ele>4372.949</ele><time>2023-02-15T02:08:35Z</time></trkpt><trkpt lat="28.083583" lon="85.410190"><ele>4369.623</ele><time>2023-02-15T02:08:42Z</time></trkpt><trkpt lat="28.083571" lon="85.410245"><ele>4371.777</ele><time>2023-02-15T02:08:49Z</time></trkpt><trkpt lat="28.083553" lon="85.410298"><ele>4372.237</ele><time>2023-02-15T02:08:54Z</time></trkpt><trkpt lat="28.083536" lon="85.410350"><ele>4372.471</ele><time>2023-02-15T02:09:00Z</time></trkpt><trkpt lat="28.083531" lon="85.410403"><ele>4363.849</ele><time>2023-02-15T02:09:08Z</time></trkpt><trkpt lat="28.083501" lon="85.410441"><ele>4364.561</ele><time>2023-02-15T02:09:21Z</time></trkpt><trkpt lat="28.083528" lon="85.410484"><ele>4362.968</ele><time>2023-02-15T02:09:29Z</time></trkpt><trkpt lat="28.083550" lon="85.410529"><ele>4360.468</ele><time>2023-02-15T02:09:35Z</time></trkpt><trkpt lat="28.083565" lon="85.410584"><ele>4356.542</ele><time>2023-02-15T02:09:42Z</time></trkpt><trkpt lat="28.083515" lon="85.410581"><ele>4354.926</ele><time>2023-02-15T02:09:58Z</time></trkpt><trkpt lat="28.083465" lon="85.410571"><ele>4355.109</ele><time>2023-02-15T02:10:04Z</time></trkpt><trkpt lat="28.083422" lon="85.410536"><ele>4364.217</ele><time>2023-02-15T02:10:08Z</time></trkpt><trkpt lat="28.083382" lon="85.410508"><ele>4364.628</ele><time>2023-02-15T02:10:14Z</time></trkpt><trkpt lat="28.083360" lon="85.410450"><ele>4365.062</ele><time>2023-02-15T02:10:20Z</time></trkpt><trkpt lat="28.083350" lon="85.410392"><ele>4365.296</ele><time>2023-02-15T02:10:25Z</time></trkpt><trkpt lat="28.083340" lon="85.410329"><ele>4364.746</ele><time>2023-02-15T02:10:31Z</time></trkpt><trkpt lat="28.083358" lon="85.410272"><ele>4355.630</ele><time>2023-02-15T02:10:38Z</time></trkpt><trkpt lat="28.083320" lon="85.410240"><ele>4354.188</ele><time>2023-02-15T02:10:46Z</time></trkpt><trkpt lat="28.083273" lon="85.410242"><ele>4353.240</ele><time>2023-02-15T02:10:50Z</time></trkpt><trkpt lat="28.083225" lon="85.410249"><ele>4352.247</ele><time>2023-02-15T02:10:55Z</time></trkpt><trkpt lat="28.083178" lon="85.410264"><ele>4351.244</ele><time>2023-02-15T02:10:59Z</time></trkpt><trkpt lat="28.083133" lon="85.410291"><ele>4351.005</ele><time>2023-02-15T02:11:04Z</time></trkpt><trkpt lat="28.083083" lon="85.410316"><ele>4355.215</ele><time>2023-02-15T02:11:09Z</time></trkpt><trkpt lat="28.083085" lon="85.410369"><ele>4355.609</ele><time>2023-02-15T02:11:18Z</time></trkpt><trkpt lat="28.083132" lon="85.410356"><ele>4354.595</ele><time>2023-02-15T02:11:26Z</time></trkpt><trkpt lat="28.083157" lon="85.410409"><ele>4355.586</ele><time>2023-02-15T02:11:35Z</time></trkpt><trkpt lat="28.083199" lon="85.410442"><ele>4356.310</ele><time>2023-02-15T02:11:43Z</time></trkpt><trkpt lat="28.083157" lon="85.410465"><ele>4353.264</ele><time>2023-02-15T02:13:03Z</time></trkpt><trkpt lat="28.083125" lon="85.410417"><ele>4355.744</ele><time>2023-02-15T02:13:13Z</time></trkpt><trkpt lat="28.083085" lon="85.410384"><ele>4356.198</ele><time>2023-02-15T02:13:20Z</time></trkpt><trkpt lat="28.083073" lon="85.410329"><ele>4354.386</ele><time>2023-02-15T02:13:26Z</time></trkpt><trkpt lat="28.083103" lon="85.410279"><ele>4354.748</ele><time>2023-02-15T02:13:31Z</time></trkpt><trkpt lat="28.083140" lon="85.410249"><ele>4354.485</ele><time>2023-02-15T02:13:36Z</time></trkpt><trkpt lat="28.083180" lon="85.410226"><ele>4355.691</ele><time>2023-02-15T02:13:41Z</time></trkpt><trkpt lat="28.083148" lon="85.410264"><ele>4352.781</ele><time>2023-02-15T02:13:56Z</time></trkpt><trkpt lat="28.083103" lon="85.410291"><ele>4352.819</ele><time>2023-02-15T02:14:01Z</time></trkpt><trkpt lat="28.083101" lon="85.410344"><ele>4359.809</ele><time>2023-02-15T02:14:12Z</time></trkpt><trkpt lat="28.083139" lon="85.410376"><ele>4361.660</ele><time>2023-02-15T02:14:16Z</time></trkpt><trkpt lat="28.083184" lon="85.410419"><ele>4358.291</ele><time>2023-02-15T02:14:47Z</time></trkpt><trkpt lat="28.083141" lon="85.410442"><ele>4357.615</ele><time>2023-02-15T02:14:58Z</time></trkpt><trkpt lat="28.083099" lon="85.410412"><ele>4356.779</ele><time>2023-02-15T02:15:04Z</time></trkpt><trkpt lat="28.083051" lon="85.410385"><ele>4358.079</ele><time>2023-02-15T02:15:09Z</time></trkpt><trkpt lat="28.083013" lon="85.410348"><ele>4358.013</ele><time>2023-02-15T02:15:14Z</time></trkpt><trkpt lat="28.082988" lon="85.410298"><ele>4357.061</ele><time>2023-02-15T02:15:19Z</time></trkpt><trkpt lat="28.082951" lon="85.410263"><ele>4355.813</ele><time>2023-02-15T02:15:24Z</time></trkpt><trkpt lat="28.082908" lon="85.410241"><ele>4354.770</ele><time>2023-02-15T02:15:29Z</time></trkpt><trkpt lat="28.082863" lon="85.410238"><ele>4355.051</ele><time>2023-02-15T02:15:35Z</time></trkpt><trkpt lat="28.082826" lon="85.410206"><ele>4354.901</ele><time>2023-02-15T02:15:40Z</time></trkpt><trkpt lat="28.082791" lon="85.410156"><ele>4357.611</ele><time>2023-02-15T02:15:45Z</time></trkpt><trkpt lat="28.082754" lon="85.410114"><ele>4360.209</ele><time>2023-02-15T02:15:51Z</time></trkpt><trkpt lat="28.082727" lon="85.410072"><ele>4361.076</ele><time>2023-02-15T02:16:01Z</time></trkpt><trkpt lat="28.082765" lon="85.410109"><ele>4360.447</ele><time>2023-02-15T02:17:49Z</time></trkpt><trkpt lat="28.082798" lon="85.410152"><ele>4359.531</ele><time>2023-02-15T02:17:53Z</time></trkpt><trkpt lat="28.082811" lon="85.410204"><ele>4359.175</ele><time>2023-02-15T02:17:59Z</time></trkpt><trkpt lat="28.082823" lon="85.410257"><ele>4359.055</ele><time>2023-02-15T02:18:04Z</time></trkpt><trkpt lat="28.082875" lon="85.410279"><ele>4358.069</ele><time>2023-02-15T02:18:42Z</time></trkpt><trkpt lat="28.082845" lon="85.410324"><ele>4356.547</ele><time>2023-02-15T02:18:47Z</time></trkpt><trkpt lat="28.082818" lon="85.410374"><ele>4356.339</ele><time>2023-02-15T02:18:51Z</time></trkpt><trkpt lat="28.082801" lon="85.410431"><ele>4356.946</ele><time>2023-02-15T02:18:56Z</time></trkpt><trkpt lat="28.082798" lon="85.410483"><ele>4356.759</ele><time>2023-02-15T02:19:00Z</time></trkpt><trkpt lat="28.082783" lon="85.410541"><ele>4356.803</ele><time>2023-02-15T02:19:05Z</time></trkpt><trkpt lat="28.082760" lon="85.410586"><ele>4357.123</ele><time>2023-02-15T02:19:10Z</time></trkpt><trkpt lat="28.082778" lon="85.410636"><ele>4357.609</ele><time>2023-02-15T02:19:16Z</time></trkpt><trkpt lat="28.082765" lon="85.410689"><ele>4357.776</ele><time>2023-02-15T02:19:22Z</time></trkpt><trkpt lat="28.082740" lon="85.410732"><ele>4357.317</ele><time>2023-02-15T02:19:28Z</time></trkpt><trkpt lat="28.082738" lon="85.410784"><ele>4356.991</ele><time>2023-02-15T02:19:32Z</time></trkpt><trkpt lat="28.082741" lon="85.410836"><ele>4357.695</ele><time>2023-02-15T02:19:37Z</time></trkpt><trkpt lat="28.082724" lon="85.410884"><ele>4356.745</ele><time>2023-02-15T02:19:42Z</time></trkpt><trkpt lat="28.082702" lon="85.410942"><ele>4355.139</ele><time>2023-02-15T02:19:50Z</time></trkpt><trkpt lat="28.082664" lon="85.410972"><ele>4357.957</ele><time>2023-02-15T02:19:54Z</time></trkpt><trkpt lat="28.082629" lon="85.411017"><ele>4359.559</ele><time>2023-02-15T02:20:00Z</time></trkpt><trkpt lat="28.082606" lon="85.411072"><ele>4359.756</ele><time>2023-02-15T02:20:05Z</time></trkpt><trkpt lat="28.082599" lon="85.411127"><ele>4360.567</ele><time>2023-02-15T02:20:11Z</time></trkpt><trkpt lat="28.082579" lon="85.411179"><ele>4359.881</ele><time>2023-02-15T02:20:20Z</time></trkpt><trkpt lat="28.082561" lon="85.411226"><ele>4361.419</ele><time>2023-02-15T02:20:37Z</time></trkpt><trkpt lat="28.082559" lon="85.411278"><ele>4361.209</ele><time>2023-02-15T02:21:05Z</time></trkpt><trkpt lat="28.082604" lon="85.411293"><ele>4357.747</ele><time>2023-02-15T02:21:12Z</time></trkpt><trkpt lat="28.082641" lon="85.411260"><ele>4355.668</ele><time>2023-02-15T02:21:23Z</time></trkpt><trkpt lat="28.082629" lon="85.411318"><ele>4357.292</ele><time>2023-02-15T02:26:33Z</time></trkpt><trkpt lat="28.082602" lon="85.411365"><ele>4355.236</ele><time>2023-02-15T02:27:04Z</time></trkpt><trkpt lat="28.082647" lon="85.411357"><ele>4350.956</ele><time>2023-02-15T02:35:33Z</time></trkpt><trkpt lat="28.082597" lon="85.411345"><ele>4353.510</ele><time>2023-02-15T02:36:46Z</time></trkpt><trkpt lat="28.082637" lon="85.411377"><ele>4358.428</ele><time>2023-02-15T02:38:49Z</time></trkpt><trkpt lat="28.082594" lon="85.411337"><ele>4355.140</ele><time>2023-02-15T02:39:06Z</time></trkpt><trkpt lat="28.082636" lon="85.411362"><ele>4356.147</ele><time>2023-02-15T02:39:12Z</time></trkpt><trkpt lat="28.082588" lon="85.411345"><ele>4356.084</ele><time>2023-02-15T02:43:17Z</time></trkpt><trkpt lat="28.082631" lon="85.411375"><ele>4356.807</ele><time>2023-02-15T02:43:37Z</time></trkpt><trkpt lat="28.082678" lon="85.411383"><ele>4351.017</ele><time>2023-02-15T02:43:59Z</time></trkpt><trkpt lat="28.082633" lon="85.411355"><ele>4350.109</ele><time>2023-02-15T02:44:42Z</time></trkpt><trkpt lat="28.082676" lon="85.411375"><ele>4352.349</ele><time>2023-02-15T02:46:55Z</time></trkpt><trkpt lat="28.082666" lon="85.411312"><ele>4351.950</ele><time>2023-02-15T02:49:30Z</time></trkpt><trkpt lat="28.082703" lon="85.411367"><ele>4352.264</ele><time>2023-02-15T02:49:48Z</time></trkpt><trkpt lat="28.082665" lon="85.411337"><ele>4353.658</ele><time>2023-02-15T02:50:06Z</time></trkpt><trkpt lat="28.082647" lon="85.411387"><ele>4354.078</ele><time>2023-02-15T02:51:27Z</time></trkpt><trkpt lat="28.082605" lon="85.411355"><ele>4357.112</ele><time>2023-02-15T02:53:03Z</time></trkpt><trkpt lat="28.082573" lon="85.411312"><ele>4356.210</ele><time>2023-02-15T02:53:11Z</time></trkpt><trkpt lat="28.082610" lon="85.411282"><ele>4359.742</ele><time>2023-02-15T02:53:39Z</time></trkpt><trkpt lat="28.082612" lon="85.411227"><ele>4357.319</ele><time>2023-02-15T02:53:46Z</time></trkpt><trkpt lat="28.082647" lon="85.411177"><ele>4355.787</ele><time>2023-02-15T02:53:52Z</time></trkpt><trkpt lat="28.082685" lon="85.411149"><ele>4357.342</ele><time>2023-02-15T02:54:17Z</time></trkpt><trkpt lat="28.082678" lon="85.411096"><ele>4357.726</ele><time>2023-02-15T02:54:22Z</time></trkpt><trkpt lat="28.082691" lon="85.411046"><ele>4359.609</ele><time>2023-02-15T02:54:26Z</time></trkpt><trkpt lat="28.082696" lon="85.410986"><ele>4360.929</ele><time>2023-02-15T02:54:31Z</time></trkpt><trkpt lat="28.082701" lon="85.410924"><ele>4360.040</ele><time>2023-02-15T02:54:37Z</time></trkpt><trkpt lat="28.082728" lon="85.410874"><ele>4360.184</ele><time>2023-02-15T02:54:42Z</time></trkpt><trkpt lat="28.082768" lon="85.410839"><ele>4360.168</ele><time>2023-02-15T02:54:46Z</time></trkpt><trkpt lat="28.082798" lon="85.410796"><ele>4360.568</ele><time>2023-02-15T02:54:50Z</time></trkpt><trkpt lat="28.082830" lon="85.410759"><ele>4361.162</ele><time>2023-02-15T02:54:54Z</time></trkpt><trkpt lat="28.082867" lon="85.410722"><ele>4361.120</ele><time>2023-02-15T02:54:58Z</time></trkpt><trkpt lat="28.082914" lon="85.410692"><ele>4361.482</ele><time>2023-02-15T02:55:03Z</time></trkpt><trkpt lat="28.082947" lon="85.410652"><ele>4359.599</ele><time>2023-02-15T02:55:10Z</time></trkpt><trkpt lat="28.082960" lon="85.410602"><ele>4358.873</ele><time>2023-02-15T02:55:15Z</time></trkpt><trkpt lat="28.082963" lon="85.410544"><ele>4358.185</ele><time>2023-02-15T02:55:21Z</time></trkpt><trkpt lat="28.082976" lon="85.410487"><ele>4359.313</ele><time>2023-02-15T02:55:25Z</time></trkpt><trkpt lat="28.082973" lon="85.410429"><ele>4358.409</ele><time>2023-02-15T02:55:30Z</time></trkpt><trkpt lat="28.082976" lon="85.410377"><ele>4357.548</ele><time>2023-02-15T02:55:34Z</time></trkpt><trkpt lat="28.083026" lon="85.410365"><ele>4356.999</ele><time>2023-02-15T02:55:39Z</time></trkpt><trkpt lat="28.083054" lon="85.410323"><ele>4354.463</ele><time>2023-02-15T02:56:07Z</time></trkpt><trkpt lat="28.083082" lon="85.410273"><ele>4355.117</ele><time>2023-02-15T02:56:12Z</time></trkpt><trkpt lat="28.083117" lon="85.410240"><ele>4357.947</ele><time>2023-02-15T02:56:25Z</time></trkpt><trkpt lat="28.083152" lon="85.410202"><ele>4359.751</ele><time>2023-02-15T02:57:14Z</time></trkpt><trkpt lat="28.083197" lon="85.410192"><ele>4362.539</ele><time>2023-02-15T02:58:02Z</time></trkpt><trkpt lat="28.083239" lon="85.410222"><ele>4360.821</ele><time>2023-02-15T02:58:07Z</time></trkpt><trkpt lat="28.083289" lon="85.410257"><ele>4360.998</ele><time>2023-02-15T02:58:12Z</time></trkpt><trkpt lat="28.083339" lon="85.410249"><ele>4356.886</ele><time>2023-02-15T02:58:19Z</time></trkpt><trkpt lat="28.083372" lon="85.410289"><ele>4353.160</ele><time>2023-02-15T02:58:28Z</time></trkpt><trkpt lat="28.083385" lon="85.410347"><ele>4352.226</ele><time>2023-02-15T02:58:39Z</time></trkpt><trkpt lat="28.083392" lon="85.410400"><ele>4352.509</ele><time>2023-02-15T02:58:44Z</time></trkpt><trkpt lat="28.083395" lon="85.410455"><ele>4353.089</ele><time>2023-02-15T02:58:48Z</time></trkpt><trkpt lat="28.083403" lon="85.410513"><ele>4353.610</ele><time>2023-02-15T02:58:54Z</time></trkpt><trkpt lat="28.083421" lon="85.410563"><ele>4354.274</ele><time>2023-02-15T02:58:59Z</time></trkpt><trkpt lat="28.083458" lon="85.410605"><ele>4353.748</ele><time>2023-02-15T02:59:05Z</time></trkpt><trkpt lat="28.083498" lon="85.410632"><ele>4354.328</ele><time>2023-02-15T02:59:09Z</time></trkpt><trkpt lat="28.083530" lon="85.410670"><ele>4355.482</ele><time>2023-02-15T02:59:14Z</time></trkpt><trkpt lat="28.083562" lon="85.410712"><ele>4355.670</ele><time>2023-02-15T02:59:19Z</time></trkpt><trkpt lat="28.083592" lon="85.410754"><ele>4355.492</ele><time>2023-02-15T02:59:24Z</time></trkpt><trkpt lat="28.083624" lon="85.410799"><ele>4354.259</ele><time>2023-02-15T02:59:30Z</time></trkpt><trkpt lat="28.083656" lon="85.410846"><ele>4353.211</ele><time>2023-02-15T02:59:35Z</time></trkpt><trkpt lat="28.083671" lon="85.410899"><ele>4352.621</ele><time>2023-02-15T02:59:40Z</time></trkpt><trkpt lat="28.083689" lon="85.410949"><ele>4353.803</ele><time>2023-02-15T02:59:46Z</time></trkpt><trkpt lat="28.083721" lon="85.410986"><ele>4355.009</ele><time>2023-02-15T02:59:51Z</time></trkpt><trkpt lat="28.083736" lon="85.411038"><ele>4354.462</ele><time>2023-02-15T02:59:56Z</time></trkpt><trkpt lat="28.083743" lon="85.411100"><ele>4354.693</ele><time>2023-02-15T03:00:01Z</time></trkpt><trkpt lat="28.083753" lon="85.411153"><ele>4355.027</ele><time>2023-02-15T03:00:06Z</time></trkpt><trkpt lat="28.083755" lon="85.411205"><ele>4356.091</ele><time>2023-02-15T03:00:12Z</time></trkpt><trkpt lat="28.083773" lon="85.411252"><ele>4356.711</ele><time>2023-02-15T03:00:17Z</time></trkpt><trkpt lat="28.083803" lon="85.411295"><ele>4356.285</ele><time>2023-02-15T03:00:23Z</time></trkpt><trkpt lat="28.083793" lon="85.411345"><ele>4358.163</ele><time>2023-02-15T03:00:34Z</time></trkpt><trkpt lat="28.083820" lon="85.411398"><ele>4359.525</ele><time>2023-02-15T03:00:40Z</time></trkpt><trkpt lat="28.083840" lon="85.411446"><ele>4360.242</ele><time>2023-02-15T03:00:45Z</time></trkpt><trkpt lat="28.083872" lon="85.411498"><ele>4360.494</ele><time>2023-02-15T03:00:51Z</time></trkpt><trkpt lat="28.083905" lon="85.411535"><ele>4360.657</ele><time>2023-02-15T03:00:55Z</time></trkpt><trkpt lat="28.083950" lon="85.411567"><ele>4358.522</ele><time>2023-02-15T03:01:00Z</time></trkpt><trkpt lat="28.083992" lon="85.411590"><ele>4354.809</ele><time>2023-02-15T03:01:12Z</time></trkpt><trkpt lat="28.084034" lon="85.411627"><ele>4355.280</ele><time>2023-02-15T03:01:19Z</time></trkpt><trkpt lat="28.084059" lon="85.411675"><ele>4354.721</ele><time>2023-02-15T03:01:23Z</time></trkpt><trkpt lat="28.084069" lon="85.411727"><ele>4354.925</ele><time>2023-02-15T03:01:27Z</time></trkpt><trkpt lat="28.084072" lon="85.411780"><ele>4352.739</ele><time>2023-02-15T03:01:36Z</time></trkpt><trkpt lat="28.084099" lon="85.411825"><ele>4352.819</ele><time>2023-02-15T03:01:41Z</time></trkpt><trkpt lat="28.084111" lon="85.411878"><ele>4352.513</ele><time>2023-02-15T03:01:46Z</time></trkpt><trkpt lat="28.084131" lon="85.411930"><ele>4352.871</ele><time>2023-02-15T03:01:51Z</time></trkpt><trkpt lat="28.084163" lon="85.411973"><ele>4353.763</ele><time>2023-02-15T03:01:56Z</time></trkpt><trkpt lat="28.084176" lon="85.412026"><ele>4353.440</ele><time>2023-02-15T03:02:09Z</time></trkpt><trkpt lat="28.084183" lon="85.412079"><ele>4354.468</ele><time>2023-02-15T03:02:16Z</time></trkpt><trkpt lat="28.084175" lon="85.412131"><ele>4358.042</ele><time>2023-02-15T03:06:42Z</time></trkpt><trkpt lat="28.084170" lon="85.412186"><ele>4358.826</ele><time>2023-02-15T03:08:14Z</time></trkpt><trkpt lat="28.084187" lon="85.412134"><ele>4358.409</ele><time>2023-02-15T03:10:03Z</time></trkpt><trkpt lat="28.084172" lon="85.412084"><ele>4358.397</ele><time>2023-02-15T03:14:52Z</time></trkpt><trkpt lat="28.084172" lon="85.412026"><ele>4356.888</ele><time>2023-02-15T03:14:59Z</time></trkpt><trkpt lat="28.084142" lon="85.411984"><ele>4358.812</ele><time>2023-02-15T03:15:05Z</time></trkpt><trkpt lat="28.084122" lon="85.411937"><ele>4361.386</ele><time>2023-02-15T03:19:23Z</time></trkpt><trkpt lat="28.084102" lon="85.411875"><ele>4362.326</ele><time>2023-02-15T03:19:28Z</time></trkpt><trkpt lat="28.084099" lon="85.411818"><ele>4360.220</ele><time>2023-02-15T03:19:39Z</time></trkpt><trkpt lat="28.084072" lon="85.411766"><ele>4360.088</ele><time>2023-02-15T03:19:44Z</time></trkpt><trkpt lat="28.084115" lon="85.411783"><ele>4362.080</ele><time>2023-02-15T03:20:01Z</time></trkpt><trkpt lat="28.084142" lon="85.411735"><ele>4362.767</ele><time>2023-02-15T03:20:08Z</time></trkpt><trkpt lat="28.084137" lon="85.411680"><ele>4363.528</ele><time>2023-02-15T03:20:16Z</time></trkpt><trkpt lat="28.084117" lon="85.411632"><ele>4364.689</ele><time>2023-02-15T03:20:24Z</time></trkpt><trkpt lat="28.084077" lon="85.411582"><ele>4363.817</ele><time>2023-02-15T03:20:49Z</time></trkpt><trkpt lat="28.084065" lon="85.411525"><ele>4363.909</ele><time>2023-02-15T03:21:15Z</time></trkpt><trkpt lat="28.084068" lon="85.411465"><ele>4363.993</ele><time>2023-02-15T03:21:23Z</time></trkpt><trkpt lat="28.084056" lon="85.411415"><ele>4363.734</ele><time>2023-02-15T03:21:29Z</time></trkpt><trkpt lat="28.084033" lon="85.411363"><ele>4364.548</ele><time>2023-02-15T03:21:34Z</time></trkpt><trkpt lat="28.083995" lon="85.411323"><ele>4365.072</ele><time>2023-02-15T03:21:41Z</time></trkpt><trkpt lat="28.083968" lon="85.411265"><ele>4365.892</ele><time>2023-02-15T03:21:49Z</time></trkpt><trkpt lat="28.083943" lon="85.411218"><ele>4365.646</ele><time>2023-02-15T03:21:54Z</time></trkpt><trkpt lat="28.083921" lon="85.411168"><ele>4365.034</ele><time>2023-02-15T03:22:00Z</time></trkpt><trkpt lat="28.083909" lon="85.411116"><ele>4363.956</ele><time>2023-02-15T03:22:04Z</time></trkpt><trkpt lat="28.083877" lon="85.411076"><ele>4366.813</ele><time>2023-02-15T03:22:11Z</time></trkpt><trkpt lat="28.083895" lon="85.411028"><ele>4368.022</ele><time>2023-02-15T03:22:25Z</time></trkpt><trkpt lat="28.083913" lon="85.410980"><ele>4369.162</ele><time>2023-02-15T03:22:34Z</time></trkpt><trkpt lat="28.083910" lon="85.410922"><ele>4368.808</ele><time>2023-02-15T03:22:57Z</time></trkpt><trkpt lat="28.083920" lon="85.410862"><ele>4370.009</ele><time>2023-02-15T03:23:05Z</time></trkpt><trkpt lat="28.083918" lon="85.410809"><ele>4372.263</ele><time>2023-02-15T03:23:16Z</time></trkpt><trkpt lat="28.083958" lon="85.410786"><ele>4375.794</ele><time>2023-02-15T03:23:27Z</time></trkpt><trkpt lat="28.083961" lon="85.410729"><ele>4381.878</ele><time>2023-02-15T03:24:07Z</time></trkpt><trkpt lat="28.083976" lon="85.410681"><ele>4379.662</ele><time>2023-02-15T03:24:17Z</time></trkpt><trkpt lat="28.083986" lon="85.410628"><ele>4378.692</ele><time>2023-02-15T03:24:38Z</time></trkpt><trkpt lat="28.083974" lon="85.410578"><ele>4378.716</ele><time>2023-02-15T03:24:44Z</time></trkpt><trkpt lat="28.083956" lon="85.410526"><ele>4379.774</ele><time>2023-02-15T03:24:53Z</time></trkpt><trkpt lat="28.083929" lon="85.410481"><ele>4381.686</ele><time>2023-02-15T03:25:01Z</time></trkpt><trkpt lat="28.083902" lon="85.410434"><ele>4382.423</ele><time>2023-02-15T03:25:10Z</time></trkpt><trkpt lat="28.083907" lon="85.410382"><ele>4381.086</ele><time>2023-02-15T03:25:19Z</time></trkpt><trkpt lat="28.083897" lon="85.410332"><ele>4381.060</ele><time>2023-02-15T03:25:26Z</time></trkpt><trkpt lat="28.083892" lon="85.410280"><ele>4381.126</ele><time>2023-02-15T03:25:33Z</time></trkpt><trkpt lat="28.083925" lon="85.410242"><ele>4383.409</ele><time>2023-02-15T03:25:40Z</time></trkpt><trkpt lat="28.083948" lon="85.410197"><ele>4385.939</ele><time>2023-02-15T03:25:48Z</time></trkpt><trkpt lat="28.083945" lon="85.410134"><ele>4385.040</ele><time>2023-02-15T03:25:54Z</time></trkpt><trkpt lat="28.083935" lon="85.410082"><ele>4384.694</ele><time>2023-02-15T03:26:01Z</time></trkpt><trkpt lat="28.083935" lon="85.410030"><ele>4384.078</ele><time>2023-02-15T03:26:08Z</time></trkpt><trkpt lat="28.083920" lon="85.409975"><ele>4382.688</ele><time>2023-02-15T03:26:14Z</time></trkpt><trkpt lat="28.083898" lon="85.409925"><ele>4385.482</ele><time>2023-02-15T03:26:28Z</time></trkpt><trkpt lat="28.083886" lon="85.409873"><ele>4385.170</ele><time>2023-02-15T03:26:35Z</time></trkpt><trkpt lat="28.083858" lon="85.409825"><ele>4384.192</ele><time>2023-02-15T03:26:41Z</time></trkpt><trkpt lat="28.083788" lon="85.409740"><ele>4381.519</ele><time>2023-02-15T03:26:57Z</time></trkpt><trkpt lat="28.083740" lon="85.409695"><ele>4374.858</ele><time>2023-02-15T03:29:30Z</time></trkpt><trkpt lat="28.083852" lon="85.409798"><ele>4369.752</ele><time>2023-02-15T03:52:44Z</time></trkpt><trkpt lat="28.083842" lon="85.409853"><ele>4374.917</ele><time>2023-02-15T03:52:48Z</time></trkpt><trkpt lat="28.083884" lon="85.409883"><ele>4376.909</ele><time>2023-02-15T03:52:55Z</time></trkpt><trkpt lat="28.083892" lon="85.409940"><ele>4383.416</ele><time>2023-02-15T03:53:21Z</time></trkpt><trkpt lat="28.083915" lon="85.409988"><ele>4385.597</ele><time>2023-02-15T03:53:29Z</time></trkpt><trkpt lat="28.083937" lon="85.410080"><ele>4390.421</ele><time>2023-02-15T03:54:17Z</time></trkpt><trkpt lat="28.083930" lon="85.410135"><ele>4392.415</ele><time>2023-02-15T03:54:24Z</time></trkpt><trkpt lat="28.083932" lon="85.410187"><ele>4393.985</ele><time>2023-02-15T03:55:19Z</time></trkpt><trkpt lat="28.083925" lon="85.410244"><ele>4392.549</ele><time>2023-02-15T03:55:25Z</time></trkpt><trkpt lat="28.083903" lon="85.410294"><ele>4391.577</ele><time>2023-02-15T03:55:29Z</time></trkpt><trkpt lat="28.083895" lon="85.410347"><ele>4392.969</ele><time>2023-02-15T03:55:35Z</time></trkpt><trkpt lat="28.083918" lon="85.410425"><ele>4396.326</ele><time>2023-02-15T03:56:14Z</time></trkpt><trkpt lat="28.083930" lon="85.410480"><ele>4397.392</ele><time>2023-02-15T03:56:21Z</time></trkpt><trkpt lat="28.083940" lon="85.410532"><ele>4397.173</ele><time>2023-02-15T03:56:27Z</time></trkpt><trkpt lat="28.083975" lon="85.410572"><ele>4394.020</ele><time>2023-02-15T03:56:33Z</time></trkpt><trkpt lat="28.083993" lon="85.410619"><ele>4392.309</ele><time>2023-02-15T03:56:38Z</time></trkpt><trkpt lat="28.083996" lon="85.410676"><ele>4391.540</ele><time>2023-02-15T03:56:43Z</time></trkpt><trkpt lat="28.083998" lon="85.410728"><ele>4392.171</ele><time>2023-02-15T03:56:51Z</time></trkpt><trkpt lat="28.083975" lon="85.410773"><ele>4389.825</ele><time>2023-02-15T03:56:58Z</time></trkpt><trkpt lat="28.083960" lon="85.410825"><ele>4389.099</ele><time>2023-02-15T03:57:16Z</time></trkpt><trkpt lat="28.083913" lon="85.410840"><ele>4387.999</ele><time>2023-02-15T03:57:27Z</time></trkpt><trkpt lat="28.083910" lon="85.410893"><ele>4387.073</ele><time>2023-02-15T03:57:32Z</time></trkpt><trkpt lat="28.083930" lon="85.410943"><ele>4383.821</ele><time>2023-02-15T03:57:40Z</time></trkpt><trkpt lat="28.083917" lon="85.410993"><ele>4381.043</ele><time>2023-02-15T03:57:46Z</time></trkpt><trkpt lat="28.083899" lon="85.411045"><ele>4380.380</ele><time>2023-02-15T03:57:52Z</time></trkpt><trkpt lat="28.083887" lon="85.411095"><ele>4377.123</ele><time>2023-02-15T03:57:59Z</time></trkpt><trkpt lat="28.083872" lon="85.411143"><ele>4371.783</ele><time>2023-02-15T03:58:11Z</time></trkpt><trkpt lat="28.083872" lon="85.411196"><ele>4367.111</ele><time>2023-02-15T03:58:16Z</time></trkpt><trkpt lat="28.083870" lon="85.411249"><ele>4364.609</ele><time>2023-02-15T03:58:22Z</time></trkpt><trkpt lat="28.083883" lon="85.411306"><ele>4363.133</ele><time>2023-02-15T03:58:26Z</time></trkpt><trkpt lat="28.083895" lon="85.411363"><ele>4364.054</ele><time>2023-02-15T03:58:30Z</time></trkpt><trkpt lat="28.083885" lon="85.411416"><ele>4363.668</ele><time>2023-02-15T03:58:35Z</time></trkpt><trkpt lat="28.083925" lon="85.411458"><ele>4363.882</ele><time>2023-02-15T03:58:40Z</time></trkpt><trkpt lat="28.083963" lon="85.411486"><ele>4364.362</ele><time>2023-02-15T03:58:45Z</time></trkpt><trkpt lat="28.083988" lon="85.411533"><ele>4363.966</ele><time>2023-02-15T03:58:52Z</time></trkpt><trkpt lat="28.083995" lon="85.411590"><ele>4364.224</ele><time>2023-02-15T03:59:00Z</time></trkpt><trkpt lat="28.084015" lon="85.411645"><ele>4362.426</ele><time>2023-02-15T03:59:07Z</time></trkpt><trkpt lat="28.084048" lon="85.411690"><ele>4359.063</ele><time>2023-02-15T03:59:15Z</time></trkpt><trkpt lat="28.084076" lon="85.411735"><ele>4357.997</ele><time>2023-02-15T03:59:20Z</time></trkpt><trkpt lat="28.084109" lon="85.411773"><ele>4353.823</ele><time>2023-02-15T03:59:27Z</time></trkpt><trkpt lat="28.084144" lon="85.411820"><ele>4353.325</ele><time>2023-02-15T03:59:33Z</time></trkpt><trkpt lat="28.084166" lon="85.411865"><ele>4353.409</ele><time>2023-02-15T03:59:39Z</time></trkpt><trkpt lat="28.084136" lon="85.411903"><ele>4368.550</ele><time>2023-02-15T04:01:43Z</time></trkpt><trkpt lat="28.084168" lon="85.411956"><ele>4374.141</ele><time>2023-02-15T04:01:48Z</time></trkpt><trkpt lat="28.084191" lon="85.412014"><ele>4372.925</ele><time>2023-02-15T04:01:52Z</time></trkpt><trkpt lat="28.084221" lon="85.412066"><ele>4370.239</ele><time>2023-02-15T04:01:57Z</time></trkpt><trkpt lat="28.084234" lon="85.412121"><ele>4365.989</ele><time>2023-02-15T04:02:02Z</time></trkpt><trkpt lat="28.084266" lon="85.412158"><ele>4363.543</ele><time>2023-02-15T04:02:06Z</time></trkpt><trkpt lat="28.084276" lon="85.412210"><ele>4361.241</ele><time>2023-02-15T04:02:12Z</time></trkpt><trkpt lat="28.084283" lon="85.412262"><ele>4360.823</ele><time>2023-02-15T04:02:16Z</time></trkpt><trkpt lat="28.084273" lon="85.412320"><ele>4359.260</ele><time>2023-02-15T04:02:22Z</time></trkpt><trkpt lat="28.084270" lon="85.412373"><ele>4358.224</ele><time>2023-02-15T04:02:41Z</time></trkpt><trkpt lat="28.084267" lon="85.412430"><ele>4357.404</ele><time>2023-02-15T04:02:46Z</time></trkpt><trkpt lat="28.084260" lon="85.412495"><ele>4357.014</ele><time>2023-02-15T04:02:51Z</time></trkpt><trkpt lat="28.084262" lon="85.412553"><ele>4355.409</ele><time>2023-02-15T04:02:57Z</time></trkpt><trkpt lat="28.084267" lon="85.412606"><ele>4354.553</ele><time>2023-02-15T04:03:02Z</time></trkpt><trkpt lat="28.084272" lon="85.412659"><ele>4355.174</ele><time>2023-02-15T04:03:06Z</time></trkpt><trkpt lat="28.084275" lon="85.412717"><ele>4355.588</ele><time>2023-02-15T04:03:11Z</time></trkpt><trkpt lat="28.084273" lon="85.412769"><ele>4355.472</ele><time>2023-02-15T04:03:16Z</time></trkpt><trkpt lat="28.084266" lon="85.412832"><ele>4355.772</ele><time>2023-02-15T04:03:21Z</time></trkpt><trkpt lat="28.084253" lon="85.412889"><ele>4354.066</ele><time>2023-02-15T04:03:26Z</time></trkpt><trkpt lat="28.084250" lon="85.412941"><ele>4354.484</ele><time>2023-02-15T04:03:31Z</time></trkpt><trkpt lat="28.084238" lon="85.412994"><ele>4353.326</ele><time>2023-02-15T04:03:36Z</time></trkpt><trkpt lat="28.084240" lon="85.413047"><ele>4352.493</ele><time>2023-02-15T04:03:41Z</time></trkpt><trkpt lat="28.084217" lon="85.413184"><ele>4359.357</ele><time>2023-02-15T04:05:16Z</time></trkpt><trkpt lat="28.084224" lon="85.413249"><ele>4364.300</ele><time>2023-02-15T04:07:49Z</time></trkpt><trkpt lat="28.084217" lon="85.413301"><ele>4363.620</ele><time>2023-02-15T04:07:54Z</time></trkpt><trkpt lat="28.084212" lon="85.413356"><ele>4363.309</ele><time>2023-02-15T04:07:59Z</time></trkpt><trkpt lat="28.084195" lon="85.413409"><ele>4363.656</ele><time>2023-02-15T04:08:05Z</time></trkpt><trkpt lat="28.084188" lon="85.413469"><ele>4362.157</ele><time>2023-02-15T04:08:10Z</time></trkpt><trkpt lat="28.084185" lon="85.413529"><ele>4363.231</ele><time>2023-02-15T04:08:17Z</time></trkpt><trkpt lat="28.084183" lon="85.413587"><ele>4363.165</ele><time>2023-02-15T04:08:22Z</time></trkpt><trkpt lat="28.084183" lon="85.413652"><ele>4362.335</ele><time>2023-02-15T04:08:42Z</time></trkpt><trkpt lat="28.084203" lon="85.413704"><ele>4364.879</ele><time>2023-02-15T04:08:46Z</time></trkpt><trkpt lat="28.084193" lon="85.413756"><ele>4365.517</ele><time>2023-02-15T04:08:49Z</time></trkpt><trkpt lat="28.084190" lon="85.413813"><ele>4365.019</ele><time>2023-02-15T04:08:53Z</time></trkpt><trkpt lat="28.084182" lon="85.413865"><ele>4366.196</ele><time>2023-02-15T04:08:57Z</time></trkpt><trkpt lat="28.084189" lon="85.413917"><ele>4365.215</ele><time>2023-02-15T04:09:01Z</time></trkpt><trkpt lat="28.084164" lon="85.413965"><ele>4363.265</ele><time>2023-02-15T04:09:05Z</time></trkpt><trkpt lat="28.084152" lon="85.414023"><ele>4363.011</ele><time>2023-02-15T04:09:09Z</time></trkpt><trkpt lat="28.084157" lon="85.414078"><ele>4363.609</ele><time>2023-02-15T04:09:13Z</time></trkpt><trkpt lat="28.084144" lon="85.414135"><ele>4363.692</ele><time>2023-02-15T04:09:19Z</time></trkpt><trkpt lat="28.084114" lon="85.414177"><ele>4363.173</ele><time>2023-02-15T04:09:23Z</time></trkpt><trkpt lat="28.084092" lon="85.414225"><ele>4363.077</ele><time>2023-02-15T04:09:31Z</time></trkpt><trkpt lat="28.084084" lon="85.414277"><ele>4360.571</ele><time>2023-02-15T04:09:53Z</time></trkpt><trkpt lat="28.084074" lon="85.414327"><ele>4367.761</ele><time>2023-02-15T04:10:33Z</time></trkpt><trkpt lat="28.084077" lon="85.414390"><ele>4368.225</ele><time>2023-02-15T04:10:37Z</time></trkpt><trkpt lat="28.084065" lon="85.414448"><ele>4363.563</ele><time>2023-02-15T04:10:43Z</time></trkpt><trkpt lat="28.084043" lon="85.414506"><ele>4362.315</ele><time>2023-02-15T04:10:47Z</time></trkpt><trkpt lat="28.084056" lon="85.414563"><ele>4361.352</ele><time>2023-02-15T04:10:54Z</time></trkpt><trkpt lat="28.084076" lon="85.414613"><ele>4356.586</ele><time>2023-02-15T04:10:59Z</time></trkpt><trkpt lat="28.084091" lon="85.414663"><ele>4354.660</ele><time>2023-02-15T04:11:03Z</time></trkpt><trkpt lat="28.084091" lon="85.414720"><ele>4353.326</ele><time>2023-02-15T04:11:07Z</time></trkpt><trkpt lat="28.084101" lon="85.414770"><ele>4352.709</ele><time>2023-02-15T04:11:11Z</time></trkpt><trkpt lat="28.084103" lon="85.414825"><ele>4354.879</ele><time>2023-02-15T04:11:15Z</time></trkpt><trkpt lat="28.084105" lon="85.414880"><ele>4354.460</ele><time>2023-02-15T04:11:20Z</time></trkpt><trkpt lat="28.084118" lon="85.414937"><ele>4354.424</ele><time>2023-02-15T04:11:23Z</time></trkpt><trkpt lat="28.084116" lon="85.414995"><ele>4355.368</ele><time>2023-02-15T04:11:28Z</time></trkpt><trkpt lat="28.084111" lon="85.415055"><ele>4356.548</ele><time>2023-02-15T04:11:33Z</time></trkpt><trkpt lat="28.084121" lon="85.415105"><ele>4356.352</ele><time>2023-02-15T04:11:37Z</time></trkpt><trkpt lat="28.084116" lon="85.415163"><ele>4355.550</ele><time>2023-02-15T04:11:42Z</time></trkpt><trkpt lat="28.084123" lon="85.415220"><ele>4354.752</ele><time>2023-02-15T04:11:48Z</time></trkpt><trkpt lat="28.084106" lon="85.415280"><ele>4355.799</ele><time>2023-02-15T04:11:53Z</time></trkpt><trkpt lat="28.084093" lon="85.415335"><ele>4355.179</ele><time>2023-02-15T04:11:58Z</time></trkpt><trkpt lat="28.084071" lon="85.415387"><ele>4354.705</ele><time>2023-02-15T04:12:03Z</time></trkpt><trkpt lat="28.084056" lon="85.415435"><ele>4354.925</ele><time>2023-02-15T04:12:07Z</time></trkpt><trkpt lat="28.084021" lon="85.415472"><ele>4357.809</ele><time>2023-02-15T04:12:12Z</time></trkpt><trkpt lat="28.084006" lon="85.415524"><ele>4360.498</ele><time>2023-02-15T04:12:18Z</time></trkpt><trkpt lat="28.083959" lon="85.415501"><ele>4363.939</ele><time>2023-02-15T04:12:32Z</time></trkpt><trkpt lat="28.083961" lon="85.415553"><ele>4372.963</ele><time>2023-02-15T04:12:57Z</time></trkpt><trkpt lat="28.083921" lon="85.415580"><ele>4372.277</ele><time>2023-02-15T04:13:04Z</time></trkpt><trkpt lat="28.083906" lon="85.415637"><ele>4369.637</ele><time>2023-02-15T04:13:20Z</time></trkpt><trkpt lat="28.083913" lon="85.415690"><ele>4367.691</ele><time>2023-02-15T04:13:29Z</time></trkpt><trkpt lat="28.083901" lon="85.415743"><ele>4368.099</ele><time>2023-02-15T04:13:38Z</time></trkpt><trkpt lat="28.083886" lon="85.415795"><ele>4367.121</ele><time>2023-02-15T04:13:49Z</time></trkpt><trkpt lat="28.083858" lon="85.415845"><ele>4368.258</ele><time>2023-02-15T04:13:58Z</time></trkpt><trkpt lat="28.083843" lon="85.415893"><ele>4370.189</ele><time>2023-02-15T04:14:09Z</time></trkpt><trkpt lat="28.083810" lon="85.415945"><ele>4376.306</ele><time>2023-02-15T04:14:27Z</time></trkpt><trkpt lat="28.083828" lon="85.415995"><ele>4375.526</ele><time>2023-02-15T04:14:35Z</time></trkpt><trkpt lat="28.083803" lon="85.416047"><ele>4376.709</ele><time>2023-02-15T04:14:45Z</time></trkpt><trkpt lat="28.083771" lon="85.416092"><ele>4380.689</ele><time>2023-02-15T04:14:53Z</time></trkpt><trkpt lat="28.083739" lon="85.416130"><ele>4382.840</ele><time>2023-02-15T04:15:05Z</time></trkpt><trkpt lat="28.083699" lon="85.416155"><ele>4388.214</ele><time>2023-02-15T04:15:19Z</time></trkpt><trkpt lat="28.083726" lon="85.416198"><ele>4387.788</ele><time>2023-02-15T04:15:28Z</time></trkpt><trkpt lat="28.083709" lon="85.416248"><ele>4388.988</ele><time>2023-02-15T04:15:40Z</time></trkpt><trkpt lat="28.083682" lon="85.416320"><ele>4389.152</ele><time>2023-02-15T04:15:58Z</time></trkpt><trkpt lat="28.083662" lon="85.416388"><ele>4393.530</ele><time>2023-02-15T04:16:23Z</time></trkpt><trkpt lat="28.083635" lon="85.416436"><ele>4397.362</ele><time>2023-02-15T04:16:39Z</time></trkpt><trkpt lat="28.083622" lon="85.416489"><ele>4396.219</ele><time>2023-02-15T04:16:53Z</time></trkpt><trkpt lat="28.083597" lon="85.416546"><ele>4395.622</ele><time>2023-02-15T04:17:40Z</time></trkpt><trkpt lat="28.083664" lon="85.416521"><ele>4412.762</ele><time>2023-02-15T04:19:46Z</time></trkpt><trkpt lat="28.083639" lon="85.416478"><ele>4409.808</ele><time>2023-02-15T04:19:52Z</time></trkpt><trkpt lat="28.083649" lon="85.416418"><ele>4403.709</ele><time>2023-02-15T04:20:23Z</time></trkpt><trkpt lat="28.083649" lon="85.416361"><ele>4404.363</ele><time>2023-02-15T04:20:30Z</time></trkpt><trkpt lat="28.083674" lon="85.416314"><ele>4403.514</ele><time>2023-02-15T04:20:34Z</time></trkpt><trkpt lat="28.083641" lon="85.416356"><ele>4399.998</ele><time>2023-02-15T04:20:41Z</time></trkpt><trkpt lat="28.083596" lon="85.416389"><ele>4399.962</ele><time>2023-02-15T04:20:47Z</time></trkpt><trkpt lat="28.083566" lon="85.416437"><ele>4398.562</ele><time>2023-02-15T04:20:54Z</time></trkpt><trkpt lat="28.083564" lon="85.416490"><ele>4399.266</ele><time>2023-02-15T04:21:03Z</time></trkpt><trkpt lat="28.083504" lon="85.416533"><ele>4401.584</ele><time>2023-02-15T04:21:16Z</time></trkpt><trkpt lat="28.083494" lon="85.416605"><ele>4399.876</ele><time>2023-02-15T04:21:51Z</time></trkpt><trkpt lat="28.083471" lon="85.416653"><ele>4402.343</ele><time>2023-02-15T04:22:31Z</time></trkpt><trkpt lat="28.083469" lon="85.416706"><ele>4404.484</ele><time>2023-02-15T04:22:40Z</time></trkpt><trkpt lat="28.083431" lon="85.416741"><ele>4406.307</ele><time>2023-02-15T04:22:48Z</time></trkpt><trkpt lat="28.083413" lon="85.416801"><ele>4409.717</ele><time>2023-02-15T04:23:09Z</time></trkpt><trkpt lat="28.083401" lon="85.416853"><ele>4411.409</ele><time>2023-02-15T04:23:48Z</time></trkpt><trkpt lat="28.083339" lon="85.416910"><ele>4416.569</ele><time>2023-02-15T04:24:05Z</time></trkpt><trkpt lat="28.083309" lon="85.416950"><ele>4418.090</ele><time>2023-02-15T04:24:13Z</time></trkpt><trkpt lat="28.083276" lon="85.416997"><ele>4418.624</ele><time>2023-02-15T04:24:21Z</time></trkpt><trkpt lat="28.083244" lon="85.417034"><ele>4419.078</ele><time>2023-02-15T04:24:27Z</time></trkpt><trkpt lat="28.083211" lon="85.417074"><ele>4419.968</ele><time>2023-02-15T04:24:36Z</time></trkpt><trkpt lat="28.083178" lon="85.417112"><ele>4417.582</ele><time>2023-02-15T04:24:54Z</time></trkpt><trkpt lat="28.083165" lon="85.417162"><ele>4416.920</ele><time>2023-02-15T04:25:01Z</time></trkpt><trkpt lat="28.083132" lon="85.417199"><ele>4421.772</ele><time>2023-02-15T04:25:39Z</time></trkpt><trkpt lat="28.083099" lon="85.417237"><ele>4423.429</ele><time>2023-02-15T04:25:47Z</time></trkpt><trkpt lat="28.083056" lon="85.417255"><ele>4424.548</ele><time>2023-02-15T04:25:54Z</time></trkpt><trkpt lat="28.083019" lon="85.417293"><ele>4428.861</ele><time>2023-02-15T04:26:29Z</time></trkpt><trkpt lat="28.082986" lon="85.417341"><ele>4428.617</ele><time>2023-02-15T04:26:35Z</time></trkpt><trkpt lat="28.082931" lon="85.417363"><ele>4428.609</ele><time>2023-02-15T04:26:41Z</time></trkpt><trkpt lat="28.082884" lon="85.417373"><ele>4428.495</ele><time>2023-02-15T04:26:45Z</time></trkpt><trkpt lat="28.082834" lon="85.417373"><ele>4430.486</ele><time>2023-02-15T04:26:51Z</time></trkpt><trkpt lat="28.082856" lon="85.417420"><ele>4429.890</ele><time>2023-02-15T04:27:15Z</time></trkpt><trkpt lat="28.082836" lon="85.417475"><ele>4429.614</ele><time>2023-02-15T04:27:22Z</time></trkpt><trkpt lat="28.082808" lon="85.417518"><ele>4429.854</ele><time>2023-02-15T04:27:29Z</time></trkpt><trkpt lat="28.082773" lon="85.417553"><ele>4430.678</ele><time>2023-02-15T04:27:35Z</time></trkpt><trkpt lat="28.082731" lon="85.417586"><ele>4430.726</ele><time>2023-02-15T04:27:42Z</time></trkpt><trkpt lat="28.082698" lon="85.417626"><ele>4430.488</ele><time>2023-02-15T04:27:52Z</time></trkpt><trkpt lat="28.082675" lon="85.417671"><ele>4429.525</ele><time>2023-02-15T04:27:59Z</time></trkpt><trkpt lat="28.082638" lon="85.417708"><ele>4426.514</ele><time>2023-02-15T04:28:17Z</time></trkpt><trkpt lat="28.082606" lon="85.417746"><ele>4428.054</ele><time>2023-02-15T04:28:22Z</time></trkpt><trkpt lat="28.082574" lon="85.417783"><ele>4431.509</ele><time>2023-02-15T04:28:39Z</time></trkpt><trkpt lat="28.082534" lon="85.417815"><ele>4433.009</ele><time>2023-02-15T04:28:45Z</time></trkpt><trkpt lat="28.082542" lon="85.417878"><ele>4432.092</ele><time>2023-02-15T04:29:02Z</time></trkpt><trkpt lat="28.082505" lon="85.417915"><ele>4435.173</ele><time>2023-02-15T04:29:22Z</time></trkpt><trkpt lat="28.082457" lon="85.417927"><ele>4434.077</ele><time>2023-02-15T04:29:33Z</time></trkpt><trkpt lat="28.082412" lon="85.417949"><ele>4434.771</ele><time>2023-02-15T04:29:41Z</time></trkpt><trkpt lat="28.082372" lon="85.417972"><ele>4434.641</ele><time>2023-02-15T04:29:49Z</time></trkpt><trkpt lat="28.082337" lon="85.418009"><ele>4434.845</ele><time>2023-02-15T04:29:57Z</time></trkpt><trkpt lat="28.082290" lon="85.418019"><ele>4436.413</ele><time>2023-02-15T04:30:04Z</time></trkpt><trkpt lat="28.082252" lon="85.418049"><ele>4440.685</ele><time>2023-02-15T04:30:19Z</time></trkpt><trkpt lat="28.082209" lon="85.418072"><ele>4441.862</ele><time>2023-02-15T04:30:51Z</time></trkpt><trkpt lat="28.082157" lon="85.418084"><ele>4440.517</ele><time>2023-02-15T04:31:47Z</time></trkpt><trkpt lat="28.082122" lon="85.418117"><ele>4440.787</ele><time>2023-02-15T04:31:56Z</time></trkpt><trkpt lat="28.082062" lon="85.418119"><ele>4442.515</ele><time>2023-02-15T04:32:10Z</time></trkpt><trkpt lat="28.082107" lon="85.418144"><ele>4450.909</ele><time>2023-02-15T04:32:41Z</time></trkpt><trkpt lat="28.082117" lon="85.418201"><ele>4440.722</ele><time>2023-02-15T04:32:45Z</time></trkpt><trkpt lat="28.082097" lon="85.418249"><ele>4442.623</ele><time>2023-02-15T04:32:58Z</time></trkpt><trkpt lat="28.082052" lon="85.418256"><ele>4443.257</ele><time>2023-02-15T04:33:06Z</time></trkpt><trkpt lat="28.082020" lon="85.418298"><ele>4445.961</ele><time>2023-02-15T04:33:18Z</time></trkpt><trkpt lat="28.081973" lon="85.418341"><ele>4448.021</ele><time>2023-02-15T04:33:36Z</time></trkpt><trkpt lat="28.081941" lon="85.418378"><ele>4449.555</ele><time>2023-02-15T04:33:45Z</time></trkpt><trkpt lat="28.081901" lon="85.418406"><ele>4451.893</ele><time>2023-02-15T04:33:57Z</time></trkpt><trkpt lat="28.081861" lon="85.418438"><ele>4454.865</ele><time>2023-02-15T04:34:09Z</time></trkpt><trkpt lat="28.081824" lon="85.418473"><ele>4456.622</ele><time>2023-02-15T04:34:22Z</time></trkpt><trkpt lat="28.081789" lon="85.418513"><ele>4457.757</ele><time>2023-02-15T04:34:33Z</time></trkpt><trkpt lat="28.081756" lon="85.418561"><ele>4463.300</ele><time>2023-02-15T04:35:33Z</time></trkpt><trkpt lat="28.081721" lon="85.418594"><ele>4454.120</ele><time>2023-02-15T04:35:37Z</time></trkpt><trkpt lat="28.081711" lon="85.418646"><ele>4452.309</ele><time>2023-02-15T04:35:43Z</time></trkpt><trkpt lat="28.081678" lon="85.418689"><ele>4454.196</ele><time>2023-02-15T04:35:51Z</time></trkpt><trkpt lat="28.081670" lon="85.418741"><ele>4459.367</ele><time>2023-02-15T04:36:00Z</time></trkpt><trkpt lat="28.081635" lon="85.418784"><ele>4464.141</ele><time>2023-02-15T04:36:24Z</time></trkpt><trkpt lat="28.081587" lon="85.418812"><ele>4458.815</ele><time>2023-02-15T04:36:28Z</time></trkpt><trkpt lat="28.081559" lon="85.418867"><ele>4460.075</ele><time>2023-02-15T04:36:39Z</time></trkpt><trkpt lat="28.081514" lon="85.418882"><ele>4460.189</ele><time>2023-02-15T04:36:47Z</time></trkpt><trkpt lat="28.081499" lon="85.418932"><ele>4462.687</ele><time>2023-02-15T04:36:55Z</time></trkpt><trkpt lat="28.081462" lon="85.418970"><ele>4464.959</ele><time>2023-02-15T04:37:08Z</time></trkpt><trkpt lat="28.081437" lon="85.419015"><ele>4464.666</ele><time>2023-02-15T04:37:17Z</time></trkpt><trkpt lat="28.081395" lon="85.419048"><ele>4465.836</ele><time>2023-02-15T04:37:32Z</time></trkpt><trkpt lat="28.081352" lon="85.419068"><ele>4468.017</ele><time>2023-02-15T04:37:39Z</time></trkpt><trkpt lat="28.081329" lon="85.419115"><ele>4468.818</ele><time>2023-02-15T04:37:49Z</time></trkpt><trkpt lat="28.081266" lon="85.419225"><ele>4473.709</ele><time>2023-02-15T04:38:25Z</time></trkpt><trkpt lat="28.081238" lon="85.419277"><ele>4473.994</ele><time>2023-02-15T04:38:36Z</time></trkpt><trkpt lat="28.081213" lon="85.419325"><ele>4474.755</ele><time>2023-02-15T04:38:46Z</time></trkpt><trkpt lat="28.081178" lon="85.419370"><ele>4476.419</ele><time>2023-02-15T04:38:53Z</time></trkpt><trkpt lat="28.081135" lon="85.419425"><ele>4481.083</ele><time>2023-02-15T04:39:25Z</time></trkpt><trkpt lat="28.081118" lon="85.419488"><ele>4484.073</ele><time>2023-02-15T04:40:12Z</time></trkpt><trkpt lat="28.081090" lon="85.419528"><ele>4483.797</ele><time>2023-02-15T04:40:21Z</time></trkpt><trkpt lat="28.081052" lon="85.419555"><ele>4485.575</ele><time>2023-02-15T04:40:32Z</time></trkpt><trkpt lat="28.081015" lon="85.419588"><ele>4487.527</ele><time>2023-02-15T04:40:43Z</time></trkpt><trkpt lat="28.080987" lon="85.419630"><ele>4489.544</ele><time>2023-02-15T04:41:08Z</time></trkpt><trkpt lat="28.080947" lon="85.419653"><ele>4490.913</ele><time>2023-02-15T04:41:17Z</time></trkpt><trkpt lat="28.080907" lon="85.419678"><ele>4491.343</ele><time>2023-02-15T04:41:25Z</time></trkpt><trkpt lat="28.080827" lon="85.419723"><ele>4494.307</ele><time>2023-02-15T04:42:49Z</time></trkpt><trkpt lat="28.080817" lon="85.419776"><ele>4493.409</ele><time>2023-02-15T04:43:00Z</time></trkpt><trkpt lat="28.080792" lon="85.419828"><ele>4495.622</ele><time>2023-02-15T04:43:28Z</time></trkpt><trkpt lat="28.080745" lon="85.419841"><ele>4495.093</ele><time>2023-02-15T04:43:34Z</time></trkpt><trkpt lat="28.080707" lon="85.419868"><ele>4496.297</ele><time>2023-02-15T04:43:41Z</time></trkpt><trkpt lat="28.080685" lon="85.419913"><ele>4497.321</ele><time>2023-02-15T04:44:07Z</time></trkpt><trkpt lat="28.080640" lon="85.419925"><ele>4497.451</ele><time>2023-02-15T04:44:14Z</time></trkpt><trkpt lat="28.080595" lon="85.419938"><ele>4498.375</ele><time>2023-02-15T04:44:36Z</time></trkpt><trkpt lat="28.080570" lon="85.419988"><ele>4499.193</ele><time>2023-02-15T04:44:48Z</time></trkpt><trkpt lat="28.080550" lon="85.420038"><ele>4499.145</ele><time>2023-02-15T04:45:00Z</time></trkpt><trkpt lat="28.080463" lon="85.420136"><ele>4500.262</ele><time>2023-02-15T04:45:24Z</time></trkpt><trkpt lat="28.080436" lon="85.420178"><ele>4500.848</ele><time>2023-02-15T04:45:33Z</time></trkpt><trkpt lat="28.080406" lon="85.420221"><ele>4501.461</ele><time>2023-02-15T04:45:42Z</time></trkpt><trkpt lat="28.080383" lon="85.420266"><ele>4502.717</ele><time>2023-02-15T04:45:49Z</time></trkpt><trkpt lat="28.080336" lon="85.420263"><ele>4505.509</ele><time>2023-02-15T04:46:16Z</time></trkpt><trkpt lat="28.080296" lon="85.420293"><ele>4506.675</ele><time>2023-02-15T04:46:26Z</time></trkpt><trkpt lat="28.080261" lon="85.420328"><ele>4507.036</ele><time>2023-02-15T04:46:34Z</time></trkpt><trkpt lat="28.080218" lon="85.420351"><ele>4506.830</ele><time>2023-02-15T04:46:42Z</time></trkpt><trkpt lat="28.080175" lon="85.420366"><ele>4508.694</ele><time>2023-02-15T04:46:49Z</time></trkpt><trkpt lat="28.080137" lon="85.420396"><ele>4509.674</ele><time>2023-02-15T04:47:05Z</time></trkpt><trkpt lat="28.080089" lon="85.420404"><ele>4511.918</ele><time>2023-02-15T04:47:12Z</time></trkpt><trkpt lat="28.080046" lon="85.420386"><ele>4514.956</ele><time>2023-02-15T04:47:19Z</time></trkpt><trkpt lat="28.080003" lon="85.420406"><ele>4518.918</ele><time>2023-02-15T04:47:32Z</time></trkpt><trkpt lat="28.079938" lon="85.420434"><ele>4517.325</ele><time>2023-02-15T04:49:33Z</time></trkpt><trkpt lat="28.079923" lon="85.420482"><ele>4522.389</ele><time>2023-02-15T04:50:02Z</time></trkpt><trkpt lat="28.079880" lon="85.420504"><ele>4523.506</ele><time>2023-02-15T04:50:19Z</time></trkpt><trkpt lat="28.079867" lon="85.420557"><ele>4524.826</ele><time>2023-02-15T04:50:29Z</time></trkpt><trkpt lat="28.079825" lon="85.420585"><ele>4527.409</ele><time>2023-02-15T04:51:48Z</time></trkpt><trkpt lat="28.079790" lon="85.420625"><ele>4526.279</ele><time>2023-02-15T04:52:16Z</time></trkpt><trkpt lat="28.079777" lon="85.420677"><ele>4527.020</ele><time>2023-02-15T04:52:30Z</time></trkpt><trkpt lat="28.079755" lon="85.420724"><ele>4528.994</ele><time>2023-02-15T04:52:35Z</time></trkpt><trkpt lat="28.079722" lon="85.420761"><ele>4529.688</ele><time>2023-02-15T04:52:45Z</time></trkpt><trkpt lat="28.079684" lon="85.420791"><ele>4532.788</ele><time>2023-02-15T04:52:52Z</time></trkpt><trkpt lat="28.079637" lon="85.420818"><ele>4534.552</ele><time>2023-02-15T04:53:01Z</time></trkpt><trkpt lat="28.079600" lon="85.420851"><ele>4536.410</ele><time>2023-02-15T04:53:08Z</time></trkpt><trkpt lat="28.079570" lon="85.420894"><ele>4537.212</ele><time>2023-02-15T04:53:15Z</time></trkpt><trkpt lat="28.079530" lon="85.420922"><ele>4537.849</ele><time>2023-02-15T04:53:23Z</time></trkpt><trkpt lat="28.079485" lon="85.420945"><ele>4539.443</ele><time>2023-02-15T04:53:30Z</time></trkpt><trkpt lat="28.079438" lon="85.420973"><ele>4541.064</ele><time>2023-02-15T04:53:35Z</time></trkpt><trkpt lat="28.079400" lon="85.421006"><ele>4540.810</ele><time>2023-02-15T04:53:40Z</time></trkpt><trkpt lat="28.079363" lon="85.421043"><ele>4540.409</ele><time>2023-02-15T04:53:46Z</time></trkpt><trkpt lat="28.079323" lon="85.421071"><ele>4539.485</ele><time>2023-02-15T04:53:54Z</time></trkpt><trkpt lat="28.079278" lon="85.421071"><ele>4539.516</ele><time>2023-02-15T04:53:59Z</time></trkpt><trkpt lat="28.079228" lon="85.421076"><ele>4540.960</ele><time>2023-02-15T04:54:04Z</time></trkpt><trkpt lat="28.079180" lon="85.421086"><ele>4542.844</ele><time>2023-02-15T04:54:10Z</time></trkpt><trkpt lat="28.079133" lon="85.421111"><ele>4544.184</ele><time>2023-02-15T04:54:18Z</time></trkpt><trkpt lat="28.079083" lon="85.421118"><ele>4545.268</ele><time>2023-02-15T04:54:24Z</time></trkpt><trkpt lat="28.079038" lon="85.421140"><ele>4545.326</ele><time>2023-02-15T04:54:32Z</time></trkpt><trkpt lat="28.078998" lon="85.421165"><ele>4542.698</ele><time>2023-02-15T04:55:00Z</time></trkpt><trkpt lat="28.078958" lon="85.421192"><ele>4543.495</ele><time>2023-02-15T04:55:08Z</time></trkpt><trkpt lat="28.078911" lon="85.421180"><ele>4544.219</ele><time>2023-02-15T04:55:13Z</time></trkpt><trkpt lat="28.078894" lon="85.421230"><ele>4545.409</ele><time>2023-02-15T04:55:26Z</time></trkpt><trkpt lat="28.078861" lon="85.421277"><ele>4543.819</ele><time>2023-02-15T04:55:33Z</time></trkpt><trkpt lat="28.078814" lon="85.421290"><ele>4542.509</ele><time>2023-02-15T04:55:41Z</time></trkpt><trkpt lat="28.078766" lon="85.421283"><ele>4545.812</ele><time>2023-02-15T04:56:26Z</time></trkpt><trkpt lat="28.078719" lon="85.421303"><ele>4546.093</ele><time>2023-02-15T04:56:31Z</time></trkpt><trkpt lat="28.078674" lon="85.421285"><ele>4546.247</ele><time>2023-02-15T04:56:36Z</time></trkpt><trkpt lat="28.078639" lon="85.421250"><ele>4547.341</ele><time>2023-02-15T04:56:45Z</time></trkpt><trkpt lat="28.078621" lon="85.421202"><ele>4548.921</ele><time>2023-02-15T04:57:20Z</time></trkpt><trkpt lat="28.078571" lon="85.421189"><ele>4549.135</ele><time>2023-02-15T04:57:36Z</time></trkpt><trkpt lat="28.078538" lon="85.421149"><ele>4552.523</ele><time>2023-02-15T04:57:42Z</time></trkpt><trkpt lat="28.078490" lon="85.421154"><ele>4554.085</ele><time>2023-02-15T04:57:48Z</time></trkpt><trkpt lat="28.078447" lon="85.421137"><ele>4553.532</ele><time>2023-02-15T04:57:53Z</time></trkpt><trkpt lat="28.078399" lon="85.421162"><ele>4553.041</ele><time>2023-02-15T04:57:59Z</time></trkpt><trkpt lat="28.078354" lon="85.421154"><ele>4554.381</ele><time>2023-02-15T04:58:04Z</time></trkpt><trkpt lat="28.078302" lon="85.421159"><ele>4552.409</ele><time>2023-02-15T04:58:08Z</time></trkpt><trkpt lat="28.078257" lon="85.421162"><ele>4549.809</ele><time>2023-02-15T04:58:13Z</time></trkpt><trkpt lat="28.078210" lon="85.421177"><ele>4548.945</ele><time>2023-02-15T04:58:18Z</time></trkpt><trkpt lat="28.078160" lon="85.421180"><ele>4548.086</ele><time>2023-02-15T04:58:23Z</time></trkpt><trkpt lat="28.078115" lon="85.421167"><ele>4548.460</ele><time>2023-02-15T04:58:28Z</time></trkpt><trkpt lat="28.078070" lon="85.421182"><ele>4549.114</ele><time>2023-02-15T04:58:32Z</time></trkpt><trkpt lat="28.078032" lon="85.421215"><ele>4553.844</ele><time>2023-02-15T04:58:42Z</time></trkpt><trkpt lat="28.077987" lon="85.421213"><ele>4556.168</ele><time>2023-02-15T04:58:59Z</time></trkpt><trkpt lat="28.077942" lon="85.421210"><ele>4556.646</ele><time>2023-02-15T04:59:03Z</time></trkpt><trkpt lat="28.077899" lon="85.421187"><ele>4558.948</ele><time>2023-02-15T04:59:09Z</time></trkpt><trkpt lat="28.077854" lon="85.421185"><ele>4558.775</ele><time>2023-02-15T04:59:13Z</time></trkpt><trkpt lat="28.077829" lon="85.421228"><ele>4554.962</ele><time>2023-02-15T04:59:45Z</time></trkpt><trkpt lat="28.077789" lon="85.421265"><ele>4554.583</ele><time>2023-02-15T05:00:02Z</time></trkpt><trkpt lat="28.077756" lon="85.421300"><ele>4554.711</ele><time>2023-02-15T05:00:13Z</time></trkpt><trkpt lat="28.077708" lon="85.421323"><ele>4555.309</ele><time>2023-02-15T05:00:18Z</time></trkpt><trkpt lat="28.077646" lon="85.421351"><ele>4555.357</ele><time>2023-02-15T05:01:33Z</time></trkpt><trkpt lat="28.077608" lon="85.421388"><ele>4552.028</ele><time>2023-02-15T05:01:38Z</time></trkpt><trkpt lat="28.077565" lon="85.421413"><ele>4550.592</ele><time>2023-02-15T05:01:42Z</time></trkpt><trkpt lat="28.077528" lon="85.421443"><ele>4550.086</ele><time>2023-02-15T05:01:48Z</time></trkpt><trkpt lat="28.077498" lon="85.421483"><ele>4549.436</ele><time>2023-02-15T05:01:53Z</time></trkpt><trkpt lat="28.077458" lon="85.421521"><ele>4548.030</ele><time>2023-02-15T05:02:01Z</time></trkpt><trkpt lat="28.077430" lon="85.421566"><ele>4545.418</ele><time>2023-02-15T05:02:07Z</time></trkpt><trkpt lat="28.077392" lon="85.421598"><ele>4545.370</ele><time>2023-02-15T05:02:12Z</time></trkpt><trkpt lat="28.077360" lon="85.421643"><ele>4544.837</ele><time>2023-02-15T05:02:15Z</time></trkpt><trkpt lat="28.077318" lon="85.421671"><ele>4547.441</ele><time>2023-02-15T05:02:22Z</time></trkpt><trkpt lat="28.077280" lon="85.421699"><ele>4545.081</ele><time>2023-02-15T05:02:32Z</time></trkpt><trkpt lat="28.077255" lon="85.421752"><ele>4542.709</ele><time>2023-02-15T05:02:38Z</time></trkpt><trkpt lat="28.077235" lon="85.421804"><ele>4543.009</ele><time>2023-02-15T05:02:43Z</time></trkpt><trkpt lat="28.077198" lon="85.421846"><ele>4545.015</ele><time>2023-02-15T05:02:48Z</time></trkpt><trkpt lat="28.077161" lon="85.421881"><ele>4546.486</ele><time>2023-02-15T05:02:53Z</time></trkpt><trkpt lat="28.077119" lon="85.421921"><ele>4547.650</ele><time>2023-02-15T05:02:59Z</time></trkpt><trkpt lat="28.077094" lon="85.421966"><ele>4547.564</ele><time>2023-02-15T05:03:03Z</time></trkpt><trkpt lat="28.077064" lon="85.422013"><ele>4545.544</ele><time>2023-02-15T05:03:10Z</time></trkpt><trkpt lat="28.077046" lon="85.422063"><ele>4545.548</ele><time>2023-02-15T05:03:15Z</time></trkpt><trkpt lat="28.077026" lon="85.422118"><ele>4544.716</ele><time>2023-02-15T05:03:20Z</time></trkpt><trkpt lat="28.077006" lon="85.422166"><ele>4543.768</ele><time>2023-02-15T05:03:24Z</time></trkpt><trkpt lat="28.076974" lon="85.422209"><ele>4542.985</ele><time>2023-02-15T05:03:29Z</time></trkpt><trkpt lat="28.076944" lon="85.422256"><ele>4542.826</ele><time>2023-02-15T05:03:34Z</time></trkpt><trkpt lat="28.076944" lon="85.422313"><ele>4543.247</ele><time>2023-02-15T05:03:38Z</time></trkpt><trkpt lat="28.076946" lon="85.422371"><ele>4543.611</ele><time>2023-02-15T05:03:42Z</time></trkpt><trkpt lat="28.076934" lon="85.422439"><ele>4545.209</ele><time>2023-02-15T05:03:46Z</time></trkpt><trkpt lat="28.076914" lon="85.422496"><ele>4545.953</ele><time>2023-02-15T05:03:50Z</time></trkpt><trkpt lat="28.076869" lon="85.422528"><ele>4546.134</ele><time>2023-02-15T05:03:57Z</time></trkpt><trkpt lat="28.076829" lon="85.422553"><ele>4545.228</ele><time>2023-02-15T05:04:04Z</time></trkpt><trkpt lat="28.076794" lon="85.422590"><ele>4543.632</ele><time>2023-02-15T05:04:09Z</time></trkpt><trkpt lat="28.076771" lon="85.422635"><ele>4544.432</ele><time>2023-02-15T05:04:13Z</time></trkpt><trkpt lat="28.076739" lon="85.422685"><ele>4544.676</ele><time>2023-02-15T05:04:19Z</time></trkpt><trkpt lat="28.076701" lon="85.422718"><ele>4545.164</ele><time>2023-02-15T05:04:23Z</time></trkpt><trkpt lat="28.076676" lon="85.422761"><ele>4546.186</ele><time>2023-02-15T05:04:27Z</time></trkpt><trkpt lat="28.076666" lon="85.422814"><ele>4550.063</ele><time>2023-02-15T05:04:31Z</time></trkpt><trkpt lat="28.076638" lon="85.422857"><ele>4553.795</ele><time>2023-02-15T05:04:35Z</time></trkpt><trkpt lat="28.076611" lon="85.422902"><ele>4555.149</ele><time>2023-02-15T05:04:41Z</time></trkpt><trkpt lat="28.076584" lon="85.422950"><ele>4553.623</ele><time>2023-02-15T05:04:54Z</time></trkpt><trkpt lat="28.076549" lon="85.422990"><ele>4553.309</ele><time>2023-02-15T05:05:01Z</time></trkpt><trkpt lat="28.076512" lon="85.423027"><ele>4553.720</ele><time>2023-02-15T05:05:08Z</time></trkpt><trkpt lat="28.076490" lon="85.423077"><ele>4552.621</ele><time>2023-02-15T05:05:14Z</time></trkpt><trkpt lat="28.076455" lon="85.423110"><ele>4553.175</ele><time>2023-02-15T05:05:19Z</time></trkpt><trkpt lat="28.076417" lon="85.423138"><ele>4554.019</ele><time>2023-02-15T05:05:24Z</time></trkpt><trkpt lat="28.076382" lon="85.423188"><ele>4555.959</ele><time>2023-02-15T05:05:30Z</time></trkpt><trkpt lat="28.076340" lon="85.423225"><ele>4556.063</ele><time>2023-02-15T05:05:36Z</time></trkpt><trkpt lat="28.076312" lon="85.423267"><ele>4555.121</ele><time>2023-02-15T05:05:41Z</time></trkpt><trkpt lat="28.076300" lon="85.423319"><ele>4555.833</ele><time>2023-02-15T05:05:48Z</time></trkpt><trkpt lat="28.076288" lon="85.423369"><ele>4559.090</ele><time>2023-02-15T05:06:16Z</time></trkpt><trkpt lat="28.076273" lon="85.423421"><ele>4559.484</ele><time>2023-02-15T05:06:22Z</time></trkpt><trkpt lat="28.076280" lon="85.423478"><ele>4559.007</ele><time>2023-02-15T05:06:27Z</time></trkpt><trkpt lat="28.076303" lon="85.423535"><ele>4563.717</ele><time>2023-02-15T05:06:56Z</time></trkpt><trkpt lat="28.076330" lon="85.423585"><ele>4562.709</ele><time>2023-02-15T05:07:06Z</time></trkpt><trkpt lat="28.076277" lon="85.423600"><ele>4560.779</ele><time>2023-02-15T05:07:13Z</time></trkpt><trkpt lat="28.076274" lon="85.423655"><ele>4558.430</ele><time>2023-02-15T05:07:21Z</time></trkpt><trkpt lat="28.076236" lon="85.423682"><ele>4561.834</ele><time>2023-02-15T05:07:31Z</time></trkpt><trkpt lat="28.076204" lon="85.423720"><ele>4565.458</ele><time>2023-02-15T05:07:46Z</time></trkpt><trkpt lat="28.076191" lon="85.423775"><ele>4565.938</ele><time>2023-02-15T05:08:08Z</time></trkpt><trkpt lat="28.076184" lon="85.423830"><ele>4568.812</ele><time>2023-02-15T05:08:15Z</time></trkpt><trkpt lat="28.076181" lon="85.423892"><ele>4569.590</ele><time>2023-02-15T05:08:24Z</time></trkpt><trkpt lat="28.076189" lon="85.423944"><ele>4570.092</ele><time>2023-02-15T05:08:31Z</time></trkpt><trkpt lat="28.076196" lon="85.423999"><ele>4570.999</ele><time>2023-02-15T05:08:37Z</time></trkpt><trkpt lat="28.076194" lon="85.424051"><ele>4572.364</ele><time>2023-02-15T05:08:44Z</time></trkpt><trkpt lat="28.076162" lon="85.424094"><ele>4573.506</ele><time>2023-02-15T05:08:51Z</time></trkpt><trkpt lat="28.076115" lon="85.424131"><ele>4575.116</ele><time>2023-02-15T05:08:57Z</time></trkpt><trkpt lat="28.076077" lon="85.424164"><ele>4575.809</ele><time>2023-02-15T05:09:01Z</time></trkpt><trkpt lat="28.076039" lon="85.424192"><ele>4577.397</ele><time>2023-02-15T05:09:07Z</time></trkpt><trkpt lat="28.076014" lon="85.424237"><ele>4577.818</ele><time>2023-02-15T05:09:14Z</time></trkpt><trkpt lat="28.076001" lon="85.424290"><ele>4574.942</ele><time>2023-02-15T05:09:20Z</time></trkpt><trkpt lat="28.075984" lon="85.424338"><ele>4574.616</ele><time>2023-02-15T05:09:25Z</time></trkpt><trkpt lat="28.075956" lon="85.424385"><ele>4573.836</ele><time>2023-02-15T05:09:30Z</time></trkpt><trkpt lat="28.075929" lon="85.424438"><ele>4575.480</ele><time>2023-02-15T05:09:37Z</time></trkpt><trkpt lat="28.075924" lon="85.424491"><ele>4574.648</ele><time>2023-02-15T05:10:15Z</time></trkpt><trkpt lat="28.075959" lon="85.424453"><ele>4577.040</ele><time>2023-02-15T05:12:53Z</time></trkpt><trkpt lat="28.076007" lon="85.424463"><ele>4572.657</ele><time>2023-02-15T05:12:59Z</time></trkpt><trkpt lat="28.076037" lon="85.424505"><ele>4569.814</ele><time>2023-02-15T05:13:04Z</time></trkpt><trkpt lat="28.076039" lon="85.424562"><ele>4568.354</ele><time>2023-02-15T05:13:14Z</time></trkpt><trkpt lat="28.076027" lon="85.424617"><ele>4569.409</ele><time>2023-02-15T05:13:20Z</time></trkpt><trkpt lat="28.075989" lon="85.424647"><ele>4568.809</ele><time>2023-02-15T05:13:58Z</time></trkpt><trkpt lat="28.075931" lon="85.424655"><ele>4568.222</ele><time>2023-02-15T05:14:03Z</time></trkpt><trkpt lat="28.075876" lon="85.424643"><ele>4569.013</ele><time>2023-02-15T05:14:08Z</time></trkpt><trkpt lat="28.075829" lon="85.424660"><ele>4569.457</ele><time>2023-02-15T05:14:14Z</time></trkpt><trkpt lat="28.075796" lon="85.424703"><ele>4569.061</ele><time>2023-02-15T05:14:20Z</time></trkpt><trkpt lat="28.075779" lon="85.424753"><ele>4568.941</ele><time>2023-02-15T05:14:28Z</time></trkpt><trkpt lat="28.075749" lon="85.424795"><ele>4568.425</ele><time>2023-02-15T05:15:26Z</time></trkpt><trkpt lat="28.075697" lon="85.424805"><ele>4570.973</ele><time>2023-02-15T05:16:01Z</time></trkpt><trkpt lat="28.075665" lon="85.424842"><ele>4570.385</ele><time>2023-02-15T05:16:09Z</time></trkpt><trkpt lat="28.075637" lon="85.424894"><ele>4570.732</ele><time>2023-02-15T05:16:31Z</time></trkpt><trkpt lat="28.075570" lon="85.424939"><ele>4572.168</ele><time>2023-02-15T05:17:41Z</time></trkpt><trkpt lat="28.075523" lon="85.424901"><ele>4570.042</ele><time>2023-02-15T05:19:53Z</time></trkpt><trkpt lat="28.075505" lon="85.424951"><ele>4568.726</ele><time>2023-02-15T05:20:03Z</time></trkpt><trkpt lat="28.075478" lon="85.425004"><ele>4574.009</ele><time>2023-02-15T05:22:43Z</time></trkpt><trkpt lat="28.075435" lon="85.425037"><ele>4573.227</ele><time>2023-02-15T05:22:48Z</time></trkpt><trkpt lat="28.075402" lon="85.425077"><ele>4570.298</ele><time>2023-02-15T05:22:55Z</time></trkpt><trkpt lat="28.075360" lon="85.425115"><ele>4572.142</ele><time>2023-02-15T05:23:05Z</time></trkpt><trkpt lat="28.075343" lon="85.425170"><ele>4572.296</ele><time>2023-02-15T05:23:10Z</time></trkpt><trkpt lat="28.075330" lon="85.425220"><ele>4569.316</ele><time>2023-02-15T05:23:22Z</time></trkpt><trkpt lat="28.075308" lon="85.425270"><ele>4569.870</ele><time>2023-02-15T05:26:45Z</time></trkpt><trkpt lat="28.075268" lon="85.425295"><ele>4569.548</ele><time>2023-02-15T05:26:50Z</time></trkpt><trkpt lat="28.075223" lon="85.425300"><ele>4570.030</ele><time>2023-02-15T05:27:00Z</time></trkpt><trkpt lat="28.075216" lon="85.425357"><ele>4569.847</ele><time>2023-02-15T05:27:07Z</time></trkpt><trkpt lat="28.075184" lon="85.425400"><ele>4567.751</ele><time>2023-02-15T05:27:14Z</time></trkpt><trkpt lat="28.075157" lon="85.425450"><ele>4566.301</ele><time>2023-02-15T05:27:20Z</time></trkpt><trkpt lat="28.075149" lon="85.425503"><ele>4566.211</ele><time>2023-02-15T05:27:25Z</time></trkpt><trkpt lat="28.075132" lon="85.425551"><ele>4567.109</ele><time>2023-02-15T05:27:31Z</time></trkpt><trkpt lat="28.075135" lon="85.425603"><ele>4567.876</ele><time>2023-02-15T05:27:35Z</time></trkpt><trkpt lat="28.075130" lon="85.425661"><ele>4567.047</ele><time>2023-02-15T05:27:41Z</time></trkpt><trkpt lat="28.075137" lon="85.425724"><ele>4566.881</ele><time>2023-02-15T05:27:46Z</time></trkpt><trkpt lat="28.075125" lon="85.425777"><ele>4568.815</ele><time>2023-02-15T05:28:11Z</time></trkpt><trkpt lat="28.075157" lon="85.425814"><ele>4578.375</ele><time>2023-02-15T05:28:36Z</time></trkpt><trkpt lat="28.075124" lon="85.425776"><ele>4575.439</ele><time>2023-02-15T05:29:09Z</time></trkpt><trkpt lat="28.075067" lon="85.425799"><ele>4576.887</ele><time>2023-02-15T05:29:18Z</time></trkpt><trkpt lat="28.075022" lon="85.425779"><ele>4574.219</ele><time>2023-02-15T05:29:23Z</time></trkpt><trkpt lat="28.074977" lon="85.425777"><ele>4572.526</ele><time>2023-02-15T05:29:29Z</time></trkpt><trkpt lat="28.074925" lon="85.425770"><ele>4572.348</ele><time>2023-02-15T05:29:37Z</time></trkpt><trkpt lat="28.074873" lon="85.425773"><ele>4570.761</ele><time>2023-02-15T05:29:43Z</time></trkpt><trkpt lat="28.074828" lon="85.425758"><ele>4570.617</ele><time>2023-02-15T05:29:48Z</time></trkpt><trkpt lat="28.074781" lon="85.425746"><ele>4569.009</ele><time>2023-02-15T05:29:57Z</time></trkpt><trkpt lat="28.074736" lon="85.425753"><ele>4569.875</ele><time>2023-02-15T05:30:02Z</time></trkpt><trkpt lat="28.074688" lon="85.425750"><ele>4570.236</ele><time>2023-02-15T05:30:07Z</time></trkpt><trkpt lat="28.074643" lon="85.425762"><ele>4570.650</ele><time>2023-02-15T05:30:13Z</time></trkpt><trkpt lat="28.074593" lon="85.425757"><ele>4571.464</ele><time>2023-02-15T05:30:17Z</time></trkpt><trkpt lat="28.074546" lon="85.425755"><ele>4572.854</ele><time>2023-02-15T05:30:25Z</time></trkpt><trkpt lat="28.074501" lon="85.425770"><ele>4575.758</ele><time>2023-02-15T05:30:34Z</time></trkpt><trkpt lat="28.074459" lon="85.425793"><ele>4578.116</ele><time>2023-02-15T05:30:44Z</time></trkpt><trkpt lat="28.074412" lon="85.425800"><ele>4580.048</ele><time>2023-02-15T05:30:52Z</time></trkpt><trkpt lat="28.074390" lon="85.425850"><ele>4581.865</ele><time>2023-02-15T05:31:05Z</time></trkpt><trkpt lat="28.074375" lon="85.425898"><ele>4583.054</ele><time>2023-02-15T05:31:16Z</time></trkpt><trkpt lat="28.074327" lon="85.425893"><ele>4585.256</ele><time>2023-02-15T05:31:40Z</time></trkpt><trkpt lat="28.074277" lon="85.425900"><ele>4587.511</ele><time>2023-02-15T05:31:51Z</time></trkpt><trkpt lat="28.074232" lon="85.425933"><ele>4594.609</ele><time>2023-02-15T05:32:50Z</time></trkpt><trkpt lat="28.074184" lon="85.425951"><ele>4597.986</ele><time>2023-02-15T05:32:56Z</time></trkpt><trkpt lat="28.074136" lon="85.425968"><ele>4597.617</ele><time>2023-02-15T05:33:02Z</time></trkpt><trkpt lat="28.074093" lon="85.425998"><ele>4597.251</ele><time>2023-02-15T05:33:10Z</time></trkpt><trkpt lat="28.074063" lon="85.426038"><ele>4598.575</ele><time>2023-02-15T05:33:14Z</time></trkpt><trkpt lat="28.074016" lon="85.426058"><ele>4598.135</ele><time>2023-02-15T05:33:21Z</time></trkpt><trkpt lat="28.073969" lon="85.426071"><ele>4596.489</ele><time>2023-02-15T05:33:29Z</time></trkpt><trkpt lat="28.073927" lon="85.426093"><ele>4596.357</ele><time>2023-02-15T05:33:35Z</time></trkpt><trkpt lat="28.073880" lon="85.426115"><ele>4596.659</ele><time>2023-02-15T05:33:40Z</time></trkpt><trkpt lat="28.073837" lon="85.426100"><ele>4597.356</ele><time>2023-02-15T05:33:46Z</time></trkpt><trkpt lat="28.073797" lon="85.426132"><ele>4598.642</ele><time>2023-02-15T05:33:52Z</time></trkpt><trkpt lat="28.073757" lon="85.426172"><ele>4599.122</ele><time>2023-02-15T05:33:59Z</time></trkpt><trkpt lat="28.073717" lon="85.426197"><ele>4600.114</ele><time>2023-02-15T05:34:05Z</time></trkpt><trkpt lat="28.073677" lon="85.426225"><ele>4601.109</ele><time>2023-02-15T05:34:11Z</time></trkpt><trkpt lat="28.073629" lon="85.426248"><ele>4602.085</ele><time>2023-02-15T05:34:19Z</time></trkpt><trkpt lat="28.073579" lon="85.426271"><ele>4603.236</ele><time>2023-02-15T05:34:24Z</time></trkpt><trkpt lat="28.073539" lon="85.426296"><ele>4600.250</ele><time>2023-02-15T05:34:31Z</time></trkpt><trkpt lat="28.073521" lon="85.426349"><ele>4600.074</ele><time>2023-02-15T05:34:42Z</time></trkpt><trkpt lat="28.073476" lon="85.426372"><ele>4598.984</ele><time>2023-02-15T05:35:07Z</time></trkpt><trkpt lat="28.073441" lon="85.426409"><ele>4598.248</ele><time>2023-02-15T05:35:12Z</time></trkpt><trkpt lat="28.073423" lon="85.426459"><ele>4596.286</ele><time>2023-02-15T05:35:18Z</time></trkpt><trkpt lat="28.073403" lon="85.426509"><ele>4594.438</ele><time>2023-02-15T05:35:24Z</time></trkpt><trkpt lat="28.073386" lon="85.426561"><ele>4593.765</ele><time>2023-02-15T05:35:30Z</time></trkpt><trkpt lat="28.073373" lon="85.426611"><ele>4594.423</ele><time>2023-02-15T05:35:36Z</time></trkpt><trkpt lat="28.073376" lon="85.426664"><ele>4594.883</ele><time>2023-02-15T05:35:42Z</time></trkpt><trkpt lat="28.073378" lon="85.426716"><ele>4595.611</ele><time>2023-02-15T05:35:47Z</time></trkpt><trkpt lat="28.073390" lon="85.426769"><ele>4597.409</ele><time>2023-02-15T05:35:54Z</time></trkpt><trkpt lat="28.073385" lon="85.426822"><ele>4597.713</ele><time>2023-02-15T05:36:00Z</time></trkpt><trkpt lat="28.073380" lon="85.426875"><ele>4596.494</ele><time>2023-02-15T05:37:13Z</time></trkpt><trkpt lat="28.073352" lon="85.426917"><ele>4595.738</ele><time>2023-02-15T05:37:18Z</time></trkpt><trkpt lat="28.073329" lon="85.426965"><ele>4594.972</ele><time>2023-02-15T05:37:25Z</time></trkpt><trkpt lat="28.073287" lon="85.426985"><ele>4595.972</ele><time>2023-02-15T05:37:32Z</time></trkpt><trkpt lat="28.073295" lon="85.427038"><ele>4596.036</ele><time>2023-02-15T05:37:37Z</time></trkpt><trkpt lat="28.073253" lon="85.427063"><ele>4593.064</ele><time>2023-02-15T05:37:56Z</time></trkpt><trkpt lat="28.073221" lon="85.427103"><ele>4590.146</ele><time>2023-02-15T05:38:03Z</time></trkpt><trkpt lat="28.073186" lon="85.427146"><ele>4590.193</ele><time>2023-02-15T05:38:07Z</time></trkpt><trkpt lat="28.073168" lon="85.427201"><ele>4589.246</ele><time>2023-02-15T05:38:13Z</time></trkpt><trkpt lat="28.073161" lon="85.427256"><ele>4588.388</ele><time>2023-02-15T05:38:17Z</time></trkpt><trkpt lat="28.073159" lon="85.427308"><ele>4586.016</ele><time>2023-02-15T05:38:21Z</time></trkpt><trkpt lat="28.073151" lon="85.427366"><ele>4585.209</ele><time>2023-02-15T05:38:25Z</time></trkpt><trkpt lat="28.073131" lon="85.427426"><ele>4585.075</ele><time>2023-02-15T05:38:29Z</time></trkpt><trkpt lat="28.073114" lon="85.427483"><ele>4583.546</ele><time>2023-02-15T05:38:34Z</time></trkpt><trkpt lat="28.073117" lon="85.427538"><ele>4582.330</ele><time>2023-02-15T05:38:39Z</time></trkpt><trkpt lat="28.073100" lon="85.427586"><ele>4581.664</ele><time>2023-02-15T05:38:43Z</time></trkpt><trkpt lat="28.073068" lon="85.427629"><ele>4581.154</ele><time>2023-02-15T05:38:55Z</time></trkpt><trkpt lat="28.073083" lon="85.427677"><ele>4586.168</ele><time>2023-02-15T05:39:13Z</time></trkpt><trkpt lat="28.073060" lon="85.427627"><ele>4589.466</ele><time>2023-02-15T05:40:08Z</time></trkpt><trkpt lat="28.073027" lon="85.427587"><ele>4591.398</ele><time>2023-02-15T05:42:19Z</time></trkpt><trkpt lat="28.072980" lon="85.427584"><ele>4589.535</ele><time>2023-02-15T05:43:03Z</time></trkpt><trkpt lat="28.072935" lon="85.427576"><ele>4588.561</ele><time>2023-02-15T05:43:10Z</time></trkpt><trkpt lat="28.072887" lon="85.427566"><ele>4586.421</ele><time>2023-02-15T05:43:25Z</time></trkpt><trkpt lat="28.072842" lon="85.427551"><ele>4584.213</ele><time>2023-02-15T05:43:48Z</time></trkpt><trkpt lat="28.072889" lon="85.427546"><ele>4586.309</ele><time>2023-02-15T05:45:14Z</time></trkpt><trkpt lat="28.072931" lon="85.427579"><ele>4584.947</ele><time>2023-02-15T05:45:41Z</time></trkpt><trkpt lat="28.072893" lon="85.427547"><ele>4593.928</ele><time>2023-02-15T05:47:02Z</time></trkpt><trkpt lat="28.072928" lon="85.427580"><ele>4589.292</ele><time>2023-02-15T05:49:34Z</time></trkpt><trkpt lat="28.072976" lon="85.427572"><ele>4587.626</ele><time>2023-02-15T05:49:53Z</time></trkpt><trkpt lat="28.073004" lon="85.427617"><ele>4596.266</ele><time>2023-02-15T05:50:27Z</time></trkpt><trkpt lat="28.073051" lon="85.427645"><ele>4592.250</ele><time>2023-02-15T05:50:41Z</time></trkpt><trkpt lat="28.073073" lon="85.427690"><ele>4585.718</ele><time>2023-02-15T05:50:53Z</time></trkpt><trkpt lat="28.073125" lon="85.427727"><ele>4585.580</ele><time>2023-02-15T05:51:05Z</time></trkpt><trkpt lat="28.073152" lon="85.427769"><ele>4586.647</ele><time>2023-02-15T05:51:10Z</time></trkpt><trkpt lat="28.073147" lon="85.427824"><ele>4587.493</ele><time>2023-02-15T05:51:15Z</time></trkpt><trkpt lat="28.073160" lon="85.427886"><ele>4588.265</ele><time>2023-02-15T05:51:30Z</time></trkpt><trkpt lat="28.073183" lon="85.427938"><ele>4586.221</ele><time>2023-02-15T05:51:35Z</time></trkpt><trkpt lat="28.073193" lon="85.427990"><ele>4587.409</ele><time>2023-02-15T05:51:40Z</time></trkpt><trkpt lat="28.073181" lon="85.428043"><ele>4589.280</ele><time>2023-02-15T05:51:45Z</time></trkpt><trkpt lat="28.073144" lon="85.428076"><ele>4588.941</ele><time>2023-02-15T05:51:54Z</time></trkpt><trkpt lat="28.073112" lon="85.428038"><ele>4592.195</ele><time>2023-02-15T05:52:24Z</time></trkpt><trkpt lat="28.073127" lon="85.428093"><ele>4592.859</ele><time>2023-02-15T05:52:42Z</time></trkpt><trkpt lat="28.073150" lon="85.428160"><ele>4592.169</ele><time>2023-02-15T05:52:46Z</time></trkpt><trkpt lat="28.073122" lon="85.428207"><ele>4588.923</ele><time>2023-02-15T05:52:50Z</time></trkpt><trkpt lat="28.073100" lon="85.428255"><ele>4588.271</ele><time>2023-02-15T05:52:56Z</time></trkpt><trkpt lat="28.073088" lon="85.428305"><ele>4588.793</ele><time>2023-02-15T05:53:01Z</time></trkpt><trkpt lat="28.073051" lon="85.428335"><ele>4589.010</ele><time>2023-02-15T05:53:14Z</time></trkpt><trkpt lat="28.073009" lon="85.428373"><ele>4586.869</ele><time>2023-02-15T05:53:20Z</time></trkpt><trkpt lat="28.072967" lon="85.428403"><ele>4586.504</ele><time>2023-02-15T05:53:25Z</time></trkpt><trkpt lat="28.072945" lon="85.428453"><ele>4586.124</ele><time>2023-02-15T05:53:33Z</time></trkpt><trkpt lat="28.072898" lon="85.428468"><ele>4584.109</ele><time>2023-02-15T05:53:37Z</time></trkpt><trkpt lat="28.072845" lon="85.428490"><ele>4584.137</ele><time>2023-02-15T05:53:43Z</time></trkpt><trkpt lat="28.072805" lon="85.428520"><ele>4584.788</ele><time>2023-02-15T05:53:50Z</time></trkpt><trkpt lat="28.072763" lon="85.428500"><ele>4585.142</ele><time>2023-02-15T05:54:24Z</time></trkpt><trkpt lat="28.072731" lon="85.428540"><ele>4584.976</ele><time>2023-02-15T05:54:39Z</time></trkpt><trkpt lat="28.072701" lon="85.428578"><ele>4584.526</ele><time>2023-02-15T05:54:44Z</time></trkpt><trkpt lat="28.072658" lon="85.428563"><ele>4584.440</ele><time>2023-02-15T05:54:50Z</time></trkpt><trkpt lat="28.072625" lon="85.428528"><ele>4584.728</ele><time>2023-02-15T05:54:56Z</time></trkpt><trkpt lat="28.072582" lon="85.428546"><ele>4589.350</ele><time>2023-02-15T05:55:44Z</time></trkpt><trkpt lat="28.072540" lon="85.428583"><ele>4586.747</ele><time>2023-02-15T05:56:09Z</time></trkpt><trkpt lat="28.072492" lon="85.428596"><ele>4585.782</ele><time>2023-02-15T05:56:13Z</time></trkpt><trkpt lat="28.072549" lon="85.428589"><ele>4604.743</ele><time>2023-02-15T06:04:34Z</time></trkpt><trkpt lat="28.072596" lon="85.428627"><ele>4623.917</ele><time>2023-02-15T06:04:38Z</time></trkpt><trkpt lat="28.072571" lon="85.428580"><ele>4625.109</ele><time>2023-02-15T06:04:42Z</time></trkpt><trkpt lat="28.072524" lon="85.428565"><ele>4608.929</ele><time>2023-02-15T06:04:50Z</time></trkpt><trkpt lat="28.072532" lon="85.428617"><ele>4598.280</ele><time>2023-02-15T06:12:24Z</time></trkpt><trkpt lat="28.072574" lon="85.428575"><ele>4600.084</ele><time>2023-02-15T06:12:46Z</time></trkpt><trkpt lat="28.072614" lon="85.428528"><ele>4595.248</ele><time>2023-02-15T06:13:24Z</time></trkpt><trkpt lat="28.072659" lon="85.428513"><ele>4592.138</ele><time>2023-02-15T06:14:04Z</time></trkpt><trkpt lat="28.072706" lon="85.428515"><ele>4591.712</ele><time>2023-02-15T06:14:10Z</time></trkpt><trkpt lat="28.072773" lon="85.428503"><ele>4592.520</ele><time>2023-02-15T06:14:38Z</time></trkpt><trkpt lat="28.072820" lon="85.428500"><ele>4586.222</ele><time>2023-02-15T06:15:12Z</time></trkpt><trkpt lat="28.072865" lon="85.428492"><ele>4585.329</ele><time>2023-02-15T06:15:18Z</time></trkpt><trkpt lat="28.072917" lon="85.428482"><ele>4585.093</ele><time>2023-02-15T06:15:25Z</time></trkpt><trkpt lat="28.072957" lon="85.428445"><ele>4584.565</ele><time>2023-02-15T06:15:30Z</time></trkpt><trkpt lat="28.072990" lon="85.428398"><ele>4584.221</ele><time>2023-02-15T06:15:35Z</time></trkpt><trkpt lat="28.073025" lon="85.428356"><ele>4584.809</ele><time>2023-02-15T06:15:41Z</time></trkpt><trkpt lat="28.073062" lon="85.428318"><ele>4584.510</ele><time>2023-02-15T06:15:47Z</time></trkpt><trkpt lat="28.073107" lon="85.428295"><ele>4585.251</ele><time>2023-02-15T06:15:52Z</time></trkpt><trkpt lat="28.073125" lon="85.428247"><ele>4585.365</ele><time>2023-02-15T06:15:57Z</time></trkpt><trkpt lat="28.073140" lon="85.428192"><ele>4587.269</ele><time>2023-02-15T06:16:03Z</time></trkpt><trkpt lat="28.073163" lon="85.428145"><ele>4588.899</ele><time>2023-02-15T06:16:12Z</time></trkpt><trkpt lat="28.073171" lon="85.428092"><ele>4587.573</ele><time>2023-02-15T06:16:18Z</time></trkpt><trkpt lat="28.073188" lon="85.428039"><ele>4587.271</ele><time>2023-02-15T06:16:24Z</time></trkpt><trkpt lat="28.073205" lon="85.427991"><ele>4587.493</ele><time>2023-02-15T06:16:30Z</time></trkpt><trkpt lat="28.073220" lon="85.427941"><ele>4587.590</ele><time>2023-02-15T06:16:39Z</time></trkpt><trkpt lat="28.073247" lon="85.427894"><ele>4586.491</ele><time>2023-02-15T06:16:45Z</time></trkpt><trkpt lat="28.073255" lon="85.427842"><ele>4586.981</ele><time>2023-02-15T06:16:51Z</time></trkpt><trkpt lat="28.073248" lon="85.427790"><ele>4587.119</ele><time>2023-02-15T06:16:58Z</time></trkpt><trkpt lat="28.073241" lon="85.427738"><ele>4585.709</ele><time>2023-02-15T06:17:19Z</time></trkpt><trkpt lat="28.073258" lon="85.427690"><ele>4585.370</ele><time>2023-02-15T06:17:24Z</time></trkpt><trkpt lat="28.073250" lon="85.427632"><ele>4586.181</ele><time>2023-02-15T06:17:31Z</time></trkpt><trkpt lat="28.073248" lon="85.427579"><ele>4585.975</ele><time>2023-02-15T06:17:36Z</time></trkpt><trkpt lat="28.073251" lon="85.427526"><ele>4585.849</ele><time>2023-02-15T06:17:41Z</time></trkpt><trkpt lat="28.073253" lon="85.427474"><ele>4585.739</ele><time>2023-02-15T06:17:46Z</time></trkpt><trkpt lat="28.073253" lon="85.427412"><ele>4586.773</ele><time>2023-02-15T06:18:04Z</time></trkpt><trkpt lat="28.073245" lon="85.427357"><ele>4586.671</ele><time>2023-02-15T06:18:09Z</time></trkpt><trkpt lat="28.073237" lon="85.427299"><ele>4587.093</ele><time>2023-02-15T06:18:15Z</time></trkpt><trkpt lat="28.073229" lon="85.427246"><ele>4587.620</ele><time>2023-02-15T06:18:20Z</time></trkpt><trkpt lat="28.073209" lon="85.427191"><ele>4588.227</ele><time>2023-02-15T06:18:27Z</time></trkpt><trkpt lat="28.073199" lon="85.427136"><ele>4588.968</ele><time>2023-02-15T06:18:32Z</time></trkpt><trkpt lat="28.073191" lon="85.427079"><ele>4590.314</ele><time>2023-02-15T06:18:38Z</time></trkpt><trkpt lat="28.073206" lon="85.427026"><ele>4591.209</ele><time>2023-02-15T06:18:44Z</time></trkpt><trkpt lat="28.073234" lon="85.426976"><ele>4591.743</ele><time>2023-02-15T06:18:51Z</time></trkpt><trkpt lat="28.073251" lon="85.426926"><ele>4591.194</ele><time>2023-02-15T06:18:56Z</time></trkpt><trkpt lat="28.073274" lon="85.426876"><ele>4589.538</ele><time>2023-02-15T06:19:01Z</time></trkpt><trkpt lat="28.073279" lon="85.426823"><ele>4591.612</ele><time>2023-02-15T06:19:07Z</time></trkpt><trkpt lat="28.073296" lon="85.426775"><ele>4592.722</ele><time>2023-02-15T06:19:15Z</time></trkpt><trkpt lat="28.073314" lon="85.426720"><ele>4593.936</ele><time>2023-02-15T06:19:21Z</time></trkpt><trkpt lat="28.073329" lon="85.426672"><ele>4595.344</ele><time>2023-02-15T06:19:27Z</time></trkpt><trkpt lat="28.073322" lon="85.426620"><ele>4596.276</ele><time>2023-02-15T06:20:11Z</time></trkpt><trkpt lat="28.073354" lon="85.426577"><ele>4597.833</ele><time>2023-02-15T06:20:18Z</time></trkpt><trkpt lat="28.073387" lon="85.426535"><ele>4597.532</ele><time>2023-02-15T06:20:24Z</time></trkpt><trkpt lat="28.073419" lon="85.426490"><ele>4597.892</ele><time>2023-02-15T06:20:30Z</time></trkpt><trkpt lat="28.073449" lon="85.426447"><ele>4597.511</ele><time>2023-02-15T06:20:37Z</time></trkpt><trkpt lat="28.073491" lon="85.426410"><ele>4598.409</ele><time>2023-02-15T06:20:43Z</time></trkpt><trkpt lat="28.073529" lon="85.426380"><ele>4599.214</ele><time>2023-02-15T06:20:50Z</time></trkpt><trkpt lat="28.073581" lon="85.426350"><ele>4601.035</ele><time>2023-02-15T06:21:11Z</time></trkpt><trkpt lat="28.073638" lon="85.426325"><ele>4598.489</ele><time>2023-02-15T06:21:15Z</time></trkpt><trkpt lat="28.073691" lon="85.426318"><ele>4593.813</ele><time>2023-02-15T06:21:20Z</time></trkpt><trkpt lat="28.073719" lon="85.426273"><ele>4594.763</ele><time>2023-02-15T06:21:52Z</time></trkpt><trkpt lat="28.073751" lon="85.426231"><ele>4596.017</ele><time>2023-02-15T06:21:57Z</time></trkpt><trkpt lat="28.073788" lon="85.426194"><ele>4597.315</ele><time>2023-02-15T06:22:03Z</time></trkpt><trkpt lat="28.073818" lon="85.426144"><ele>4598.887</ele><time>2023-02-15T06:22:08Z</time></trkpt><trkpt lat="28.073843" lon="85.426094"><ele>4599.034</ele><time>2023-02-15T06:22:14Z</time></trkpt><trkpt lat="28.073846" lon="85.426039"><ele>4598.944</ele><time>2023-02-15T06:22:19Z</time></trkpt><trkpt lat="28.073861" lon="85.425987"><ele>4597.205</ele><time>2023-02-15T06:22:24Z</time></trkpt><trkpt lat="28.073893" lon="85.425949"><ele>4597.415</ele><time>2023-02-15T06:22:28Z</time></trkpt><trkpt lat="28.073926" lon="85.425909"><ele>4596.709</ele><time>2023-02-15T06:22:32Z</time></trkpt><trkpt lat="28.073964" lon="85.425869"><ele>4594.735</ele><time>2023-02-15T06:22:37Z</time></trkpt><trkpt lat="28.073996" lon="85.425812"><ele>4597.396</ele><time>2023-02-15T06:22:50Z</time></trkpt><trkpt lat="28.074028" lon="85.425765"><ele>4598.940</ele><time>2023-02-15T06:22:56Z</time></trkpt><trkpt lat="28.074068" lon="85.425722"><ele>4595.844</ele><time>2023-02-15T06:23:13Z</time></trkpt><trkpt lat="28.074098" lon="85.425682"><ele>4594.484</ele><time>2023-02-15T06:23:17Z</time></trkpt><trkpt lat="28.074140" lon="85.425650"><ele>4595.288</ele><time>2023-02-15T06:23:21Z</time></trkpt><trkpt lat="28.074177" lon="85.425613"><ele>4592.446</ele><time>2023-02-15T06:23:26Z</time></trkpt><trkpt lat="28.074214" lon="85.425578"><ele>4590.798</ele><time>2023-02-15T06:23:30Z</time></trkpt><trkpt lat="28.074241" lon="85.425535"><ele>4589.945</ele><time>2023-02-15T06:23:34Z</time></trkpt><trkpt lat="28.074269" lon="85.425483"><ele>4590.163</ele><time>2023-02-15T06:23:40Z</time></trkpt><trkpt lat="28.074299" lon="85.425426"><ele>4589.044</ele><time>2023-02-15T06:23:46Z</time></trkpt><trkpt lat="28.074337" lon="85.425398"><ele>4589.118</ele><time>2023-02-15T06:23:52Z</time></trkpt><trkpt lat="28.074379" lon="85.425368"><ele>4589.109</ele><time>2023-02-15T06:23:58Z</time></trkpt><trkpt lat="28.074417" lon="85.425330"><ele>4590.167</ele><time>2023-02-15T06:24:03Z</time></trkpt><trkpt lat="28.074454" lon="85.425295"><ele>4589.168</ele><time>2023-02-15T06:24:07Z</time></trkpt><trkpt lat="28.074494" lon="85.425257"><ele>4588.952</ele><time>2023-02-15T06:24:13Z</time></trkpt><trkpt lat="28.074542" lon="85.425232"><ele>4587.956</ele><time>2023-02-15T06:24:18Z</time></trkpt><trkpt lat="28.074580" lon="85.425205"><ele>4588.516</ele><time>2023-02-15T06:24:26Z</time></trkpt><trkpt lat="28.074615" lon="85.425168"><ele>4589.170</ele><time>2023-02-15T06:24:32Z</time></trkpt><trkpt lat="28.074643" lon="85.425121"><ele>4590.418</ele><time>2023-02-15T06:24:38Z</time></trkpt><trkpt lat="28.074686" lon="85.425098"><ele>4590.620</ele><time>2023-02-15T06:24:43Z</time></trkpt><trkpt lat="28.074733" lon="85.425068"><ele>4590.627</ele><time>2023-02-15T06:24:49Z</time></trkpt><trkpt lat="28.074778" lon="85.425043"><ele>4590.344</ele><time>2023-02-15T06:24:53Z</time></trkpt><trkpt lat="28.074811" lon="85.425008"><ele>4590.705</ele><time>2023-02-15T06:24:57Z</time></trkpt><trkpt lat="28.074849" lon="85.424975"><ele>4590.415</ele><time>2023-02-15T06:25:02Z</time></trkpt><trkpt lat="28.074884" lon="85.424940"><ele>4591.109</ele><time>2023-02-15T06:25:06Z</time></trkpt><trkpt lat="28.074919" lon="85.424900"><ele>4591.055</ele><time>2023-02-15T06:25:11Z</time></trkpt><trkpt lat="28.074947" lon="85.424858"><ele>4591.076</ele><time>2023-02-15T06:25:16Z</time></trkpt><trkpt lat="28.074992" lon="85.424831"><ele>4590.120</ele><time>2023-02-15T06:25:22Z</time></trkpt><trkpt lat="28.075035" lon="85.424814"><ele>4589.664</ele><time>2023-02-15T06:25:30Z</time></trkpt><trkpt lat="28.075082" lon="85.424807"><ele>4589.444</ele><time>2023-02-15T06:25:35Z</time></trkpt><trkpt lat="28.075119" lon="85.424765"><ele>4589.688</ele><time>2023-02-15T06:25:40Z</time></trkpt><trkpt lat="28.075151" lon="85.424720"><ele>4587.876</ele><time>2023-02-15T06:25:46Z</time></trkpt><trkpt lat="28.075194" lon="85.424685"><ele>4586.178</ele><time>2023-02-15T06:25:52Z</time></trkpt><trkpt lat="28.075242" lon="85.424663"><ele>4585.855</ele><time>2023-02-15T06:25:57Z</time></trkpt><trkpt lat="28.075272" lon="85.424618"><ele>4585.833</ele><time>2023-02-15T06:26:01Z</time></trkpt><trkpt lat="28.075317" lon="85.424583"><ele>4585.223</ele><time>2023-02-15T06:26:08Z</time></trkpt><trkpt lat="28.075349" lon="85.424538"><ele>4585.615</ele><time>2023-02-15T06:26:12Z</time></trkpt><trkpt lat="28.075381" lon="85.424501"><ele>4585.109</ele><time>2023-02-15T06:26:16Z</time></trkpt><trkpt lat="28.075426" lon="85.424494"><ele>4583.264</ele><time>2023-02-15T06:26:21Z</time></trkpt><trkpt lat="28.075478" lon="85.424497"><ele>4582.655</ele><time>2023-02-15T06:26:27Z</time></trkpt><trkpt lat="28.075528" lon="85.424480"><ele>4581.019</ele><time>2023-02-15T06:26:32Z</time></trkpt><trkpt lat="28.075575" lon="85.424450"><ele>4579.353</ele><time>2023-02-15T06:26:38Z</time></trkpt><trkpt lat="28.075617" lon="85.424417"><ele>4579.073</ele><time>2023-02-15T06:26:43Z</time></trkpt><trkpt lat="28.075665" lon="85.424397"><ele>4578.217</ele><time>2023-02-15T06:26:47Z</time></trkpt><trkpt lat="28.075707" lon="85.424374"><ele>4577.765</ele><time>2023-02-15T06:26:51Z</time></trkpt><trkpt lat="28.075747" lon="85.424346"><ele>4576.967</ele><time>2023-02-15T06:26:56Z</time></trkpt><trkpt lat="28.075792" lon="85.424331"><ele>4576.584</ele><time>2023-02-15T06:27:00Z</time></trkpt><trkpt lat="28.075840" lon="85.424299"><ele>4576.477</ele><time>2023-02-15T06:27:05Z</time></trkpt><trkpt lat="28.075883" lon="85.424281"><ele>4575.661</ele><time>2023-02-15T06:27:10Z</time></trkpt><trkpt lat="28.075926" lon="85.424256"><ele>4574.627</ele><time>2023-02-15T06:27:14Z</time></trkpt><trkpt lat="28.075974" lon="85.424226"><ele>4574.909</ele><time>2023-02-15T06:27:19Z</time></trkpt><trkpt lat="28.076007" lon="85.424179"><ele>4574.778</ele><time>2023-02-15T06:27:23Z</time></trkpt><trkpt lat="28.076019" lon="85.424129"><ele>4574.479</ele><time>2023-02-15T06:27:27Z</time></trkpt><trkpt lat="28.076037" lon="85.424076"><ele>4574.553</ele><time>2023-02-15T06:27:31Z</time></trkpt><trkpt lat="28.076057" lon="85.424028"><ele>4573.887</ele><time>2023-02-15T06:27:35Z</time></trkpt><trkpt lat="28.076084" lon="85.423985"><ele>4572.887</ele><time>2023-02-15T06:27:40Z</time></trkpt><trkpt lat="28.076096" lon="85.423927"><ele>4572.641</ele><time>2023-02-15T06:27:45Z</time></trkpt><trkpt lat="28.076104" lon="85.423875"><ele>4572.669</ele><time>2023-02-15T06:27:49Z</time></trkpt><trkpt lat="28.076151" lon="85.423853"><ele>4570.841</ele><time>2023-02-15T06:27:55Z</time></trkpt><trkpt lat="28.076184" lon="85.423806"><ele>4569.118</ele><time>2023-02-15T06:28:00Z</time></trkpt><trkpt lat="28.076206" lon="85.423761"><ele>4567.973</ele><time>2023-02-15T06:28:05Z</time></trkpt><trkpt lat="28.076166" lon="85.423738"><ele>4573.885</ele><time>2023-02-15T06:28:40Z</time></trkpt><trkpt lat="28.076169" lon="85.423685"><ele>4574.313</ele><time>2023-02-15T06:28:44Z</time></trkpt><trkpt lat="28.076206" lon="85.423647"><ele>4572.409</ele><time>2023-02-15T06:28:47Z</time></trkpt><trkpt lat="28.076248" lon="85.423615"><ele>4570.478</ele><time>2023-02-15T06:28:50Z</time></trkpt><trkpt lat="28.076298" lon="85.423587"><ele>4565.559</ele><time>2023-02-15T06:28:57Z</time></trkpt><trkpt lat="28.076316" lon="85.423539"><ele>4562.543</ele><time>2023-02-15T06:29:06Z</time></trkpt><trkpt lat="28.076278" lon="85.423504"><ele>4562.147</ele><time>2023-02-15T06:29:12Z</time></trkpt><trkpt lat="28.076256" lon="85.423454"><ele>4558.747</ele><time>2023-02-15T06:29:19Z</time></trkpt><trkpt lat="28.076249" lon="85.423394"><ele>4556.321</ele><time>2023-02-15T06:29:25Z</time></trkpt><trkpt lat="28.076262" lon="85.423344"><ele>4555.799</ele><time>2023-02-15T06:29:30Z</time></trkpt><trkpt lat="28.076280" lon="85.423291"><ele>4553.971</ele><time>2023-02-15T06:29:36Z</time></trkpt><trkpt lat="28.076297" lon="85.423243"><ele>4553.718</ele><time>2023-02-15T06:29:41Z</time></trkpt><trkpt lat="28.076319" lon="85.423191"><ele>4553.785</ele><time>2023-02-15T06:29:47Z</time></trkpt><trkpt lat="28.076356" lon="85.423148"><ele>4553.389</ele><time>2023-02-15T06:29:52Z</time></trkpt><trkpt lat="28.076386" lon="85.423105"><ele>4553.217</ele><time>2023-02-15T06:29:57Z</time></trkpt><trkpt lat="28.076421" lon="85.423063"><ele>4551.909</ele><time>2023-02-15T06:30:02Z</time></trkpt><trkpt lat="28.076451" lon="85.423018"><ele>4551.179</ele><time>2023-02-15T06:30:07Z</time></trkpt><trkpt lat="28.076483" lon="85.422980"><ele>4553.140</ele><time>2023-02-15T06:30:11Z</time></trkpt><trkpt lat="28.076521" lon="85.422950"><ele>4551.594</ele><time>2023-02-15T06:30:15Z</time></trkpt><trkpt lat="28.076546" lon="85.422897"><ele>4551.928</ele><time>2023-02-15T06:30:21Z</time></trkpt><trkpt lat="28.076589" lon="85.422864"><ele>4552.358</ele><time>2023-02-15T06:30:25Z</time></trkpt><trkpt lat="28.076641" lon="85.422822"><ele>4551.132</ele><time>2023-02-15T06:30:31Z</time></trkpt><trkpt lat="28.076664" lon="85.422777"><ele>4546.580</ele><time>2023-02-15T06:30:36Z</time></trkpt><trkpt lat="28.076691" lon="85.422734"><ele>4545.682</ele><time>2023-02-15T06:30:43Z</time></trkpt><trkpt lat="28.076718" lon="85.422686"><ele>4547.869</ele><time>2023-02-15T06:30:48Z</time></trkpt><trkpt lat="28.076753" lon="85.422643"><ele>4548.647</ele><time>2023-02-15T06:30:52Z</time></trkpt><trkpt lat="28.076776" lon="85.422595"><ele>4546.129</ele><time>2023-02-15T06:30:58Z</time></trkpt><trkpt lat="28.076799" lon="85.422548"><ele>4542.821</ele><time>2023-02-15T06:31:05Z</time></trkpt><trkpt lat="28.076849" lon="85.422525"><ele>4540.909</ele><time>2023-02-15T06:31:10Z</time></trkpt><trkpt lat="28.076879" lon="85.422473"><ele>4540.025</ele><time>2023-02-15T06:31:15Z</time></trkpt><trkpt lat="28.076916" lon="85.422440"><ele>4541.026</ele><time>2023-02-15T06:31:18Z</time></trkpt><trkpt lat="28.076926" lon="85.422388"><ele>4541.830</ele><time>2023-02-15T06:31:22Z</time></trkpt><trkpt lat="28.076918" lon="85.422335"><ele>4541.974</ele><time>2023-02-15T06:31:27Z</time></trkpt><trkpt lat="28.076930" lon="85.422275"><ele>4542.424</ele><time>2023-02-15T06:31:33Z</time></trkpt><trkpt lat="28.076950" lon="85.422228"><ele>4542.268</ele><time>2023-02-15T06:31:38Z</time></trkpt><trkpt lat="28.076977" lon="85.422176"><ele>4543.486</ele><time>2023-02-15T06:31:44Z</time></trkpt><trkpt lat="28.076999" lon="85.422131"><ele>4544.288</ele><time>2023-02-15T06:31:49Z</time></trkpt><trkpt lat="28.077027" lon="85.422079"><ele>4545.545</ele><time>2023-02-15T06:31:55Z</time></trkpt><trkpt lat="28.077052" lon="85.422034"><ele>4546.848</ele><time>2023-02-15T06:31:59Z</time></trkpt><trkpt lat="28.077079" lon="85.421992"><ele>4547.861</ele><time>2023-02-15T06:32:03Z</time></trkpt><trkpt lat="28.077101" lon="85.421945"><ele>4548.417</ele><time>2023-02-15T06:32:08Z</time></trkpt><trkpt lat="28.077136" lon="85.421897"><ele>4548.409</ele><time>2023-02-15T06:32:14Z</time></trkpt><trkpt lat="28.077173" lon="85.421859"><ele>4549.045</ele><time>2023-02-15T06:32:19Z</time></trkpt><trkpt lat="28.077205" lon="85.421814"><ele>4549.726</ele><time>2023-02-15T06:32:24Z</time></trkpt><trkpt lat="28.077232" lon="85.421767"><ele>4550.750</ele><time>2023-02-15T06:32:29Z</time></trkpt><trkpt lat="28.077255" lon="85.421719"><ele>4551.494</ele><time>2023-02-15T06:32:33Z</time></trkpt><trkpt lat="28.077288" lon="85.421679"><ele>4550.544</ele><time>2023-02-15T06:32:39Z</time></trkpt><trkpt lat="28.077325" lon="85.421641"><ele>4550.778</ele><time>2023-02-15T06:32:43Z</time></trkpt><trkpt lat="28.077355" lon="85.421599"><ele>4550.136</ele><time>2023-02-15T06:32:47Z</time></trkpt><trkpt lat="28.077392" lon="85.421556"><ele>4551.048</ele><time>2023-02-15T06:32:51Z</time></trkpt><trkpt lat="28.077427" lon="85.421511"><ele>4551.925</ele><time>2023-02-15T06:32:56Z</time></trkpt><trkpt lat="28.077472" lon="85.421493"><ele>4550.753</ele><time>2023-02-15T06:33:02Z</time></trkpt><trkpt lat="28.077509" lon="85.421451"><ele>4548.804</ele><time>2023-02-15T06:33:08Z</time></trkpt><trkpt lat="28.077559" lon="85.421443"><ele>4547.414</ele><time>2023-02-15T06:33:12Z</time></trkpt><trkpt lat="28.077607" lon="85.421431"><ele>4545.809</ele><time>2023-02-15T06:33:16Z</time></trkpt><trkpt lat="28.077649" lon="85.421409"><ele>4545.236</ele><time>2023-02-15T06:33:20Z</time></trkpt><trkpt lat="28.077692" lon="85.421391"><ele>4543.947</ele><time>2023-02-15T06:33:24Z</time></trkpt><trkpt lat="28.077735" lon="85.421368"><ele>4541.961</ele><time>2023-02-15T06:33:29Z</time></trkpt><trkpt lat="28.077775" lon="85.421341"><ele>4541.595</ele><time>2023-02-15T06:33:33Z</time></trkpt><trkpt lat="28.077817" lon="85.421314"><ele>4541.265</ele><time>2023-02-15T06:33:38Z</time></trkpt><trkpt lat="28.077860" lon="85.421292"><ele>4541.989</ele><time>2023-02-15T06:33:42Z</time></trkpt><trkpt lat="28.077907" lon="85.421264"><ele>4543.527</ele><time>2023-02-15T06:33:47Z</time></trkpt><trkpt lat="28.077955" lon="85.421249"><ele>4543.319</ele><time>2023-02-15T06:33:51Z</time></trkpt><trkpt lat="28.077997" lon="85.421222"><ele>4542.426</ele><time>2023-02-15T06:33:57Z</time></trkpt><trkpt lat="28.078049" lon="85.421229"><ele>4541.138</ele><time>2023-02-15T06:34:02Z</time></trkpt><trkpt lat="28.078099" lon="85.421246"><ele>4541.970</ele><time>2023-02-15T06:34:07Z</time></trkpt><trkpt lat="28.078166" lon="85.421234"><ele>4543.417</ele><time>2023-02-15T06:34:28Z</time></trkpt><trkpt lat="28.078209" lon="85.421251"><ele>4542.709</ele><time>2023-02-15T06:34:36Z</time></trkpt><trkpt lat="28.078252" lon="85.421234"><ele>4545.514</ele><time>2023-02-15T06:35:30Z</time></trkpt><trkpt lat="28.078297" lon="85.421236"><ele>4545.135</ele><time>2023-02-15T06:35:38Z</time></trkpt><trkpt lat="28.078347" lon="85.421229"><ele>4544.149</ele><time>2023-02-15T06:36:02Z</time></trkpt><trkpt lat="28.078397" lon="85.421227"><ele>4544.563</ele><time>2023-02-15T06:36:06Z</time></trkpt><trkpt lat="28.078455" lon="85.421212"><ele>4545.043</ele><time>2023-02-15T06:36:10Z</time></trkpt><trkpt lat="28.078507" lon="85.421197"><ele>4544.897</ele><time>2023-02-15T06:36:15Z</time></trkpt><trkpt lat="28.078552" lon="85.421207"><ele>4542.325</ele><time>2023-02-15T06:36:19Z</time></trkpt><trkpt lat="28.078600" lon="85.421202"><ele>4541.027</ele><time>2023-02-15T06:36:23Z</time></trkpt><trkpt lat="28.078648" lon="85.421200"><ele>4538.274</ele><time>2023-02-15T06:36:28Z</time></trkpt><trkpt lat="28.078700" lon="85.421198"><ele>4534.439</ele><time>2023-02-15T06:36:34Z</time></trkpt><trkpt lat="28.078747" lon="85.421193"><ele>4532.201</ele><time>2023-02-15T06:36:40Z</time></trkpt><trkpt lat="28.078800" lon="85.421191"><ele>4530.321</ele><time>2023-02-15T06:36:46Z</time></trkpt><trkpt lat="28.078852" lon="85.421186"><ele>4529.609</ele><time>2023-02-15T06:36:51Z</time></trkpt><trkpt lat="28.078897" lon="85.421198"><ele>4528.594</ele><time>2023-02-15T06:36:55Z</time></trkpt><trkpt lat="28.078947" lon="85.421193"><ele>4528.475</ele><time>2023-02-15T06:37:01Z</time></trkpt><trkpt lat="28.078990" lon="85.421175"><ele>4529.259</ele><time>2023-02-15T06:37:05Z</time></trkpt><trkpt lat="28.079035" lon="85.421152"><ele>4529.683</ele><time>2023-02-15T06:37:09Z</time></trkpt><trkpt lat="28.079083" lon="85.421149"><ele>4530.673</ele><time>2023-02-15T06:37:13Z</time></trkpt><trkpt lat="28.079136" lon="85.421141"><ele>4530.357</ele><time>2023-02-15T06:37:17Z</time></trkpt><trkpt lat="28.079179" lon="85.421124"><ele>4529.725</ele><time>2023-02-15T06:37:21Z</time></trkpt><trkpt lat="28.079232" lon="85.421124"><ele>4529.457</ele><time>2023-02-15T06:37:26Z</time></trkpt><trkpt lat="28.079279" lon="85.421126"><ele>4528.144</ele><time>2023-02-15T06:37:31Z</time></trkpt><trkpt lat="28.079337" lon="85.421106"><ele>4528.189</ele><time>2023-02-15T06:37:35Z</time></trkpt><trkpt lat="28.079382" lon="85.421081"><ele>4528.906</ele><time>2023-02-15T06:37:39Z</time></trkpt><trkpt lat="28.079419" lon="85.421049"><ele>4529.826</ele><time>2023-02-15T06:37:44Z</time></trkpt><trkpt lat="28.079452" lon="85.421009"><ele>4530.909</ele><time>2023-02-15T06:37:49Z</time></trkpt><trkpt lat="28.079490" lon="85.420962"><ele>4530.549</ele><time>2023-02-15T06:37:54Z</time></trkpt><trkpt lat="28.079542" lon="85.420952"><ele>4528.920</ele><time>2023-02-15T06:38:01Z</time></trkpt><trkpt lat="28.079592" lon="85.420925"><ele>4527.134</ele><time>2023-02-15T06:38:06Z</time></trkpt><trkpt lat="28.079629" lon="85.420892"><ele>4526.048</ele><time>2023-02-15T06:38:11Z</time></trkpt><trkpt lat="28.079666" lon="85.420854"><ele>4526.038</ele><time>2023-02-15T06:38:15Z</time></trkpt><trkpt lat="28.079688" lon="85.420792"><ele>4532.792</ele><time>2023-02-15T06:38:58Z</time></trkpt><trkpt lat="28.079728" lon="85.420829"><ele>4531.660</ele><time>2023-02-15T06:39:06Z</time></trkpt><trkpt lat="28.079745" lon="85.420774"><ele>4532.562</ele><time>2023-02-15T06:39:14Z</time></trkpt><trkpt lat="28.079772" lon="85.420727"><ele>4529.969</ele><time>2023-02-15T06:39:20Z</time></trkpt><trkpt lat="28.079792" lon="85.420669"><ele>4528.837</ele><time>2023-02-15T06:39:26Z</time></trkpt><trkpt lat="28.079799" lon="85.420612"><ele>4528.849</ele><time>2023-02-15T06:39:32Z</time></trkpt><trkpt lat="28.079851" lon="85.420560"><ele>4528.313</ele><time>2023-02-15T06:40:47Z</time></trkpt><trkpt lat="28.079884" lon="85.420518"><ele>4519.909</ele><time>2023-02-15T06:41:07Z</time></trkpt><trkpt lat="28.079897" lon="85.420466"><ele>4518.744</ele><time>2023-02-15T06:41:12Z</time></trkpt><trkpt lat="28.079940" lon="85.420441"><ele>4514.055</ele><time>2023-02-15T06:41:21Z</time></trkpt><trkpt lat="28.079987" lon="85.420416"><ele>4511.149</ele><time>2023-02-15T06:41:31Z</time></trkpt><trkpt lat="28.080030" lon="85.420401"><ele>4509.823</ele><time>2023-02-15T06:41:39Z</time></trkpt><trkpt lat="28.080078" lon="85.420406"><ele>4508.163</ele><time>2023-02-15T06:41:47Z</time></trkpt><trkpt lat="28.080125" lon="85.420386"><ele>4505.267</ele><time>2023-02-15T06:41:55Z</time></trkpt><trkpt lat="28.080160" lon="85.420349"><ele>4503.955</ele><time>2023-02-15T06:42:01Z</time></trkpt><trkpt lat="28.080207" lon="85.420342"><ele>4502.387</ele><time>2023-02-15T06:42:07Z</time></trkpt><trkpt lat="28.080257" lon="85.420320"><ele>4500.814</ele><time>2023-02-15T06:42:13Z</time></trkpt><trkpt lat="28.080290" lon="85.420280"><ele>4500.912</ele><time>2023-02-15T06:42:19Z</time></trkpt><trkpt lat="28.080333" lon="85.420253"><ele>4499.232</ele><time>2023-02-15T06:42:24Z</time></trkpt><trkpt lat="28.080368" lon="85.420216"><ele>4498.305</ele><time>2023-02-15T06:42:29Z</time></trkpt><trkpt lat="28.080401" lon="85.420179"><ele>4497.009</ele><time>2023-02-15T06:42:34Z</time></trkpt><trkpt lat="28.080424" lon="85.420134"><ele>4497.182</ele><time>2023-02-15T06:42:38Z</time></trkpt><trkpt lat="28.080466" lon="85.420101"><ele>4498.013</ele><time>2023-02-15T06:42:44Z</time></trkpt><trkpt lat="28.080504" lon="85.420061"><ele>4498.147</ele><time>2023-02-15T06:42:50Z</time></trkpt><trkpt lat="28.080531" lon="85.420016"><ele>4497.921</ele><time>2023-02-15T06:42:55Z</time></trkpt><trkpt lat="28.080556" lon="85.419969"><ele>4495.731</ele><time>2023-02-15T06:43:02Z</time></trkpt><trkpt lat="28.080578" lon="85.419924"><ele>4500.835</ele><time>2023-02-15T06:43:29Z</time></trkpt><trkpt lat="28.080610" lon="85.419884"><ele>4500.753</ele><time>2023-02-15T06:45:24Z</time></trkpt><trkpt lat="28.080650" lon="85.419859"><ele>4497.535</ele><time>2023-02-15T06:45:31Z</time></trkpt><trkpt lat="28.080682" lon="85.419812"><ele>4495.682</ele><time>2023-02-15T06:45:36Z</time></trkpt><trkpt lat="28.080724" lon="85.419784"><ele>4494.929</ele><time>2023-02-15T06:45:43Z</time></trkpt><trkpt lat="28.080771" lon="85.419764"><ele>4493.200</ele><time>2023-02-15T06:45:49Z</time></trkpt><trkpt lat="28.080809" lon="85.419734"><ele>4492.420</ele><time>2023-02-15T06:45:56Z</time></trkpt><trkpt lat="28.080796" lon="85.419682"><ele>4493.409</ele><time>2023-02-15T06:46:31Z</time></trkpt><trkpt lat="28.080841" lon="85.419687"><ele>4490.563</ele><time>2023-02-15T06:47:04Z</time></trkpt><trkpt lat="28.080873" lon="85.419649"><ele>4486.244</ele><time>2023-02-15T06:47:26Z</time></trkpt><trkpt lat="28.080920" lon="85.419627"><ele>4486.418</ele><time>2023-02-15T06:47:30Z</time></trkpt><trkpt lat="28.080973" lon="85.419629"><ele>4485.192</ele><time>2023-02-15T06:47:35Z</time></trkpt><trkpt lat="28.081010" lon="85.419587"><ele>4484.962</ele><time>2023-02-15T06:47:41Z</time></trkpt><trkpt lat="28.081037" lon="85.419537"><ele>4484.666</ele><time>2023-02-15T06:47:49Z</time></trkpt><trkpt lat="28.081084" lon="85.419515"><ele>4485.154</ele><time>2023-02-15T06:47:54Z</time></trkpt><trkpt lat="28.081111" lon="85.419468"><ele>4484.496</ele><time>2023-02-15T06:47:59Z</time></trkpt><trkpt lat="28.081134" lon="85.419416"><ele>4481.363</ele><time>2023-02-15T06:48:10Z</time></trkpt><trkpt lat="28.081139" lon="85.419351"><ele>4483.938</ele><time>2023-02-15T06:48:30Z</time></trkpt><trkpt lat="28.081182" lon="85.419324"><ele>4481.670</ele><time>2023-02-15T06:48:37Z</time></trkpt><trkpt lat="28.081214" lon="85.419282"><ele>4477.017</ele><time>2023-02-15T06:48:44Z</time></trkpt><trkpt lat="28.081249" lon="85.419245"><ele>4479.209</ele><time>2023-02-15T06:48:50Z</time></trkpt><trkpt lat="28.081279" lon="85.419202"><ele>4476.614</ele><time>2023-02-15T06:48:54Z</time></trkpt><trkpt lat="28.081316" lon="85.419170"><ele>4473.325</ele><time>2023-02-15T06:49:01Z</time></trkpt><trkpt lat="28.081336" lon="85.419120"><ele>4472.559</ele><time>2023-02-15T06:49:09Z</time></trkpt><trkpt lat="28.081351" lon="85.419067"><ele>4472.813</ele><time>2023-02-15T06:49:14Z</time></trkpt><trkpt lat="28.081393" lon="85.419042"><ele>4469.953</ele><time>2023-02-15T06:49:20Z</time></trkpt><trkpt lat="28.081433" lon="85.419007"><ele>4468.417</ele><time>2023-02-15T06:49:26Z</time></trkpt><trkpt lat="28.081468" lon="85.418964"><ele>4468.195</ele><time>2023-02-15T06:49:33Z</time></trkpt><trkpt lat="28.081506" lon="85.418924"><ele>4467.577</ele><time>2023-02-15T06:49:39Z</time></trkpt><trkpt lat="28.081529" lon="85.418876"><ele>4466.774</ele><time>2023-02-15T06:49:47Z</time></trkpt><trkpt lat="28.081564" lon="85.418843"><ele>4467.119</ele><time>2023-02-15T06:49:54Z</time></trkpt><trkpt lat="28.081587" lon="85.418791"><ele>4467.009</ele><time>2023-02-15T06:50:00Z</time></trkpt><trkpt lat="28.081634" lon="85.418764"><ele>4464.819</ele><time>2023-02-15T06:50:06Z</time></trkpt><trkpt lat="28.081669" lon="85.418719"><ele>4463.209</ele><time>2023-02-15T06:50:10Z</time></trkpt><trkpt lat="28.081697" lon="85.418674"><ele>4462.692</ele><time>2023-02-15T06:50:15Z</time></trkpt><trkpt lat="28.081727" lon="85.418634"><ele>4463.223</ele><time>2023-02-15T06:50:21Z</time></trkpt><trkpt lat="28.081752" lon="85.418587"><ele>4458.867</ele><time>2023-02-15T06:50:44Z</time></trkpt><trkpt lat="28.081785" lon="85.418547"><ele>4457.821</ele><time>2023-02-15T06:50:53Z</time></trkpt><trkpt lat="28.081793" lon="85.418482"><ele>4456.031</ele><time>2023-02-15T06:51:14Z</time></trkpt><trkpt lat="28.081831" lon="85.418450"><ele>4457.675</ele><time>2023-02-15T06:51:37Z</time></trkpt><trkpt lat="28.081883" lon="85.418428"><ele>4456.433</ele><time>2023-02-15T06:51:43Z</time></trkpt><trkpt lat="28.081903" lon="85.418375"><ele>4454.215</ele><time>2023-02-15T06:51:50Z</time></trkpt><trkpt lat="28.081926" lon="85.418330"><ele>4452.772</ele><time>2023-02-15T06:51:59Z</time></trkpt><trkpt lat="28.081969" lon="85.418295"><ele>4451.487</ele><time>2023-02-15T06:52:05Z</time></trkpt><trkpt lat="28.082004" lon="85.418258"><ele>4449.842</ele><time>2023-02-15T06:52:11Z</time></trkpt><trkpt lat="28.082046" lon="85.418225"><ele>4449.526</ele><time>2023-02-15T06:52:18Z</time></trkpt><trkpt lat="28.082093" lon="85.418215"><ele>4446.609</ele><time>2023-02-15T06:53:54Z</time></trkpt><trkpt lat="28.082143" lon="85.418185"><ele>4445.659</ele><time>2023-02-15T06:54:00Z</time></trkpt><trkpt lat="28.082108" lon="85.418145"><ele>4442.520</ele><time>2023-02-15T06:54:10Z</time></trkpt><trkpt lat="28.082098" lon="85.418092"><ele>4442.934</ele><time>2023-02-15T06:54:15Z</time></trkpt><trkpt lat="28.082138" lon="85.418069"><ele>4442.048</ele><time>2023-02-15T06:55:22Z</time></trkpt><trkpt lat="28.082178" lon="85.418046"><ele>4443.138</ele><time>2023-02-15T06:56:41Z</time></trkpt><trkpt lat="28.082221" lon="85.418028"><ele>4440.522</ele><time>2023-02-15T06:56:46Z</time></trkpt><trkpt lat="28.082283" lon="85.418028"><ele>4432.160</ele><time>2023-02-15T06:56:54Z</time></trkpt><trkpt lat="28.082341" lon="85.418020"><ele>4430.922</ele><time>2023-02-15T06:57:02Z</time></trkpt><trkpt lat="28.082373" lon="85.417983"><ele>4429.959</ele><time>2023-02-15T06:57:13Z</time></trkpt><trkpt lat="28.082421" lon="85.417941"><ele>4430.482</ele><time>2023-02-15T06:57:20Z</time></trkpt><trkpt lat="28.082458" lon="85.417896"><ele>4432.243</ele><time>2023-02-15T06:57:24Z</time></trkpt><trkpt lat="28.082495" lon="85.417858"><ele>4434.017</ele><time>2023-02-15T06:57:29Z</time></trkpt><trkpt lat="28.082533" lon="85.417823"><ele>4434.009</ele><time>2023-02-15T06:57:35Z</time></trkpt><trkpt lat="28.082553" lon="85.417775"><ele>4434.849</ele><time>2023-02-15T06:57:41Z</time></trkpt><trkpt lat="28.082583" lon="85.417733"><ele>4428.210</ele><time>2023-02-15T06:58:12Z</time></trkpt><trkpt lat="28.082556" lon="85.417668"><ele>4449.324</ele><time>2023-02-15T06:58:22Z</time></trkpt><trkpt lat="28.082564" lon="85.417721"><ele>4436.838</ele><time>2023-02-15T06:58:41Z</time></trkpt><trkpt lat="28.082612" lon="85.417731"><ele>4431.538</ele><time>2023-02-15T06:59:55Z</time></trkpt><trkpt lat="28.082635" lon="85.417668"><ele>4430.262</ele><time>2023-02-15T06:59:59Z</time></trkpt><trkpt lat="28.082663" lon="85.417625"><ele>4429.650</ele><time>2023-02-15T07:00:06Z</time></trkpt><trkpt lat="28.082701" lon="85.417588"><ele>4428.362</ele><time>2023-02-15T07:00:15Z</time></trkpt><trkpt lat="28.082749" lon="85.417570"><ele>4423.519</ele><time>2023-02-15T07:00:20Z</time></trkpt><trkpt lat="28.082752" lon="85.417517"><ele>4430.353</ele><time>2023-02-15T07:00:42Z</time></trkpt><trkpt lat="28.082797" lon="85.417507"><ele>4424.604</ele><time>2023-02-15T07:03:02Z</time></trkpt><trkpt lat="28.082839" lon="85.417482"><ele>4425.214</ele><time>2023-02-15T07:03:07Z</time></trkpt><trkpt lat="28.082866" lon="85.417437"><ele>4433.609</ele><time>2023-02-15T07:03:14Z</time></trkpt><trkpt lat="28.082911" lon="85.417397"><ele>4418.496</ele><time>2023-02-15T07:03:21Z</time></trkpt><trkpt lat="28.082946" lon="85.417364"><ele>4414.417</ele><time>2023-02-15T07:03:25Z</time></trkpt><trkpt lat="28.082991" lon="85.417349"><ele>4409.811</ele><time>2023-02-15T07:03:35Z</time></trkpt><trkpt lat="28.083009" lon="85.417299"><ele>4411.225</ele><time>2023-02-15T07:03:42Z</time></trkpt><trkpt lat="28.083046" lon="85.417269"><ele>4410.735</ele><time>2023-02-15T07:03:48Z</time></trkpt><trkpt lat="28.083088" lon="85.417232"><ele>4409.949</ele><time>2023-02-15T07:03:53Z</time></trkpt><trkpt lat="28.083120" lon="85.417189"><ele>4411.357</ele><time>2023-02-15T07:03:59Z</time></trkpt><trkpt lat="28.083148" lon="85.417142"><ele>4410.139</ele><time>2023-02-15T07:04:04Z</time></trkpt><trkpt lat="28.083190" lon="85.417119"><ele>4409.396</ele><time>2023-02-15T07:04:09Z</time></trkpt><trkpt lat="28.083222" lon="85.417074"><ele>4408.534</ele><time>2023-02-15T07:04:14Z</time></trkpt><trkpt lat="28.083235" lon="85.417024"><ele>4408.655</ele><time>2023-02-15T07:04:19Z</time></trkpt><trkpt lat="28.083253" lon="85.416976"><ele>4407.910</ele><time>2023-02-15T07:04:24Z</time></trkpt><trkpt lat="28.083263" lon="85.416926"><ele>4408.409</ele><time>2023-02-15T07:04:30Z</time></trkpt><trkpt lat="28.083286" lon="85.416874"><ele>4408.464</ele><time>2023-02-15T07:04:36Z</time></trkpt><trkpt lat="28.083323" lon="85.416836"><ele>4405.515</ele><time>2023-02-15T07:04:43Z</time></trkpt><trkpt lat="28.083323" lon="85.416779"><ele>4406.549</ele><time>2023-02-15T07:04:49Z</time></trkpt><trkpt lat="28.083305" lon="85.416726"><ele>4423.343</ele><time>2023-02-15T07:04:51Z</time></trkpt><trkpt lat="28.083340" lon="85.416769"><ele>4422.073</ele><time>2023-02-15T07:04:52Z</time></trkpt><trkpt lat="28.083293" lon="85.416682"><ele>4446.217</ele><time>2023-02-15T07:04:57Z</time></trkpt><trkpt lat="28.083323" lon="85.416747"><ele>4424.665</ele><time>2023-02-15T07:04:59Z</time></trkpt><trkpt lat="28.083386" lon="85.416749"><ele>4405.867</ele><time>2023-02-15T07:05:18Z</time></trkpt><trkpt lat="28.083421" lon="85.416711"><ele>4405.594</ele><time>2023-02-15T07:05:23Z</time></trkpt><trkpt lat="28.083438" lon="85.416661"><ele>4402.328</ele><time>2023-02-15T07:05:30Z</time></trkpt><trkpt lat="28.083478" lon="85.416614"><ele>4405.289</ele><time>2023-02-15T07:05:58Z</time></trkpt><trkpt lat="28.083456" lon="85.416569"><ele>4405.417</ele><time>2023-02-15T07:06:04Z</time></trkpt><trkpt lat="28.083499" lon="85.416549"><ele>4400.109</ele><time>2023-02-15T07:06:18Z</time></trkpt><trkpt lat="28.083497" lon="85.416497"><ele>4397.383</ele><time>2023-02-15T07:06:28Z</time></trkpt><trkpt lat="28.083534" lon="85.416462"><ele>4394.384</ele><time>2023-02-15T07:06:41Z</time></trkpt><trkpt lat="28.083572" lon="85.416417"><ele>4393.758</ele><time>2023-02-15T07:06:48Z</time></trkpt><trkpt lat="28.083594" lon="85.416370"><ele>4394.572</ele><time>2023-02-15T07:06:53Z</time></trkpt><trkpt lat="28.083636" lon="85.416345"><ele>4391.932</ele><time>2023-02-15T07:07:00Z</time></trkpt><trkpt lat="28.083674" lon="85.416305"><ele>4389.396</ele><time>2023-02-15T07:07:06Z</time></trkpt><trkpt lat="28.083717" lon="85.416278"><ele>4387.444</ele><time>2023-02-15T07:07:13Z</time></trkpt><trkpt lat="28.083722" lon="85.416223"><ele>4386.596</ele><time>2023-02-15T07:07:20Z</time></trkpt><trkpt lat="28.083717" lon="85.416165"><ele>4397.333</ele><time>2023-02-15T07:07:45Z</time></trkpt><trkpt lat="28.083740" lon="85.416113"><ele>4398.233</ele><time>2023-02-15T07:07:50Z</time></trkpt><trkpt lat="28.083763" lon="85.416061"><ele>4392.423</ele><time>2023-02-15T07:08:11Z</time></trkpt><trkpt lat="28.083798" lon="85.416028"><ele>4390.115</ele><time>2023-02-15T07:08:17Z</time></trkpt><trkpt lat="28.083816" lon="85.415981"><ele>4390.209</ele><time>2023-02-15T07:08:23Z</time></trkpt><trkpt lat="28.083836" lon="85.415926"><ele>4389.124</ele><time>2023-02-15T07:08:29Z</time></trkpt><trkpt lat="28.083846" lon="85.415871"><ele>4386.245</ele><time>2023-02-15T07:08:35Z</time></trkpt><trkpt lat="28.083869" lon="85.415823"><ele>4383.689</ele><time>2023-02-15T07:08:44Z</time></trkpt><trkpt lat="28.083887" lon="85.415775"><ele>4382.263</ele><time>2023-02-15T07:08:48Z</time></trkpt><trkpt lat="28.083900" lon="85.415718"><ele>4381.653</ele><time>2023-02-15T07:08:54Z</time></trkpt><trkpt lat="28.083907" lon="85.415655"><ele>4381.167</ele><time>2023-02-15T07:09:01Z</time></trkpt><trkpt lat="28.083929" lon="85.415607"><ele>4377.725</ele><time>2023-02-15T07:09:08Z</time></trkpt><trkpt lat="28.083952" lon="85.415559"><ele>4380.057</ele><time>2023-02-15T07:09:26Z</time></trkpt><trkpt lat="28.083975" lon="85.415514"><ele>4376.984</ele><time>2023-02-15T07:09:58Z</time></trkpt><trkpt lat="28.083993" lon="85.415459"><ele>4369.333</ele><time>2023-02-15T07:10:04Z</time></trkpt><trkpt lat="28.084025" lon="85.415414"><ele>4369.223</ele><time>2023-02-15T07:10:13Z</time></trkpt><trkpt lat="28.084108" lon="85.415204"><ele>4369.015</ele><time>2023-02-15T07:10:35Z</time></trkpt><trkpt lat="28.084125" lon="85.415046"><ele>4366.709</ele><time>2023-02-15T07:10:49Z</time></trkpt><trkpt lat="28.084133" lon="85.414994"><ele>4365.824</ele><time>2023-02-15T07:10:55Z</time></trkpt><trkpt lat="28.084126" lon="85.414941"><ele>4365.715</ele><time>2023-02-15T07:10:59Z</time></trkpt><trkpt lat="28.084121" lon="85.414889"><ele>4366.789</ele><time>2023-02-15T07:11:05Z</time></trkpt><trkpt lat="28.084099" lon="85.414839"><ele>4367.063</ele><time>2023-02-15T07:11:11Z</time></trkpt><trkpt lat="28.084104" lon="85.414776"><ele>4369.583</ele><time>2023-02-15T07:11:20Z</time></trkpt><trkpt lat="28.084104" lon="85.414711"><ele>4369.537</ele><time>2023-02-15T07:11:27Z</time></trkpt><trkpt lat="28.084077" lon="85.414663"><ele>4369.515</ele><time>2023-02-15T07:11:32Z</time></trkpt><trkpt lat="28.084087" lon="85.414575"><ele>4367.597</ele><time>2023-02-15T07:11:43Z</time></trkpt><trkpt lat="28.084079" lon="85.414523"><ele>4366.614</ele><time>2023-02-15T07:11:48Z</time></trkpt><trkpt lat="28.084052" lon="85.414468"><ele>4366.541</ele><time>2023-02-15T07:12:00Z</time></trkpt><trkpt lat="28.084059" lon="85.414416"><ele>4368.981</ele><time>2023-02-15T07:12:35Z</time></trkpt><trkpt lat="28.084082" lon="85.414371"><ele>4364.209</ele><time>2023-02-15T07:12:39Z</time></trkpt><trkpt lat="28.084104" lon="85.414316"><ele>4362.109</ele><time>2023-02-15T07:12:44Z</time></trkpt><trkpt lat="28.084122" lon="85.414258"><ele>4358.425</ele><time>2023-02-15T07:12:49Z</time></trkpt><trkpt lat="28.084147" lon="85.414201"><ele>4357.256</ele><time>2023-02-15T07:12:55Z</time></trkpt><trkpt lat="28.084149" lon="85.414134"><ele>4359.920</ele><time>2023-02-15T07:12:59Z</time></trkpt><trkpt lat="28.084132" lon="85.414086"><ele>4369.714</ele><time>2023-02-15T07:13:08Z</time></trkpt><trkpt lat="28.084150" lon="85.414038"><ele>4368.934</ele><time>2023-02-15T07:13:39Z</time></trkpt><trkpt lat="28.084153" lon="85.413985"><ele>4366.078</ele><time>2023-02-15T07:13:43Z</time></trkpt><trkpt lat="28.084165" lon="85.413933"><ele>4367.546</ele><time>2023-02-15T07:13:48Z</time></trkpt><trkpt lat="28.084177" lon="85.413873"><ele>4363.118</ele><time>2023-02-15T07:13:53Z</time></trkpt><trkpt lat="28.084194" lon="85.413825"><ele>4363.255</ele><time>2023-02-15T07:13:58Z</time></trkpt><trkpt lat="28.084186" lon="85.413752"><ele>4362.911</ele><time>2023-02-15T07:14:02Z</time></trkpt><trkpt lat="28.084213" lon="85.413697"><ele>4359.021</ele><time>2023-02-15T07:14:09Z</time></trkpt><trkpt lat="28.084223" lon="85.413642"><ele>4361.203</ele><time>2023-02-15T07:14:14Z</time></trkpt><trkpt lat="28.084223" lon="85.413585"><ele>4360.309</ele><time>2023-02-15T07:14:19Z</time></trkpt><trkpt lat="28.084216" lon="85.413532"><ele>4360.652</ele><time>2023-02-15T07:14:24Z</time></trkpt><trkpt lat="28.084223" lon="85.413469"><ele>4361.693</ele><time>2023-02-15T07:14:28Z</time></trkpt><trkpt lat="28.084235" lon="85.413412"><ele>4361.777</ele><time>2023-02-15T07:14:35Z</time></trkpt><trkpt lat="28.084235" lon="85.413349"><ele>4361.831</ele><time>2023-02-15T07:14:39Z</time></trkpt><trkpt lat="28.084250" lon="85.413294"><ele>4360.541</ele><time>2023-02-15T07:14:44Z</time></trkpt><trkpt lat="28.084250" lon="85.413236"><ele>4359.785</ele><time>2023-02-15T07:14:49Z</time></trkpt><trkpt lat="28.084253" lon="85.413183"><ele>4359.913</ele><time>2023-02-15T07:14:54Z</time></trkpt><trkpt lat="28.084258" lon="85.413125"><ele>4358.865</ele><time>2023-02-15T07:14:59Z</time></trkpt><trkpt lat="28.084266" lon="85.413063"><ele>4357.512</ele><time>2023-02-15T07:15:04Z</time></trkpt><trkpt lat="28.084269" lon="85.413008"><ele>4357.582</ele><time>2023-02-15T07:15:08Z</time></trkpt><trkpt lat="28.084272" lon="85.412950"><ele>4356.843</ele><time>2023-02-15T07:15:13Z</time></trkpt><trkpt lat="28.084279" lon="85.412893"><ele>4357.017</ele><time>2023-02-15T07:15:18Z</time></trkpt><trkpt lat="28.084289" lon="85.412833"><ele>4356.409</ele><time>2023-02-15T07:15:24Z</time></trkpt><trkpt lat="28.084287" lon="85.412770"><ele>4356.899</ele><time>2023-02-15T07:15:29Z</time></trkpt><trkpt lat="28.084292" lon="85.412715"><ele>4357.040</ele><time>2023-02-15T07:15:33Z</time></trkpt><trkpt lat="28.084285" lon="85.412655"><ele>4356.984</ele><time>2023-02-15T07:15:38Z</time></trkpt><trkpt lat="28.084288" lon="85.412595"><ele>4358.148</ele><time>2023-02-15T07:15:43Z</time></trkpt><trkpt lat="28.084296" lon="85.412537"><ele>4360.448</ele><time>2023-02-15T07:15:48Z</time></trkpt><trkpt lat="28.084296" lon="85.412484"><ele>4361.522</ele><time>2023-02-15T07:15:53Z</time></trkpt><trkpt lat="28.084286" lon="85.412422"><ele>4363.230</ele><time>2023-02-15T07:15:57Z</time></trkpt><trkpt lat="28.084283" lon="85.412367"><ele>4364.232</ele><time>2023-02-15T07:16:01Z</time></trkpt><trkpt lat="28.084276" lon="85.412307"><ele>4365.099</ele><time>2023-02-15T07:16:06Z</time></trkpt><trkpt lat="28.084279" lon="85.412249"><ele>4365.898</ele><time>2023-02-15T07:16:12Z</time></trkpt><trkpt lat="28.084279" lon="85.412192"><ele>4366.915</ele><time>2023-02-15T07:16:17Z</time></trkpt><trkpt lat="28.084284" lon="85.412139"><ele>4367.626</ele><time>2023-02-15T07:16:22Z</time></trkpt><trkpt lat="28.084264" lon="85.412087"><ele>4366.609</ele><time>2023-02-15T07:16:27Z</time></trkpt><trkpt lat="28.084254" lon="85.412032"><ele>4366.360</ele><time>2023-02-15T07:16:33Z</time></trkpt><trkpt lat="28.084242" lon="85.411980"><ele>4367.031</ele><time>2023-02-15T07:16:38Z</time></trkpt><trkpt lat="28.084224" lon="85.411932"><ele>4366.595</ele><time>2023-02-15T07:16:42Z</time></trkpt><trkpt lat="28.084202" lon="85.411882"><ele>4365.749</ele><time>2023-02-15T07:16:48Z</time></trkpt><trkpt lat="28.084179" lon="85.411835"><ele>4365.219</ele><time>2023-02-15T07:17:03Z</time></trkpt><trkpt lat="28.084157" lon="85.411788"><ele>4365.643</ele><time>2023-02-15T07:17:07Z</time></trkpt><trkpt lat="28.084130" lon="85.411736"><ele>4367.031</ele><time>2023-02-15T07:17:14Z</time></trkpt><trkpt lat="28.084093" lon="85.411688"><ele>4367.983</ele><time>2023-02-15T07:17:19Z</time></trkpt><trkpt lat="28.084065" lon="85.411648"><ele>4368.440</ele><time>2023-02-15T07:17:24Z</time></trkpt><trkpt lat="28.084027" lon="85.411598"><ele>4368.132</ele><time>2023-02-15T07:17:30Z</time></trkpt><trkpt lat="28.083990" lon="85.411563"><ele>4368.792</ele><time>2023-02-15T07:17:34Z</time></trkpt><trkpt lat="28.083952" lon="85.411535"><ele>4368.511</ele><time>2023-02-15T07:17:38Z</time></trkpt><trkpt lat="28.083915" lon="85.411497"><ele>4367.809</ele><time>2023-02-15T07:17:43Z</time></trkpt><trkpt lat="28.083897" lon="85.411449"><ele>4364.944</ele><time>2023-02-15T07:17:53Z</time></trkpt><trkpt lat="28.083870" lon="85.411404"><ele>4364.745</ele><time>2023-02-15T07:17:59Z</time></trkpt><trkpt lat="28.083855" lon="85.411356"><ele>4364.929</ele><time>2023-02-15T07:18:03Z</time></trkpt><trkpt lat="28.083827" lon="85.411306"><ele>4364.783</ele><time>2023-02-15T07:18:08Z</time></trkpt><trkpt lat="28.083810" lon="85.411246"><ele>4363.983</ele><time>2023-02-15T07:18:14Z</time></trkpt><trkpt lat="28.083797" lon="85.411191"><ele>4364.217</ele><time>2023-02-15T07:18:19Z</time></trkpt><trkpt lat="28.083780" lon="85.411136"><ele>4364.735</ele><time>2023-02-15T07:18:24Z</time></trkpt><trkpt lat="28.083770" lon="85.411076"><ele>4365.257</ele><time>2023-02-15T07:18:29Z</time></trkpt><trkpt lat="28.083758" lon="85.411026"><ele>4365.114</ele><time>2023-02-15T07:18:34Z</time></trkpt><trkpt lat="28.083755" lon="85.410974"><ele>4364.554</ele><time>2023-02-15T07:18:40Z</time></trkpt><trkpt lat="28.083722" lon="85.410929"><ele>4364.756</ele><time>2023-02-15T07:18:46Z</time></trkpt><trkpt lat="28.083715" lon="85.410872"><ele>4363.511</ele><time>2023-02-15T07:18:52Z</time></trkpt><trkpt lat="28.083688" lon="85.410825"><ele>4363.609</ele><time>2023-02-15T07:18:57Z</time></trkpt><trkpt lat="28.083660" lon="85.410777"><ele>4363.926</ele><time>2023-02-15T07:19:03Z</time></trkpt><trkpt lat="28.083623" lon="85.410735"><ele>4363.977</ele><time>2023-02-15T07:19:10Z</time></trkpt><trkpt lat="28.083598" lon="85.410683"><ele>4364.271</ele><time>2023-02-15T07:19:16Z</time></trkpt><trkpt lat="28.083563" lon="85.410635"><ele>4363.125</ele><time>2023-02-15T07:19:23Z</time></trkpt><trkpt lat="28.083526" lon="85.410597"><ele>4363.275</ele><time>2023-02-15T07:19:28Z</time></trkpt><trkpt lat="28.083479" lon="85.410575"><ele>4363.729</ele><time>2023-02-15T07:19:33Z</time></trkpt><trkpt lat="28.083461" lon="85.410528"><ele>4363.937</ele><time>2023-02-15T07:19:40Z</time></trkpt><trkpt lat="28.083438" lon="85.410481"><ele>4363.939</ele><time>2023-02-15T07:19:46Z</time></trkpt><trkpt lat="28.083425" lon="85.410426"><ele>4364.216</ele><time>2023-02-15T07:19:52Z</time></trkpt><trkpt lat="28.083417" lon="85.410368"><ele>4365.257</ele><time>2023-02-15T07:19:58Z</time></trkpt><trkpt lat="28.083397" lon="85.410318"><ele>4365.600</ele><time>2023-02-15T07:20:05Z</time></trkpt><trkpt lat="28.083374" lon="85.410265"><ele>4366.220</ele><time>2023-02-15T07:20:11Z</time></trkpt><trkpt lat="28.083371" lon="85.410198"><ele>4364.709</ele><time>2023-02-15T07:20:25Z</time></trkpt><trkpt lat="28.083354" lon="85.410148"><ele>4363.546</ele><time>2023-02-15T07:20:31Z</time></trkpt><trkpt lat="28.083336" lon="85.410091"><ele>4364.127</ele><time>2023-02-15T07:20:37Z</time></trkpt><trkpt lat="28.083313" lon="85.410034"><ele>4364.061</ele><time>2023-02-15T07:20:42Z</time></trkpt><trkpt lat="28.083295" lon="85.409982"><ele>4364.795</ele><time>2023-02-15T07:20:48Z</time></trkpt><trkpt lat="28.083285" lon="85.409932"><ele>4364.435</ele><time>2023-02-15T07:20:53Z</time></trkpt><trkpt lat="28.083297" lon="85.409880"><ele>4362.359</ele><time>2023-02-15T07:20:59Z</time></trkpt><trkpt lat="28.083285" lon="85.409828"><ele>4364.237</ele><time>2023-02-15T07:21:05Z</time></trkpt><trkpt lat="28.083257" lon="85.409783"><ele>4363.999</ele><time>2023-02-15T07:21:10Z</time></trkpt><trkpt lat="28.083259" lon="85.409723"><ele>4363.866</ele><time>2023-02-15T07:21:21Z</time></trkpt><trkpt lat="28.083252" lon="85.409668"><ele>4364.212</ele><time>2023-02-15T07:21:26Z</time></trkpt><trkpt lat="28.083275" lon="85.409623"><ele>4363.032</ele><time>2023-02-15T07:21:42Z</time></trkpt><trkpt lat="28.083308" lon="85.409585"><ele>4362.205</ele><time>2023-02-15T07:21:48Z</time></trkpt><trkpt lat="28.083325" lon="85.409535"><ele>4361.709</ele><time>2023-02-15T07:21:53Z</time></trkpt><trkpt lat="28.083337" lon="85.409483"><ele>4362.282</ele><time>2023-02-15T07:21:58Z</time></trkpt><trkpt lat="28.083334" lon="85.409426"><ele>4362.553</ele><time>2023-02-15T07:22:04Z</time></trkpt><trkpt lat="28.083319" lon="85.409338"><ele>4389.017</ele><time>2023-02-15T07:22:12Z</time></trkpt><trkpt lat="28.083291" lon="85.409286"><ele>4406.961</ele><time>2023-02-15T07:22:15Z</time></trkpt><trkpt lat="28.083286" lon="85.409344"><ele>4421.711</ele><time>2023-02-15T07:22:18Z</time></trkpt><trkpt lat="28.083334" lon="85.409306"><ele>4402.065</ele><time>2023-02-15T07:22:29Z</time></trkpt><trkpt lat="28.083379" lon="85.409301"><ele>4386.983</ele><time>2023-02-15T07:22:34Z</time></trkpt><trkpt lat="28.083412" lon="85.409266"><ele>4371.715</ele><time>2023-02-15T07:22:52Z</time></trkpt><trkpt lat="28.083430" lon="85.409314"><ele>4360.982</ele><time>2023-02-15T07:23:00Z</time></trkpt><trkpt lat="28.083412" lon="85.409362"><ele>4367.837</ele><time>2023-02-15T07:23:07Z</time></trkpt><trkpt lat="28.083477" lon="85.409354"><ele>4358.949</ele><time>2023-02-15T07:32:25Z</time></trkpt><trkpt lat="28.083459" lon="85.409297"><ele>4376.713</ele><time>2023-02-15T07:42:35Z</time></trkpt><trkpt lat="28.083426" lon="85.409262"><ele>4375.409</ele><time>2023-02-15T07:42:45Z</time></trkpt><trkpt lat="28.083469" lon="85.409282"><ele>4368.454</ele><time>2023-02-15T07:43:02Z</time></trkpt><trkpt lat="28.083511" lon="85.409224"><ele>4367.875</ele><time>2023-02-15T07:45:32Z</time></trkpt><trkpt lat="28.083526" lon="85.409167"><ele>4366.359</ele><time>2023-02-15T07:45:46Z</time></trkpt><trkpt lat="28.083574" lon="85.409185"><ele>4363.013</ele><time>2023-02-15T07:45:53Z</time></trkpt><trkpt lat="28.083617" lon="85.409202"><ele>4358.583</ele><time>2023-02-15T07:46:02Z</time></trkpt><trkpt lat="28.083649" lon="85.409160"><ele>4356.227</ele><time>2023-02-15T07:46:09Z</time></trkpt><trkpt lat="28.083672" lon="85.409108"><ele>4356.215</ele><time>2023-02-15T07:46:16Z</time></trkpt><trkpt lat="28.083680" lon="85.409050"><ele>4356.667</ele><time>2023-02-15T07:46:21Z</time></trkpt><trkpt lat="28.083687" lon="85.408995"><ele>4355.044</ele><time>2023-02-15T07:46:28Z</time></trkpt><trkpt lat="28.083719" lon="85.408952"><ele>4353.825</ele><time>2023-02-15T07:46:35Z</time></trkpt><trkpt lat="28.083762" lon="85.408915"><ele>4351.226</ele><time>2023-02-15T07:46:43Z</time></trkpt><trkpt lat="28.083789" lon="85.408865"><ele>4349.008</ele><time>2023-02-15T07:46:50Z</time></trkpt><trkpt lat="28.083826" lon="85.408822"><ele>4348.109</ele><time>2023-02-15T07:46:55Z</time></trkpt><trkpt lat="28.083859" lon="85.408785"><ele>4346.263</ele><time>2023-02-15T07:47:01Z</time></trkpt><trkpt lat="28.083892" lon="85.408748"><ele>4342.994</ele><time>2023-02-15T07:47:09Z</time></trkpt><trkpt lat="28.083934" lon="85.408710"><ele>4341.878</ele><time>2023-02-15T07:47:16Z</time></trkpt><trkpt lat="28.083962" lon="85.408658"><ele>4342.022</ele><time>2023-02-15T07:47:22Z</time></trkpt><trkpt lat="28.083972" lon="85.408606"><ele>4341.152</ele><time>2023-02-15T07:47:28Z</time></trkpt><trkpt lat="28.084007" lon="85.408561"><ele>4340.786</ele><time>2023-02-15T07:47:35Z</time></trkpt><trkpt lat="28.084034" lon="85.408516"><ele>4341.814</ele><time>2023-02-15T07:47:41Z</time></trkpt><trkpt lat="28.084052" lon="85.408459"><ele>4344.396</ele><time>2023-02-15T07:47:47Z</time></trkpt><trkpt lat="28.084032" lon="85.408411"><ele>4346.913</ele><time>2023-02-15T07:47:52Z</time></trkpt><trkpt lat="28.084015" lon="85.408361"><ele>4347.269</ele><time>2023-02-15T07:47:58Z</time></trkpt><trkpt lat="28.084007" lon="85.408309"><ele>4348.604</ele><time>2023-02-15T07:48:04Z</time></trkpt><trkpt lat="28.084004" lon="85.408256"><ele>4348.824</ele><time>2023-02-15T07:48:10Z</time></trkpt><trkpt lat="28.084017" lon="85.408171"><ele>4350.509</ele><time>2023-02-15T07:48:31Z</time></trkpt><trkpt lat="28.084040" lon="85.408113"><ele>4347.477</ele><time>2023-02-15T07:48:39Z</time></trkpt><trkpt lat="28.084058" lon="85.408058"><ele>4346.328</ele><time>2023-02-15T07:48:44Z</time></trkpt><trkpt lat="28.084068" lon="85.407996"><ele>4345.582</ele><time>2023-02-15T07:48:50Z</time></trkpt><trkpt lat="28.084088" lon="85.407943"><ele>4346.846</ele><time>2023-02-15T07:49:08Z</time></trkpt><trkpt lat="28.084088" lon="85.407881"><ele>4352.746</ele><time>2023-02-15T07:49:30Z</time></trkpt><trkpt lat="28.084108" lon="85.407834"><ele>4351.730</ele><time>2023-02-15T07:49:35Z</time></trkpt><trkpt lat="28.084125" lon="85.407774"><ele>4349.348</ele><time>2023-02-15T07:49:41Z</time></trkpt><trkpt lat="28.084133" lon="85.407721"><ele>4346.050</ele><time>2023-02-15T07:50:01Z</time></trkpt><trkpt lat="28.084155" lon="85.407671"><ele>4342.857</ele><time>2023-02-15T07:50:15Z</time></trkpt><trkpt lat="28.084170" lon="85.407609"><ele>4345.244</ele><time>2023-02-15T07:50:28Z</time></trkpt><trkpt lat="28.084150" lon="85.407557"><ele>4346.705</ele><time>2023-02-15T07:50:33Z</time></trkpt><trkpt lat="28.084163" lon="85.407504"><ele>4345.915</ele><time>2023-02-15T07:50:46Z</time></trkpt><trkpt lat="28.084170" lon="85.407452"><ele>4346.109</ele><time>2023-02-15T07:50:53Z</time></trkpt><trkpt lat="28.084157" lon="85.407394"><ele>4345.275</ele><time>2023-02-15T07:51:12Z</time></trkpt><trkpt lat="28.084172" lon="85.407342"><ele>4343.546</ele><time>2023-02-15T07:51:19Z</time></trkpt><trkpt lat="28.084170" lon="85.407289"><ele>4342.030</ele><time>2023-02-15T07:51:32Z</time></trkpt><trkpt lat="28.084213" lon="85.407202"><ele>4341.834</ele><time>2023-02-15T07:51:48Z</time></trkpt><trkpt lat="28.084245" lon="85.407165"><ele>4339.824</ele><time>2023-02-15T07:51:57Z</time></trkpt><trkpt lat="28.084262" lon="85.407117"><ele>4338.078</ele><time>2023-02-15T07:52:04Z</time></trkpt><trkpt lat="28.084289" lon="85.407074"><ele>4336.836</ele><time>2023-02-15T07:52:11Z</time></trkpt><trkpt lat="28.084317" lon="85.407011"><ele>4336.068</ele><time>2023-02-15T07:52:28Z</time></trkpt><trkpt lat="28.084330" lon="85.406958"><ele>4336.225</ele><time>2023-02-15T07:52:34Z</time></trkpt><trkpt lat="28.084342" lon="85.406908"><ele>4336.941</ele><time>2023-02-15T07:52:39Z</time></trkpt><trkpt lat="28.084349" lon="85.406856"><ele>4336.681</ele><time>2023-02-15T07:52:46Z</time></trkpt><trkpt lat="28.084379" lon="85.406814"><ele>4335.709</ele><time>2023-02-15T07:52:53Z</time></trkpt><trkpt lat="28.084419" lon="85.406762"><ele>4336.109</ele><time>2023-02-15T07:53:14Z</time></trkpt><trkpt lat="28.084436" lon="85.406712"><ele>4338.125</ele><time>2023-02-15T07:53:22Z</time></trkpt><trkpt lat="28.084461" lon="85.406622"><ele>4335.246</ele><time>2023-02-15T07:53:50Z</time></trkpt><trkpt lat="28.084504" lon="85.406540"><ele>4333.040</ele><time>2023-02-15T07:54:06Z</time></trkpt><trkpt lat="28.084537" lon="85.406497"><ele>4332.234</ele><time>2023-02-15T07:54:11Z</time></trkpt><trkpt lat="28.084577" lon="85.406460"><ele>4331.684</ele><time>2023-02-15T07:54:19Z</time></trkpt><trkpt lat="28.084629" lon="85.406382"><ele>4334.668</ele><time>2023-02-15T07:54:37Z</time></trkpt><trkpt lat="28.084602" lon="85.406280"><ele>4342.566</ele><time>2023-02-15T07:54:55Z</time></trkpt><trkpt lat="28.084659" lon="85.406218"><ele>4341.388</ele><time>2023-02-15T07:55:15Z</time></trkpt><trkpt lat="28.084687" lon="85.406175"><ele>4339.625</ele><time>2023-02-15T07:55:22Z</time></trkpt><trkpt lat="28.084719" lon="85.406132"><ele>4337.641</ele><time>2023-02-15T07:55:30Z</time></trkpt><trkpt lat="28.084776" lon="85.406057"><ele>4342.381</ele><time>2023-02-15T07:56:59Z</time></trkpt><trkpt lat="28.084763" lon="85.405995"><ele>4342.609</ele><time>2023-02-15T07:57:05Z</time></trkpt><trkpt lat="28.084743" lon="85.405945"><ele>4343.409</ele><time>2023-02-15T07:57:10Z</time></trkpt><trkpt lat="28.084731" lon="85.405887"><ele>4343.775</ele><time>2023-02-15T07:57:16Z</time></trkpt><trkpt lat="28.084713" lon="85.405837"><ele>4345.096</ele><time>2023-02-15T07:57:20Z</time></trkpt><trkpt lat="28.084593" lon="85.405754"><ele>4388.040</ele><time>2023-02-15T07:57:46Z</time></trkpt><trkpt lat="28.084640" lon="85.405772"><ele>4371.564</ele><time>2023-02-15T07:57:48Z</time></trkpt><trkpt lat="28.084682" lon="85.405747"><ele>4356.144</ele><time>2023-02-15T07:57:55Z</time></trkpt><trkpt lat="28.084667" lon="85.405692"><ele>4340.088</ele><time>2023-02-15T07:58:20Z</time></trkpt><trkpt lat="28.084642" lon="85.405642"><ele>4339.976</ele><time>2023-02-15T07:58:25Z</time></trkpt><trkpt lat="28.084634" lon="85.405584"><ele>4340.158</ele><time>2023-02-15T07:58:30Z</time></trkpt><trkpt lat="28.084624" lon="85.405531"><ele>4345.145</ele><time>2023-02-15T07:58:40Z</time></trkpt><trkpt lat="28.084637" lon="85.405476"><ele>4343.247</ele><time>2023-02-15T07:58:44Z</time></trkpt><trkpt lat="28.084637" lon="85.405421"><ele>4341.029</ele><time>2023-02-15T07:58:48Z</time></trkpt><trkpt lat="28.084629" lon="85.405368"><ele>4339.621</ele><time>2023-02-15T07:58:52Z</time></trkpt><trkpt lat="28.084629" lon="85.405315"><ele>4335.709</ele><time>2023-02-15T07:58:58Z</time></trkpt><trkpt lat="28.084619" lon="85.405255"><ele>4336.275</ele><time>2023-02-15T07:59:02Z</time></trkpt><trkpt lat="28.084587" lon="85.405208"><ele>4334.756</ele><time>2023-02-15T07:59:07Z</time></trkpt><trkpt lat="28.084575" lon="85.405156"><ele>4333.860</ele><time>2023-02-15T07:59:11Z</time></trkpt><trkpt lat="28.084563" lon="85.405096"><ele>4333.374</ele><time>2023-02-15T07:59:16Z</time></trkpt><trkpt lat="28.084548" lon="85.405041"><ele>4332.194</ele><time>2023-02-15T07:59:20Z</time></trkpt><trkpt lat="28.084563" lon="85.404988"><ele>4330.118</ele><time>2023-02-15T07:59:25Z</time></trkpt><trkpt lat="28.084570" lon="85.404931"><ele>4328.986</ele><time>2023-02-15T07:59:30Z</time></trkpt><trkpt lat="28.084568" lon="85.404874"><ele>4327.388</ele><time>2023-02-15T07:59:35Z</time></trkpt><trkpt lat="28.084576" lon="85.404816"><ele>4325.745</ele><time>2023-02-15T07:59:40Z</time></trkpt><trkpt lat="28.084581" lon="85.404761"><ele>4325.574</ele><time>2023-02-15T07:59:44Z</time></trkpt><trkpt lat="28.084599" lon="85.404711"><ele>4325.156</ele><time>2023-02-15T07:59:48Z</time></trkpt><trkpt lat="28.084622" lon="85.404663"><ele>4324.021</ele><time>2023-02-15T07:59:52Z</time></trkpt><trkpt lat="28.084647" lon="85.404610"><ele>4323.909</ele><time>2023-02-15T07:59:56Z</time></trkpt><trkpt lat="28.084669" lon="85.404562"><ele>4322.968</ele><time>2023-02-15T08:00:01Z</time></trkpt><trkpt lat="28.084682" lon="85.404510"><ele>4322.839</ele><time>2023-02-15T08:00:05Z</time></trkpt><trkpt lat="28.084699" lon="85.404452"><ele>4322.823</ele><time>2023-02-15T08:00:10Z</time></trkpt><trkpt lat="28.084724" lon="85.404399"><ele>4322.087</ele><time>2023-02-15T08:00:14Z</time></trkpt><trkpt lat="28.084729" lon="85.404342"><ele>4321.417</ele><time>2023-02-15T08:00:18Z</time></trkpt><trkpt lat="28.084747" lon="85.404287"><ele>4319.961</ele><time>2023-02-15T08:00:23Z</time></trkpt><trkpt lat="28.084765" lon="85.404232"><ele>4319.479</ele><time>2023-02-15T08:00:27Z</time></trkpt><trkpt lat="28.084780" lon="85.404182"><ele>4318.031</ele><time>2023-02-15T08:00:31Z</time></trkpt><trkpt lat="28.084797" lon="85.404122"><ele>4317.788</ele><time>2023-02-15T08:00:35Z</time></trkpt><trkpt lat="28.084815" lon="85.404067"><ele>4318.335</ele><time>2023-02-15T08:00:39Z</time></trkpt><trkpt lat="28.084840" lon="85.404010"><ele>4319.386</ele><time>2023-02-15T08:00:43Z</time></trkpt><trkpt lat="28.084865" lon="85.403963"><ele>4319.114</ele><time>2023-02-15T08:00:47Z</time></trkpt><trkpt lat="28.084888" lon="85.403913"><ele>4318.909</ele><time>2023-02-15T08:00:51Z</time></trkpt><trkpt lat="28.084920" lon="85.403870"><ele>4318.424</ele><time>2023-02-15T08:00:55Z</time></trkpt><trkpt lat="28.084958" lon="85.403835"><ele>4317.575</ele><time>2023-02-15T08:00:59Z</time></trkpt><trkpt lat="28.084980" lon="85.403777"><ele>4317.319</ele><time>2023-02-15T08:01:04Z</time></trkpt><trkpt lat="28.084993" lon="85.403720"><ele>4318.683</ele><time>2023-02-15T08:01:07Z</time></trkpt><trkpt lat="28.085001" lon="85.403663"><ele>4321.063</ele><time>2023-02-15T08:01:10Z</time></trkpt><trkpt lat="28.085021" lon="85.403603"><ele>4321.347</ele><time>2023-02-15T08:01:15Z</time></trkpt><trkpt lat="28.085053" lon="85.403548"><ele>4321.415</ele><time>2023-02-15T08:01:19Z</time></trkpt><trkpt lat="28.085068" lon="85.403493"><ele>4322.097</ele><time>2023-02-15T08:01:23Z</time></trkpt><trkpt lat="28.085066" lon="85.403435"><ele>4322.994</ele><time>2023-02-15T08:01:27Z</time></trkpt><trkpt lat="28.085084" lon="85.403378"><ele>4321.945</ele><time>2023-02-15T08:01:32Z</time></trkpt><trkpt lat="28.085111" lon="85.403331"><ele>4321.347</ele><time>2023-02-15T08:01:36Z</time></trkpt><trkpt lat="28.085116" lon="85.403278"><ele>4319.511</ele><time>2023-02-15T08:01:43Z</time></trkpt><trkpt lat="28.085109" lon="85.403220"><ele>4318.609</ele><time>2023-02-15T08:01:48Z</time></trkpt><trkpt lat="28.085114" lon="85.403157"><ele>4318.385</ele><time>2023-02-15T08:01:54Z</time></trkpt><trkpt lat="28.085121" lon="85.403102"><ele>4318.986</ele><time>2023-02-15T08:01:59Z</time></trkpt><trkpt lat="28.085116" lon="85.403042"><ele>4319.480</ele><time>2023-02-15T08:02:04Z</time></trkpt><trkpt lat="28.085119" lon="85.402990"><ele>4317.964</ele><time>2023-02-15T08:02:10Z</time></trkpt><trkpt lat="28.085131" lon="85.402932"><ele>4314.754</ele><time>2023-02-15T08:02:16Z</time></trkpt><trkpt lat="28.085139" lon="85.402880"><ele>4313.588</ele><time>2023-02-15T08:02:20Z</time></trkpt><trkpt lat="28.085141" lon="85.402828"><ele>4314.686</ele><time>2023-02-15T08:02:23Z</time></trkpt><trkpt lat="28.085129" lon="85.402776"><ele>4315.558</ele><time>2023-02-15T08:02:26Z</time></trkpt><trkpt lat="28.085116" lon="85.402723"><ele>4316.535</ele><time>2023-02-15T08:02:30Z</time></trkpt><trkpt lat="28.085084" lon="85.402626"><ele>4322.796</ele><time>2023-02-15T08:03:10Z</time></trkpt><trkpt lat="28.085051" lon="85.402579"><ele>4321.531</ele><time>2023-02-15T08:03:14Z</time></trkpt><trkpt lat="28.085033" lon="85.402522"><ele>4319.124</ele><time>2023-02-15T08:03:19Z</time></trkpt><trkpt lat="28.085023" lon="85.402465"><ele>4316.509</ele><time>2023-02-15T08:03:24Z</time></trkpt><trkpt lat="28.085006" lon="85.402417"><ele>4315.730</ele><time>2023-02-15T08:03:28Z</time></trkpt><trkpt lat="28.085003" lon="85.402362"><ele>4313.021</ele><time>2023-02-15T08:03:36Z</time></trkpt><trkpt lat="28.085001" lon="85.402309"><ele>4311.785</ele><time>2023-02-15T08:03:41Z</time></trkpt><trkpt lat="28.084991" lon="85.402246"><ele>4311.819</ele><time>2023-02-15T08:03:45Z</time></trkpt><trkpt lat="28.084979" lon="85.402196"><ele>4313.469</ele><time>2023-02-15T08:03:48Z</time></trkpt><trkpt lat="28.084976" lon="85.402144"><ele>4313.833</ele><time>2023-02-15T08:03:52Z</time></trkpt><trkpt lat="28.084976" lon="85.402089"><ele>4314.271</ele><time>2023-02-15T08:03:56Z</time></trkpt><trkpt lat="28.084968" lon="85.402034"><ele>4313.383</ele><time>2023-02-15T08:04:01Z</time></trkpt><trkpt lat="28.084951" lon="85.401982"><ele>4313.130</ele><time>2023-02-15T08:04:06Z</time></trkpt><trkpt lat="28.084941" lon="85.401927"><ele>4311.785</ele><time>2023-02-15T08:04:10Z</time></trkpt><trkpt lat="28.084929" lon="85.401867"><ele>4310.389</ele><time>2023-02-15T08:04:14Z</time></trkpt><trkpt lat="28.084917" lon="85.401810"><ele>4309.217</ele><time>2023-02-15T08:04:18Z</time></trkpt><trkpt lat="28.084912" lon="85.401757"><ele>4307.909</ele><time>2023-02-15T08:04:22Z</time></trkpt><trkpt lat="28.084905" lon="85.401695"><ele>4308.779</ele><time>2023-02-15T08:04:26Z</time></trkpt><trkpt lat="28.084895" lon="85.401640"><ele>4309.590</ele><time>2023-02-15T08:04:30Z</time></trkpt><trkpt lat="28.084890" lon="85.401587"><ele>4309.384</ele><time>2023-02-15T08:04:34Z</time></trkpt><trkpt lat="28.084888" lon="85.401534"><ele>4307.868</ele><time>2023-02-15T08:04:38Z</time></trkpt><trkpt lat="28.084901" lon="85.401482"><ele>4306.278</ele><time>2023-02-15T08:04:43Z</time></trkpt><trkpt lat="28.084913" lon="85.401420"><ele>4304.632</ele><time>2023-02-15T08:04:48Z</time></trkpt><trkpt lat="28.084925" lon="85.401368"><ele>4304.150</ele><time>2023-02-15T08:04:51Z</time></trkpt><trkpt lat="28.084933" lon="85.401306"><ele>4304.642</ele><time>2023-02-15T08:04:56Z</time></trkpt><trkpt lat="28.084956" lon="85.401243"><ele>4305.839</ele><time>2023-02-15T08:05:00Z</time></trkpt><trkpt lat="28.084973" lon="85.401195"><ele>4307.787</ele><time>2023-02-15T08:05:03Z</time></trkpt><trkpt lat="28.084990" lon="85.401145"><ele>4308.242</ele><time>2023-02-15T08:05:09Z</time></trkpt><trkpt lat="28.084983" lon="85.401093"><ele>4308.726</ele><time>2023-02-15T08:05:17Z</time></trkpt><trkpt lat="28.084945" lon="85.401055"><ele>4309.109</ele><time>2023-02-15T08:05:23Z</time></trkpt><trkpt lat="28.084905" lon="85.401023"><ele>4308.539</ele><time>2023-02-15T08:05:29Z</time></trkpt><trkpt lat="28.084857" lon="85.401013"><ele>4309.890</ele><time>2023-02-15T08:05:34Z</time></trkpt><trkpt lat="28.084807" lon="85.401001"><ele>4309.774</ele><time>2023-02-15T08:05:53Z</time></trkpt><trkpt lat="28.084792" lon="85.400953"><ele>4308.738</ele><time>2023-02-15T08:05:59Z</time></trkpt><trkpt lat="28.084767" lon="85.400905"><ele>4309.268</ele><time>2023-02-15T08:06:04Z</time></trkpt><trkpt lat="28.084742" lon="85.400858"><ele>4309.172</ele><time>2023-02-15T08:06:10Z</time></trkpt><trkpt lat="28.084744" lon="85.400805"><ele>4307.410</ele><time>2023-02-15T08:06:18Z</time></trkpt><trkpt lat="28.084751" lon="85.400752"><ele>4307.522</ele><time>2023-02-15T08:06:35Z</time></trkpt><trkpt lat="28.084764" lon="85.400672"><ele>4309.699</ele><time>2023-02-15T08:07:06Z</time></trkpt><trkpt lat="28.084764" lon="85.400617"><ele>4309.963</ele><time>2023-02-15T08:07:12Z</time></trkpt><trkpt lat="28.084764" lon="85.400564"><ele>4310.344</ele><time>2023-02-15T08:07:19Z</time></trkpt><trkpt lat="28.084757" lon="85.400509"><ele>4311.818</ele><time>2023-02-15T08:07:26Z</time></trkpt><trkpt lat="28.084687" lon="85.400394"><ele>4320.609</ele><time>2023-02-15T08:08:17Z</time></trkpt><trkpt lat="28.084692" lon="85.400336"><ele>4326.287</ele><time>2023-02-15T08:08:57Z</time></trkpt><trkpt lat="28.084687" lon="85.400283"><ele>4326.348</ele><time>2023-02-15T08:09:04Z</time></trkpt><trkpt lat="28.084655" lon="85.400245"><ele>4327.772</ele><time>2023-02-15T08:09:11Z</time></trkpt><trkpt lat="28.084633" lon="85.400200"><ele>4328.776</ele><time>2023-02-15T08:09:17Z</time></trkpt><trkpt lat="28.084593" lon="85.400172"><ele>4330.086</ele><time>2023-02-15T08:09:25Z</time></trkpt><trkpt lat="28.084623" lon="85.400224"><ele>4337.730</ele><time>2023-02-15T08:09:55Z</time></trkpt><trkpt lat="28.084585" lon="85.400316"><ele>4367.618</ele><time>2023-02-15T08:09:58Z</time></trkpt><trkpt lat="28.084605" lon="85.400261"><ele>4353.760</ele><time>2023-02-15T08:10:00Z</time></trkpt><trkpt lat="28.084623" lon="85.400206"><ele>4342.147</ele><time>2023-02-15T08:10:03Z</time></trkpt><trkpt lat="28.084671" lon="85.400228"><ele>4341.836</ele><time>2023-02-15T08:10:26Z</time></trkpt><trkpt lat="28.084716" lon="85.400235"><ele>4339.517</ele><time>2023-02-15T08:10:54Z</time></trkpt><trkpt lat="28.084689" lon="85.400190"><ele>4342.018</ele><time>2023-02-15T08:11:05Z</time></trkpt><trkpt lat="28.084654" lon="85.400157"><ele>4343.209</ele><time>2023-02-15T08:11:12Z</time></trkpt><trkpt lat="28.084614" lon="85.400134"><ele>4344.094</ele><time>2023-02-15T08:11:21Z</time></trkpt><trkpt lat="28.084579" lon="85.400101"><ele>4345.745</ele><time>2023-02-15T08:11:28Z</time></trkpt><trkpt lat="28.084529" lon="85.400114"><ele>4343.439</ele><time>2023-02-15T08:11:52Z</time></trkpt><trkpt lat="28.084529" lon="85.400062"><ele>4340.753</ele><time>2023-02-15T08:12:24Z</time></trkpt><trkpt lat="28.084517" lon="85.400009"><ele>4338.913</ele><time>2023-02-15T08:12:30Z</time></trkpt><trkpt lat="28.084542" lon="85.399966"><ele>4337.987</ele><time>2023-02-15T08:12:37Z</time></trkpt><trkpt lat="28.084502" lon="85.399943"><ele>4337.885</ele><time>2023-02-15T08:12:45Z</time></trkpt><trkpt lat="28.084537" lon="85.399900"><ele>4329.547</ele><time>2023-02-15T08:13:04Z</time></trkpt><trkpt lat="28.084569" lon="85.399853"><ele>4328.074</ele><time>2023-02-15T08:13:10Z</time></trkpt><trkpt lat="28.084594" lon="85.399810"><ele>4326.821</ele><time>2023-02-15T08:13:15Z</time></trkpt><trkpt lat="28.084627" lon="85.399767"><ele>4326.241</ele><time>2023-02-15T08:13:22Z</time></trkpt><trkpt lat="28.084637" lon="85.399710"><ele>4326.405</ele><time>2023-02-15T08:13:29Z</time></trkpt><trkpt lat="28.084654" lon="85.399657"><ele>4325.709</ele><time>2023-02-15T08:13:34Z</time></trkpt><trkpt lat="28.084679" lon="85.399605"><ele>4324.093</ele><time>2023-02-15T08:13:40Z</time></trkpt><trkpt lat="28.084692" lon="85.399553"><ele>4323.074</ele><time>2023-02-15T08:13:45Z</time></trkpt><trkpt lat="28.084700" lon="85.399493"><ele>4321.218</ele><time>2023-02-15T08:13:52Z</time></trkpt><trkpt lat="28.084702" lon="85.399441"><ele>4319.482</ele><time>2023-02-15T08:13:58Z</time></trkpt><trkpt lat="28.084692" lon="85.399386"><ele>4319.512</ele><time>2023-02-15T08:14:02Z</time></trkpt><trkpt lat="28.084669" lon="85.399339"><ele>4320.646</ele><time>2023-02-15T08:14:06Z</time></trkpt><trkpt lat="28.084667" lon="85.399287"><ele>4321.144</ele><time>2023-02-15T08:14:13Z</time></trkpt><trkpt lat="28.084664" lon="85.399234"><ele>4321.666</ele><time>2023-02-15T08:14:20Z</time></trkpt><trkpt lat="28.084626" lon="85.399196"><ele>4318.393</ele><time>2023-02-15T08:14:27Z</time></trkpt><trkpt lat="28.084619" lon="85.399144"><ele>4314.993</ele><time>2023-02-15T08:14:34Z</time></trkpt><trkpt lat="28.084606" lon="85.399092"><ele>4314.465</ele><time>2023-02-15T08:14:43Z</time></trkpt><trkpt lat="28.084611" lon="85.399040"><ele>4314.421</ele><time>2023-02-15T08:14:49Z</time></trkpt><trkpt lat="28.084629" lon="85.398993"><ele>4314.409</ele><time>2023-02-15T08:14:55Z</time></trkpt><trkpt lat="28.084631" lon="85.398941"><ele>4312.780</ele><time>2023-02-15T08:15:02Z</time></trkpt><trkpt lat="28.084594" lon="85.398908"><ele>4310.821</ele><time>2023-02-15T08:15:08Z</time></trkpt><trkpt lat="28.084549" lon="85.398893"><ele>4309.795</ele><time>2023-02-15T08:15:13Z</time></trkpt><trkpt lat="28.084512" lon="85.398856"><ele>4308.639</ele><time>2023-02-15T08:15:18Z</time></trkpt><trkpt lat="28.084469" lon="85.398816"><ele>4310.719</ele><time>2023-02-15T08:15:22Z</time></trkpt><trkpt lat="28.084424" lon="85.398808"><ele>4312.163</ele><time>2023-02-15T08:15:25Z</time></trkpt><trkpt lat="28.084382" lon="85.398788"><ele>4312.121</ele><time>2023-02-15T08:15:29Z</time></trkpt><trkpt lat="28.084369" lon="85.398735"><ele>4309.123</ele><time>2023-02-15T08:15:39Z</time></trkpt><trkpt lat="28.084324" lon="85.398710"><ele>4308.610</ele><time>2023-02-15T08:15:44Z</time></trkpt><trkpt lat="28.084266" lon="85.398713"><ele>4309.946</ele><time>2023-02-15T08:15:49Z</time></trkpt><trkpt lat="28.084218" lon="85.398698"><ele>4309.188</ele><time>2023-02-15T08:15:54Z</time></trkpt><trkpt lat="28.084190" lon="85.398651"><ele>4306.116</ele><time>2023-02-15T08:16:00Z</time></trkpt><trkpt lat="28.084150" lon="85.398628"><ele>4303.809</ele><time>2023-02-15T08:16:08Z</time></trkpt><trkpt lat="28.084103" lon="85.398611"><ele>4303.425</ele><time>2023-02-15T08:16:23Z</time></trkpt><trkpt lat="28.084070" lon="85.398573"><ele>4305.936</ele><time>2023-02-15T08:16:56Z</time></trkpt><trkpt lat="28.084028" lon="85.398533"><ele>4306.750</ele><time>2023-02-15T08:17:06Z</time></trkpt><trkpt lat="28.083991" lon="85.398501"><ele>4308.494</ele><time>2023-02-15T08:17:10Z</time></trkpt><trkpt lat="28.083938" lon="85.398493"><ele>4310.784</ele><time>2023-02-15T08:17:15Z</time></trkpt><trkpt lat="28.083896" lon="85.398460"><ele>4310.598</ele><time>2023-02-15T08:17:20Z</time></trkpt><trkpt lat="28.083878" lon="85.398405"><ele>4308.616</ele><time>2023-02-15T08:17:29Z</time></trkpt><trkpt lat="28.083858" lon="85.398352"><ele>4303.998</ele><time>2023-02-15T08:17:35Z</time></trkpt><trkpt lat="28.083830" lon="85.398302"><ele>4300.055</ele><time>2023-02-15T08:17:40Z</time></trkpt><trkpt lat="28.083842" lon="85.398245"><ele>4297.563</ele><time>2023-02-15T08:17:47Z</time></trkpt><trkpt lat="28.083855" lon="85.398192"><ele>4296.744</ele><time>2023-02-15T08:17:54Z</time></trkpt><trkpt lat="28.083878" lon="85.398137"><ele>4296.318</ele><time>2023-02-15T08:18:00Z</time></trkpt><trkpt lat="28.083895" lon="85.398080"><ele>4296.009</ele><time>2023-02-15T08:18:05Z</time></trkpt><trkpt lat="28.083905" lon="85.398030"><ele>4296.127</ele><time>2023-02-15T08:18:10Z</time></trkpt><trkpt lat="28.083918" lon="85.397977"><ele>4296.888</ele><time>2023-02-15T08:18:17Z</time></trkpt><trkpt lat="28.083935" lon="85.397925"><ele>4297.482</ele><time>2023-02-15T08:18:22Z</time></trkpt><trkpt lat="28.083953" lon="85.397872"><ele>4298.626</ele><time>2023-02-15T08:18:26Z</time></trkpt><trkpt lat="28.083971" lon="85.397822"><ele>4299.466</ele><time>2023-02-15T08:18:30Z</time></trkpt><trkpt lat="28.084023" lon="85.397794"><ele>4288.740</ele><time>2023-02-15T08:18:54Z</time></trkpt><trkpt lat="28.084060" lon="85.397751"><ele>4283.768</ele><time>2023-02-15T08:19:05Z</time></trkpt><trkpt lat="28.084097" lon="85.397711"><ele>4281.560</ele><time>2023-02-15T08:19:14Z</time></trkpt><trkpt lat="28.084132" lon="85.397668"><ele>4281.757</ele><time>2023-02-15T08:19:20Z</time></trkpt><trkpt lat="28.084160" lon="85.397625"><ele>4281.425</ele><time>2023-02-15T08:19:26Z</time></trkpt><trkpt lat="28.084203" lon="85.397597"><ele>4281.426</ele><time>2023-02-15T08:19:32Z</time></trkpt><trkpt lat="28.084248" lon="85.397564"><ele>4280.508</ele><time>2023-02-15T08:19:37Z</time></trkpt><trkpt lat="28.084275" lon="85.397514"><ele>4279.809</ele><time>2023-02-15T08:19:45Z</time></trkpt><trkpt lat="28.084300" lon="85.397467"><ele>4279.093</ele><time>2023-02-15T08:19:51Z</time></trkpt><trkpt lat="28.084310" lon="85.397414"><ele>4278.944</ele><time>2023-02-15T08:19:55Z</time></trkpt><trkpt lat="28.084308" lon="85.397349"><ele>4279.558</ele><time>2023-02-15T08:20:00Z</time></trkpt><trkpt lat="28.084328" lon="85.397296"><ele>4280.372</ele><time>2023-02-15T08:20:07Z</time></trkpt><trkpt lat="28.084373" lon="85.397274"><ele>4279.542</ele><time>2023-02-15T08:20:12Z</time></trkpt><trkpt lat="28.084418" lon="85.397246"><ele>4278.256</ele><time>2023-02-15T08:20:18Z</time></trkpt><trkpt lat="28.084463" lon="85.397203"><ele>4278.794</ele><time>2023-02-15T08:20:29Z</time></trkpt><trkpt lat="28.084501" lon="85.397166"><ele>4276.896</ele><time>2023-02-15T08:20:36Z</time></trkpt><trkpt lat="28.084541" lon="85.397138"><ele>4273.523</ele><time>2023-02-15T08:20:42Z</time></trkpt><trkpt lat="28.084579" lon="85.397108"><ele>4271.192</ele><time>2023-02-15T08:20:48Z</time></trkpt><trkpt lat="28.084622" lon="85.397141"><ele>4271.973</ele><time>2023-02-15T08:20:59Z</time></trkpt><trkpt lat="28.084667" lon="85.397168"><ele>4274.320</ele><time>2023-02-15T08:21:04Z</time></trkpt><trkpt lat="28.084719" lon="85.397181"><ele>4276.009</ele><time>2023-02-15T08:21:09Z</time></trkpt><trkpt lat="28.084766" lon="85.397169"><ele>4275.440</ele><time>2023-02-15T08:21:12Z</time></trkpt><trkpt lat="28.084816" lon="85.397146"><ele>4275.831</ele><time>2023-02-15T08:21:16Z</time></trkpt><trkpt lat="28.084856" lon="85.397113"><ele>4276.265</ele><time>2023-02-15T08:21:20Z</time></trkpt><trkpt lat="28.084894" lon="85.397068"><ele>4275.669</ele><time>2023-02-15T08:21:25Z</time></trkpt><trkpt lat="28.084921" lon="85.397016"><ele>4275.849</ele><time>2023-02-15T08:21:29Z</time></trkpt><trkpt lat="28.084949" lon="85.396964"><ele>4274.273</ele><time>2023-02-15T08:21:33Z</time></trkpt><trkpt lat="28.084969" lon="85.396906"><ele>4271.761</ele><time>2023-02-15T08:21:38Z</time></trkpt><trkpt lat="28.084984" lon="85.396849"><ele>4270.433</ele><time>2023-02-15T08:21:43Z</time></trkpt><trkpt lat="28.085021" lon="85.396812"><ele>4273.670</ele><time>2023-02-15T08:21:49Z</time></trkpt><trkpt lat="28.085068" lon="85.396794"><ele>4275.875</ele><time>2023-02-15T08:21:54Z</time></trkpt><trkpt lat="28.085110" lon="85.396767"><ele>4276.128</ele><time>2023-02-15T08:21:58Z</time></trkpt><trkpt lat="28.085140" lon="85.396714"><ele>4276.020</ele><time>2023-02-15T08:22:03Z</time></trkpt><trkpt lat="28.085168" lon="85.396672"><ele>4276.109</ele><time>2023-02-15T08:22:07Z</time></trkpt><trkpt lat="28.085191" lon="85.396624"><ele>4278.138</ele><time>2023-02-15T08:22:11Z</time></trkpt><trkpt lat="28.085241" lon="85.396596"><ele>4280.449</ele><time>2023-02-15T08:22:17Z</time></trkpt><trkpt lat="28.085288" lon="85.396594"><ele>4283.153</ele><time>2023-02-15T08:22:24Z</time></trkpt><trkpt lat="28.085331" lon="85.396549"><ele>4285.277</ele><time>2023-02-15T08:22:32Z</time></trkpt><trkpt lat="28.085341" lon="85.396496"><ele>4285.717</ele><time>2023-02-15T08:22:36Z</time></trkpt><trkpt lat="28.085391" lon="85.396471"><ele>4286.881</ele><time>2023-02-15T08:22:44Z</time></trkpt><trkpt lat="28.085439" lon="85.396453"><ele>4286.389</ele><time>2023-02-15T08:22:49Z</time></trkpt><trkpt lat="28.085479" lon="85.396413"><ele>4286.611</ele><time>2023-02-15T08:22:55Z</time></trkpt><trkpt lat="28.085511" lon="85.396376"><ele>4286.348</ele><time>2023-02-15T08:23:04Z</time></trkpt><trkpt lat="28.085521" lon="85.396324"><ele>4287.673</ele><time>2023-02-15T08:23:09Z</time></trkpt><trkpt lat="28.085513" lon="85.396271"><ele>4290.285</ele><time>2023-02-15T08:23:15Z</time></trkpt><trkpt lat="28.085493" lon="85.396223"><ele>4291.713</ele><time>2023-02-15T08:23:21Z</time></trkpt><trkpt lat="28.085511" lon="85.396173"><ele>4288.109</ele><time>2023-02-15T08:23:28Z</time></trkpt><trkpt lat="28.085518" lon="85.396121"><ele>4286.718</ele><time>2023-02-15T08:23:34Z</time></trkpt><trkpt lat="28.085546" lon="85.396079"><ele>4284.739</ele><time>2023-02-15T08:23:40Z</time></trkpt><trkpt lat="28.085584" lon="85.396051"><ele>4282.433</ele><time>2023-02-15T08:23:45Z</time></trkpt><trkpt lat="28.085626" lon="85.396016"><ele>4282.657</ele><time>2023-02-15T08:23:50Z</time></trkpt><trkpt lat="28.085673" lon="85.395984"><ele>4281.937</ele><time>2023-02-15T08:23:55Z</time></trkpt><trkpt lat="28.085693" lon="85.395936"><ele>4281.641</ele><time>2023-02-15T08:23:59Z</time></trkpt><trkpt lat="28.085730" lon="85.395896"><ele>4279.049</ele><time>2023-02-15T08:24:05Z</time></trkpt><trkpt lat="28.085770" lon="85.395864"><ele>4276.561</ele><time>2023-02-15T08:24:10Z</time></trkpt><trkpt lat="28.085790" lon="85.395804"><ele>4274.648</ele><time>2023-02-15T08:24:16Z</time></trkpt><trkpt lat="28.085818" lon="85.395762"><ele>4274.059</ele><time>2023-02-15T08:24:20Z</time></trkpt><trkpt lat="28.085855" lon="85.395729"><ele>4270.703</ele><time>2023-02-15T08:24:28Z</time></trkpt><trkpt lat="28.085892" lon="85.395692"><ele>4270.223</ele><time>2023-02-15T08:24:35Z</time></trkpt><trkpt lat="28.085935" lon="85.395670"><ele>4269.309</ele><time>2023-02-15T08:24:40Z</time></trkpt><trkpt lat="28.085965" lon="85.395632"><ele>4269.776</ele><time>2023-02-15T08:24:43Z</time></trkpt><trkpt lat="28.086003" lon="85.395592"><ele>4269.027</ele><time>2023-02-15T08:24:48Z</time></trkpt><trkpt lat="28.086043" lon="85.395560"><ele>4265.841</ele><time>2023-02-15T08:24:53Z</time></trkpt><trkpt lat="28.086070" lon="85.395510"><ele>4264.275</ele><time>2023-02-15T08:24:58Z</time></trkpt><trkpt lat="28.086100" lon="85.395462"><ele>4264.745</ele><time>2023-02-15T08:25:02Z</time></trkpt><trkpt lat="28.086123" lon="85.395409"><ele>4263.239</ele><time>2023-02-15T08:25:07Z</time></trkpt><trkpt lat="28.086151" lon="85.395367"><ele>4259.697</ele><time>2023-02-15T08:25:12Z</time></trkpt><trkpt lat="28.086174" lon="85.395314"><ele>4260.119</ele><time>2023-02-15T08:25:17Z</time></trkpt><trkpt lat="28.086179" lon="85.395256"><ele>4261.716</ele><time>2023-02-15T08:25:22Z</time></trkpt><trkpt lat="28.086161" lon="85.395198"><ele>4261.934</ele><time>2023-02-15T08:25:29Z</time></trkpt><trkpt lat="28.086146" lon="85.395141"><ele>4262.155</ele><time>2023-02-15T08:25:34Z</time></trkpt><trkpt lat="28.086126" lon="85.395086"><ele>4261.810</ele><time>2023-02-15T08:25:39Z</time></trkpt><trkpt lat="28.086086" lon="85.395041"><ele>4261.109</ele><time>2023-02-15T08:25:44Z</time></trkpt><trkpt lat="28.086079" lon="85.394989"><ele>4259.274</ele><time>2023-02-15T08:25:48Z</time></trkpt><trkpt lat="28.086069" lon="85.394927"><ele>4258.215</ele><time>2023-02-15T08:25:53Z</time></trkpt><trkpt lat="28.086049" lon="85.394875"><ele>4257.969</ele><time>2023-02-15T08:25:57Z</time></trkpt><trkpt lat="28.086064" lon="85.394820"><ele>4254.763</ele><time>2023-02-15T08:26:04Z</time></trkpt><trkpt lat="28.086086" lon="85.394773"><ele>4250.393</ele><time>2023-02-15T08:26:11Z</time></trkpt><trkpt lat="28.086113" lon="85.394728"><ele>4248.967</ele><time>2023-02-15T08:26:20Z</time></trkpt><trkpt lat="28.086136" lon="85.394680"><ele>4250.595</ele><time>2023-02-15T08:26:27Z</time></trkpt><trkpt lat="28.086151" lon="85.394627"><ele>4252.347</ele><time>2023-02-15T08:26:32Z</time></trkpt><trkpt lat="28.086156" lon="85.394572"><ele>4253.934</ele><time>2023-02-15T08:26:38Z</time></trkpt><trkpt lat="28.086176" lon="85.394517"><ele>4253.587</ele><time>2023-02-15T08:26:44Z</time></trkpt><trkpt lat="28.086169" lon="85.394462"><ele>4255.042</ele><time>2023-02-15T08:26:49Z</time></trkpt><trkpt lat="28.086186" lon="85.394409"><ele>4254.126</ele><time>2023-02-15T08:26:55Z</time></trkpt><trkpt lat="28.086198" lon="85.394356"><ele>4248.309</ele><time>2023-02-15T08:27:02Z</time></trkpt><trkpt lat="28.086235" lon="85.394319"><ele>4246.249</ele><time>2023-02-15T08:27:07Z</time></trkpt><trkpt lat="28.086265" lon="85.394277"><ele>4242.590</ele><time>2023-02-15T08:27:15Z</time></trkpt><trkpt lat="28.086288" lon="85.394215"><ele>4241.034</ele><time>2023-02-15T08:27:22Z</time></trkpt><trkpt lat="28.086296" lon="85.394162"><ele>4241.938</ele><time>2023-02-15T08:27:26Z</time></trkpt><trkpt lat="28.086296" lon="85.394107"><ele>4243.058</ele><time>2023-02-15T08:27:32Z</time></trkpt><trkpt lat="28.086298" lon="85.394052"><ele>4243.262</ele><time>2023-02-15T08:27:37Z</time></trkpt><trkpt lat="28.086295" lon="85.393995"><ele>4243.860</ele><time>2023-02-15T08:27:41Z</time></trkpt><trkpt lat="28.086298" lon="85.393942"><ele>4242.112</ele><time>2023-02-15T08:27:47Z</time></trkpt><trkpt lat="28.086310" lon="85.393892"><ele>4240.239</ele><time>2023-02-15T08:27:51Z</time></trkpt><trkpt lat="28.086325" lon="85.393840"><ele>4234.566</ele><time>2023-02-15T08:27:57Z</time></trkpt><trkpt lat="28.086335" lon="85.393780"><ele>4234.829</ele><time>2023-02-15T08:28:02Z</time></trkpt><trkpt lat="28.086328" lon="85.393727"><ele>4232.421</ele><time>2023-02-15T08:28:07Z</time></trkpt><trkpt lat="28.086318" lon="85.393669"><ele>4231.609</ele><time>2023-02-15T08:28:12Z</time></trkpt><trkpt lat="28.086310" lon="85.393616"><ele>4230.067</ele><time>2023-02-15T08:28:17Z</time></trkpt><trkpt lat="28.086300" lon="85.393558"><ele>4229.458</ele><time>2023-02-15T08:28:22Z</time></trkpt><trkpt lat="28.086292" lon="85.393503"><ele>4229.012</ele><time>2023-02-15T08:28:27Z</time></trkpt><trkpt lat="28.086307" lon="85.393450"><ele>4228.096</ele><time>2023-02-15T08:28:32Z</time></trkpt><trkpt lat="28.086329" lon="85.393392"><ele>4227.356</ele><time>2023-02-15T08:28:37Z</time></trkpt><trkpt lat="28.086351" lon="85.393344"><ele>4226.280</ele><time>2023-02-15T08:28:42Z</time></trkpt><trkpt lat="28.086379" lon="85.393289"><ele>4226.488</ele><time>2023-02-15T08:28:47Z</time></trkpt><trkpt lat="28.086404" lon="85.393239"><ele>4223.850</ele><time>2023-02-15T08:28:52Z</time></trkpt><trkpt lat="28.086441" lon="85.393192"><ele>4221.447</ele><time>2023-02-15T08:28:57Z</time></trkpt><trkpt lat="28.086464" lon="85.393135"><ele>4220.461</ele><time>2023-02-15T08:29:02Z</time></trkpt><trkpt lat="28.086504" lon="85.393093"><ele>4221.821</ele><time>2023-02-15T08:29:07Z</time></trkpt><trkpt lat="28.086532" lon="85.393041"><ele>4223.713</ele><time>2023-02-15T08:29:12Z</time></trkpt><trkpt lat="28.086562" lon="85.392988"><ele>4225.909</ele><time>2023-02-15T08:29:16Z</time></trkpt><trkpt lat="28.086594" lon="85.392938"><ele>4224.027</ele><time>2023-02-15T08:29:22Z</time></trkpt><trkpt lat="28.086632" lon="85.392903"><ele>4222.738</ele><time>2023-02-15T08:29:27Z</time></trkpt><trkpt lat="28.086660" lon="85.392855"><ele>4222.052</ele><time>2023-02-15T08:29:32Z</time></trkpt><trkpt lat="28.086680" lon="85.392800"><ele>4221.916</ele><time>2023-02-15T08:29:37Z</time></trkpt><trkpt lat="28.086705" lon="85.392748"><ele>4219.856</ele><time>2023-02-15T08:29:44Z</time></trkpt><trkpt lat="28.086710" lon="85.392690"><ele>4218.360</ele><time>2023-02-15T08:29:50Z</time></trkpt><trkpt lat="28.086735" lon="85.392633"><ele>4218.558</ele><time>2023-02-15T08:29:58Z</time></trkpt><trkpt lat="28.086742" lon="85.392575"><ele>4220.260</ele><time>2023-02-15T08:30:02Z</time></trkpt><trkpt lat="28.086762" lon="85.392527"><ele>4217.667</ele><time>2023-02-15T08:30:07Z</time></trkpt><trkpt lat="28.086764" lon="85.392470"><ele>4218.068</ele><time>2023-02-15T08:30:13Z</time></trkpt><trkpt lat="28.086759" lon="85.392410"><ele>4218.942</ele><time>2023-02-15T08:30:18Z</time></trkpt><trkpt lat="28.086749" lon="85.392358"><ele>4220.426</ele><time>2023-02-15T08:30:23Z</time></trkpt><trkpt lat="28.086747" lon="85.392298"><ele>4219.709</ele><time>2023-02-15T08:30:29Z</time></trkpt><trkpt lat="28.086754" lon="85.392245"><ele>4218.957</ele><time>2023-02-15T08:30:35Z</time></trkpt><trkpt lat="28.086764" lon="85.392192"><ele>4221.568</ele><time>2023-02-15T08:30:40Z</time></trkpt><trkpt lat="28.086774" lon="85.392134"><ele>4222.042</ele><time>2023-02-15T08:30:45Z</time></trkpt><trkpt lat="28.086777" lon="85.392081"><ele>4224.556</ele><time>2023-02-15T08:30:49Z</time></trkpt><trkpt lat="28.086794" lon="85.392028"><ele>4223.816</ele><time>2023-02-15T08:30:54Z</time></trkpt><trkpt lat="28.086797" lon="85.391975"><ele>4225.440</ele><time>2023-02-15T08:30:59Z</time></trkpt><trkpt lat="28.086804" lon="85.391923"><ele>4224.628</ele><time>2023-02-15T08:31:04Z</time></trkpt><trkpt lat="28.086819" lon="85.391875"><ele>4224.830</ele><time>2023-02-15T08:31:08Z</time></trkpt><trkpt lat="28.086824" lon="85.391820"><ele>4226.037</ele><time>2023-02-15T08:31:12Z</time></trkpt><trkpt lat="28.086821" lon="85.391765"><ele>4226.843</ele><time>2023-02-15T08:31:17Z</time></trkpt><trkpt lat="28.086824" lon="85.391705"><ele>4225.264</ele><time>2023-02-15T08:31:24Z</time></trkpt><trkpt lat="28.086839" lon="85.391655"><ele>4224.610</ele><time>2023-02-15T08:31:29Z</time></trkpt><trkpt lat="28.086884" lon="85.391635"><ele>4222.509</ele><time>2023-02-15T08:31:36Z</time></trkpt><trkpt lat="28.086922" lon="85.391608"><ele>4221.075</ele><time>2023-02-15T08:31:43Z</time></trkpt><trkpt lat="28.086945" lon="85.391561"><ele>4221.456</ele><time>2023-02-15T08:31:53Z</time></trkpt><trkpt lat="28.086933" lon="85.391618"><ele>4238.550</ele><time>2023-02-15T08:32:54Z</time></trkpt><trkpt lat="28.086961" lon="85.391551"><ele>4224.554</ele><time>2023-02-15T08:33:34Z</time></trkpt><trkpt lat="28.086938" lon="85.391496"><ele>4242.584</ele><time>2023-02-15T08:38:14Z</time></trkpt><trkpt lat="28.086931" lon="85.391548"><ele>4228.218</ele><time>2023-02-15T08:39:04Z</time></trkpt><trkpt lat="28.086946" lon="85.391495"><ele>4225.876</ele><time>2023-02-15T08:42:19Z</time></trkpt><trkpt lat="28.086956" lon="85.391445"><ele>4225.968</ele><time>2023-02-15T08:42:29Z</time></trkpt><trkpt lat="28.086933" lon="85.391395"><ele>4225.285</ele><time>2023-02-15T08:43:23Z</time></trkpt><trkpt lat="28.086948" lon="85.391345"><ele>4226.598</ele><time>2023-02-15T08:43:26Z</time></trkpt><trkpt lat="28.086938" lon="85.391292"><ele>4225.615</ele><time>2023-02-15T08:43:32Z</time></trkpt><trkpt lat="28.086925" lon="85.391230"><ele>4224.826</ele><time>2023-02-15T08:43:37Z</time></trkpt><trkpt lat="28.086917" lon="85.391178"><ele>4225.309</ele><time>2023-02-15T08:43:54Z</time></trkpt><trkpt lat="28.086925" lon="85.391121"><ele>4226.040</ele><time>2023-02-15T08:43:58Z</time></trkpt><trkpt lat="28.086920" lon="85.391061"><ele>4225.281</ele><time>2023-02-15T08:44:02Z</time></trkpt><trkpt lat="28.086940" lon="85.391003"><ele>4221.575</ele><time>2023-02-15T08:44:08Z</time></trkpt><trkpt lat="28.086955" lon="85.390955"><ele>4220.869</ele><time>2023-02-15T08:44:12Z</time></trkpt><trkpt lat="28.086972" lon="85.390900"><ele>4219.639</ele><time>2023-02-15T08:44:17Z</time></trkpt><trkpt lat="28.086994" lon="85.390853"><ele>4219.513</ele><time>2023-02-15T08:44:22Z</time></trkpt><trkpt lat="28.087004" lon="85.390803"><ele>4217.651</ele><time>2023-02-15T08:44:26Z</time></trkpt><trkpt lat="28.087019" lon="85.390746"><ele>4217.733</ele><time>2023-02-15T08:44:31Z</time></trkpt><trkpt lat="28.087041" lon="85.390694"><ele>4217.480</ele><time>2023-02-15T08:44:36Z</time></trkpt><trkpt lat="28.087058" lon="85.390641"><ele>4217.349</ele><time>2023-02-15T08:44:40Z</time></trkpt><trkpt lat="28.087076" lon="85.390594"><ele>4217.002</ele><time>2023-02-15T08:44:47Z</time></trkpt><trkpt lat="28.087083" lon="85.390536"><ele>4218.922</ele><time>2023-02-15T08:44:53Z</time></trkpt><trkpt lat="28.087101" lon="85.390483"><ele>4219.009</ele><time>2023-02-15T08:44:58Z</time></trkpt><trkpt lat="28.087116" lon="85.390425"><ele>4215.615</ele><time>2023-02-15T08:45:05Z</time></trkpt><trkpt lat="28.087121" lon="85.390370"><ele>4215.816</ele><time>2023-02-15T08:45:10Z</time></trkpt><trkpt lat="28.087118" lon="85.390313"><ele>4210.920</ele><time>2023-02-15T08:45:17Z</time></trkpt><trkpt lat="28.087136" lon="85.390258"><ele>4210.574</ele><time>2023-02-15T08:46:04Z</time></trkpt><trkpt lat="28.087131" lon="85.390196"><ele>4207.954</ele><time>2023-02-15T08:46:10Z</time></trkpt><trkpt lat="28.087119" lon="85.390146"><ele>4205.738</ele><time>2023-02-15T08:46:15Z</time></trkpt><trkpt lat="28.087142" lon="85.390094"><ele>4203.586</ele><time>2023-02-15T08:46:24Z</time></trkpt><trkpt lat="28.087155" lon="85.390044"><ele>4199.738</ele><time>2023-02-15T08:46:30Z</time></trkpt><trkpt lat="28.087178" lon="85.389991"><ele>4196.955</ele><time>2023-02-15T08:46:36Z</time></trkpt><trkpt lat="28.087205" lon="85.389946"><ele>4196.047</ele><time>2023-02-15T08:46:41Z</time></trkpt><trkpt lat="28.087237" lon="85.389894"><ele>4193.629</ele><time>2023-02-15T08:46:47Z</time></trkpt><trkpt lat="28.087272" lon="85.389851"><ele>4193.221</ele><time>2023-02-15T08:46:52Z</time></trkpt><trkpt lat="28.087305" lon="85.389806"><ele>4194.309</ele><time>2023-02-15T08:46:56Z</time></trkpt><trkpt lat="28.087332" lon="85.389759"><ele>4193.995</ele><time>2023-02-15T08:47:00Z</time></trkpt><trkpt lat="28.087359" lon="85.389714"><ele>4192.516</ele><time>2023-02-15T08:47:05Z</time></trkpt><trkpt lat="28.087387" lon="85.389674"><ele>4192.990</ele><time>2023-02-15T08:47:09Z</time></trkpt><trkpt lat="28.087432" lon="85.389642"><ele>4193.524</ele><time>2023-02-15T08:47:14Z</time></trkpt><trkpt lat="28.087477" lon="85.389624"><ele>4194.994</ele><time>2023-02-15T08:47:18Z</time></trkpt><trkpt lat="28.087527" lon="85.389622"><ele>4196.128</ele><time>2023-02-15T08:47:22Z</time></trkpt><trkpt lat="28.087569" lon="85.389592"><ele>4196.496</ele><time>2023-02-15T08:47:27Z</time></trkpt><trkpt lat="28.087604" lon="85.389555"><ele>4196.738</ele><time>2023-02-15T08:47:32Z</time></trkpt><trkpt lat="28.087629" lon="85.389505"><ele>4196.245</ele><time>2023-02-15T08:47:37Z</time></trkpt><trkpt lat="28.087619" lon="85.389445"><ele>4196.783</ele><time>2023-02-15T08:47:44Z</time></trkpt><trkpt lat="28.087619" lon="85.389387"><ele>4193.825</ele><time>2023-02-15T08:47:51Z</time></trkpt><trkpt lat="28.087641" lon="85.389334"><ele>4192.117</ele><time>2023-02-15T08:47:57Z</time></trkpt><trkpt lat="28.087658" lon="85.389286"><ele>4192.009</ele><time>2023-02-15T08:48:03Z</time></trkpt><trkpt lat="28.087678" lon="85.389226"><ele>4194.949</ele><time>2023-02-15T08:48:10Z</time></trkpt><trkpt lat="28.087710" lon="85.389188"><ele>4210.480</ele><time>2023-02-15T08:48:14Z</time></trkpt><trkpt lat="28.087685" lon="85.389236"><ele>4200.544</ele><time>2023-02-15T08:48:17Z</time></trkpt><trkpt lat="28.087730" lon="85.389238"><ele>4206.458</ele><time>2023-02-15T08:48:25Z</time></trkpt><trkpt lat="28.087723" lon="85.389180"><ele>4198.878</ele><time>2023-02-15T08:48:29Z</time></trkpt><trkpt lat="28.087756" lon="85.389145"><ele>4194.822</ele><time>2023-02-15T08:48:34Z</time></trkpt><trkpt lat="28.087763" lon="85.389092"><ele>4190.830</ele><time>2023-02-15T08:48:51Z</time></trkpt><trkpt lat="28.087775" lon="85.389035"><ele>4186.512</ele><time>2023-02-15T08:49:02Z</time></trkpt><trkpt lat="28.087805" lon="85.388985"><ele>4184.559</ele><time>2023-02-15T08:49:10Z</time></trkpt><trkpt lat="28.087830" lon="85.388932"><ele>4184.872</ele><time>2023-02-15T08:49:15Z</time></trkpt><trkpt lat="28.087853" lon="85.388877"><ele>4181.913</ele><time>2023-02-15T08:49:22Z</time></trkpt><trkpt lat="28.087891" lon="85.388832"><ele>4180.514</ele><time>2023-02-15T08:49:27Z</time></trkpt><trkpt lat="28.087926" lon="85.388784"><ele>4180.209</ele><time>2023-02-15T08:49:30Z</time></trkpt><trkpt lat="28.087959" lon="85.388736"><ele>4172.738</ele><time>2023-02-15T08:49:34Z</time></trkpt><trkpt lat="28.087996" lon="85.388691"><ele>4176.819</ele><time>2023-02-15T08:50:14Z</time></trkpt><trkpt lat="28.088026" lon="85.388638"><ele>4174.483</ele><time>2023-02-15T08:50:18Z</time></trkpt><trkpt lat="28.088061" lon="85.388605"><ele>4168.457</ele><time>2023-02-15T08:50:28Z</time></trkpt><trkpt lat="28.088104" lon="85.388580"><ele>4165.767</ele><time>2023-02-15T08:50:36Z</time></trkpt><trkpt lat="28.088126" lon="85.388525"><ele>4164.831</ele><time>2023-02-15T08:50:46Z</time></trkpt><trkpt lat="28.088129" lon="85.388468"><ele>4165.099</ele><time>2023-02-15T08:50:54Z</time></trkpt><trkpt lat="28.088167" lon="85.388438"><ele>4163.231</ele><time>2023-02-15T08:51:02Z</time></trkpt><trkpt lat="28.088209" lon="85.388415"><ele>4160.728</ele><time>2023-02-15T08:51:09Z</time></trkpt><trkpt lat="28.088247" lon="85.388388"><ele>4158.432</ele><time>2023-02-15T08:51:14Z</time></trkpt><trkpt lat="28.088289" lon="85.388350"><ele>4156.692</ele><time>2023-02-15T08:51:20Z</time></trkpt><trkpt lat="28.088324" lon="85.388310"><ele>4156.111</ele><time>2023-02-15T08:51:26Z</time></trkpt><trkpt lat="28.088341" lon="85.388257"><ele>4153.609</ele><time>2023-02-15T08:51:34Z</time></trkpt><trkpt lat="28.088354" lon="85.388199"><ele>4151.284</ele><time>2023-02-15T08:51:41Z</time></trkpt><trkpt lat="28.088391" lon="85.388164"><ele>4149.125</ele><time>2023-02-15T08:51:47Z</time></trkpt><trkpt lat="28.088433" lon="85.388129"><ele>4146.939</ele><time>2023-02-15T08:51:53Z</time></trkpt><trkpt lat="28.088465" lon="85.388092"><ele>4145.123</ele><time>2023-02-15T08:52:00Z</time></trkpt><trkpt lat="28.088492" lon="85.388049"><ele>4144.063</ele><time>2023-02-15T08:52:05Z</time></trkpt><trkpt lat="28.088507" lon="85.387996"><ele>4144.147</ele><time>2023-02-15T08:52:12Z</time></trkpt><trkpt lat="28.088532" lon="85.387904"><ele>4161.715</ele><time>2023-02-15T08:52:29Z</time></trkpt><trkpt lat="28.088565" lon="85.387864"><ele>4158.387</ele><time>2023-02-15T08:52:41Z</time></trkpt><trkpt lat="28.088607" lon="85.387919"><ele>4149.544</ele><time>2023-02-15T08:53:10Z</time></trkpt><trkpt lat="28.088615" lon="85.387867"><ele>4149.278</ele><time>2023-02-15T08:53:19Z</time></trkpt><trkpt lat="28.088627" lon="85.387809"><ele>4146.333</ele><time>2023-02-15T08:53:31Z</time></trkpt><trkpt lat="28.088647" lon="85.387757"><ele>4144.226</ele><time>2023-02-15T08:53:43Z</time></trkpt><trkpt lat="28.088677" lon="85.387712"><ele>4137.709</ele><time>2023-02-15T08:54:01Z</time></trkpt><trkpt lat="28.088709" lon="85.387672"><ele>4134.268</ele><time>2023-02-15T08:54:10Z</time></trkpt><trkpt lat="28.088729" lon="85.387625"><ele>4130.789</ele><time>2023-02-15T08:54:18Z</time></trkpt><trkpt lat="28.088757" lon="85.387585"><ele>4128.423</ele><time>2023-02-15T08:54:28Z</time></trkpt><trkpt lat="28.088779" lon="85.387532"><ele>4125.067</ele><time>2023-02-15T08:54:36Z</time></trkpt><trkpt lat="28.088772" lon="85.387475"><ele>4122.877</ele><time>2023-02-15T08:54:48Z</time></trkpt><trkpt lat="28.088785" lon="85.387418"><ele>4121.131</ele><time>2023-02-15T08:54:56Z</time></trkpt><trkpt lat="28.088795" lon="85.387358"><ele>4119.299</ele><time>2023-02-15T08:55:04Z</time></trkpt><trkpt lat="28.088812" lon="85.387305"><ele>4118.141</ele><time>2023-02-15T08:55:10Z</time></trkpt><trkpt lat="28.088817" lon="85.387253"><ele>4116.068</ele><time>2023-02-15T08:55:15Z</time></trkpt><trkpt lat="28.088830" lon="85.387196"><ele>4114.937</ele><time>2023-02-15T08:55:21Z</time></trkpt><trkpt lat="28.088822" lon="85.387144"><ele>4114.349</ele><time>2023-02-15T08:55:27Z</time></trkpt><trkpt lat="28.088847" lon="85.387096"><ele>4113.913</ele><time>2023-02-15T08:55:32Z</time></trkpt><trkpt lat="28.088867" lon="85.387043"><ele>4111.009</ele><time>2023-02-15T08:55:41Z</time></trkpt><trkpt lat="28.088890" lon="85.386995"><ele>4109.554</ele><time>2023-02-15T08:55:46Z</time></trkpt><trkpt lat="28.088907" lon="85.386943"><ele>4108.975</ele><time>2023-02-15T08:55:53Z</time></trkpt><trkpt lat="28.088914" lon="85.386890"><ele>4107.169</ele><time>2023-02-15T08:56:03Z</time></trkpt><trkpt lat="28.088959" lon="85.386890"><ele>4104.673</ele><time>2023-02-15T08:56:08Z</time></trkpt><trkpt lat="28.088999" lon="85.386863"><ele>4103.723</ele><time>2023-02-15T08:56:14Z</time></trkpt><trkpt lat="28.089032" lon="85.386816"><ele>4102.337</ele><time>2023-02-15T08:56:22Z</time></trkpt><trkpt lat="28.089072" lon="85.386779"><ele>4101.075</ele><time>2023-02-15T08:56:29Z</time></trkpt><trkpt lat="28.089109" lon="85.386747"><ele>4099.767</ele><time>2023-02-15T08:56:35Z</time></trkpt><trkpt lat="28.089146" lon="85.386714"><ele>4095.824</ele><time>2023-02-15T08:56:47Z</time></trkpt><trkpt lat="28.089186" lon="85.386677"><ele>4094.137</ele><time>2023-02-15T08:56:54Z</time></trkpt><trkpt lat="28.089216" lon="85.386632"><ele>4091.449</ele><time>2023-02-15T08:57:02Z</time></trkpt><trkpt lat="28.089216" lon="85.386580"><ele>4087.613</ele><time>2023-02-15T08:57:12Z</time></trkpt><trkpt lat="28.089228" lon="85.386528"><ele>4086.109</ele><time>2023-02-15T08:57:24Z</time></trkpt><trkpt lat="28.089233" lon="85.386476"><ele>4085.554</ele><time>2023-02-15T08:57:32Z</time></trkpt><trkpt lat="28.089228" lon="85.386423"><ele>4083.115</ele><time>2023-02-15T08:57:44Z</time></trkpt><trkpt lat="28.089225" lon="85.386371"><ele>4081.149</ele><time>2023-02-15T08:57:49Z</time></trkpt><trkpt lat="28.089233" lon="85.386313"><ele>4079.523</ele><time>2023-02-15T08:57:55Z</time></trkpt><trkpt lat="28.089238" lon="85.386260"><ele>4077.473</ele><time>2023-02-15T08:58:05Z</time></trkpt><trkpt lat="28.089251" lon="85.386210"><ele>4075.527</ele><time>2023-02-15T08:58:16Z</time></trkpt><trkpt lat="28.089281" lon="85.386170"><ele>4071.895</ele><time>2023-02-15T08:58:33Z</time></trkpt><trkpt lat="28.089296" lon="85.386113"><ele>4070.697</ele><time>2023-02-15T08:58:40Z</time></trkpt><trkpt lat="28.089309" lon="85.386061"><ele>4070.624</ele><time>2023-02-15T08:58:47Z</time></trkpt><trkpt lat="28.089324" lon="85.386008"><ele>4069.178</ele><time>2023-02-15T08:58:53Z</time></trkpt><trkpt lat="28.089317" lon="85.385955"><ele>4069.433</ele><time>2023-02-15T08:59:00Z</time></trkpt><trkpt lat="28.089334" lon="85.385907"><ele>4068.026</ele><time>2023-02-15T08:59:05Z</time></trkpt><trkpt lat="28.089337" lon="85.385854"><ele>4065.409</ele><time>2023-02-15T08:59:14Z</time></trkpt><trkpt lat="28.089337" lon="85.385802"><ele>4063.528</ele><time>2023-02-15T08:59:22Z</time></trkpt><trkpt lat="28.089364" lon="85.385755"><ele>4061.879</ele><time>2023-02-15T08:59:29Z</time></trkpt><trkpt lat="28.089394" lon="85.385717"><ele>4061.913</ele><time>2023-02-15T08:59:37Z</time></trkpt><trkpt lat="28.089439" lon="85.385712"><ele>4066.157</ele><time>2023-02-15T08:59:50Z</time></trkpt><trkpt lat="28.089476" lon="85.385675"><ele>4066.697</ele><time>2023-02-15T08:59:56Z</time></trkpt><trkpt lat="28.089504" lon="85.385623"><ele>4066.031</ele><time>2023-02-15T09:00:02Z</time></trkpt><trkpt lat="28.089519" lon="85.385575"><ele>4063.249</ele><time>2023-02-15T09:00:12Z</time></trkpt><trkpt lat="28.089536" lon="85.385527"><ele>4061.631</ele><time>2023-02-15T09:00:20Z</time></trkpt><trkpt lat="28.089569" lon="85.385482"><ele>4059.758</ele><time>2023-02-15T09:00:29Z</time></trkpt><trkpt lat="28.089591" lon="85.385430"><ele>4057.121</ele><time>2023-02-15T09:00:37Z</time></trkpt><trkpt lat="28.089618" lon="85.385385"><ele>4054.841</ele><time>2023-02-15T09:00:45Z</time></trkpt><trkpt lat="28.089665" lon="85.385365"><ele>4053.705</ele><time>2023-02-15T09:00:52Z</time></trkpt><trkpt lat="28.089678" lon="85.385315"><ele>4049.509</ele><time>2023-02-15T09:01:06Z</time></trkpt><trkpt lat="28.089693" lon="85.385262"><ele>4048.143</ele><time>2023-02-15T09:01:11Z</time></trkpt><trkpt lat="28.089713" lon="85.385212"><ele>4047.574</ele><time>2023-02-15T09:01:17Z</time></trkpt><trkpt lat="28.089723" lon="85.385160"><ele>4046.588</ele><time>2023-02-15T09:01:24Z</time></trkpt><trkpt lat="28.089736" lon="85.385105"><ele>4046.032</ele><time>2023-02-15T09:01:37Z</time></trkpt><trkpt lat="28.089738" lon="85.385050"><ele>4043.242</ele><time>2023-02-15T09:01:47Z</time></trkpt><trkpt lat="28.089756" lon="85.385002"><ele>4039.566</ele><time>2023-02-15T09:01:57Z</time></trkpt><trkpt lat="28.089769" lon="85.384945"><ele>4037.784</ele><time>2023-02-15T09:02:04Z</time></trkpt><trkpt lat="28.089791" lon="85.384892"><ele>4037.416</ele><time>2023-02-15T09:02:12Z</time></trkpt><trkpt lat="28.089814" lon="85.384840"><ele>4035.623</ele><time>2023-02-15T09:02:17Z</time></trkpt><trkpt lat="28.089802" lon="85.384787"><ele>4035.195</ele><time>2023-02-15T09:02:23Z</time></trkpt><trkpt lat="28.089812" lon="85.384735"><ele>4035.849</ele><time>2023-02-15T09:02:32Z</time></trkpt><trkpt lat="28.089844" lon="85.384698"><ele>4034.123</ele><time>2023-02-15T09:02:40Z</time></trkpt><trkpt lat="28.089874" lon="85.384655"><ele>4032.609</ele><time>2023-02-15T09:02:48Z</time></trkpt><trkpt lat="28.089901" lon="85.384610"><ele>4031.810</ele><time>2023-02-15T09:02:54Z</time></trkpt><trkpt lat="28.089939" lon="85.384580"><ele>4030.121</ele><time>2023-02-15T09:03:02Z</time></trkpt><trkpt lat="28.089937" lon="85.384525"><ele>4027.615</ele><time>2023-02-15T09:03:15Z</time></trkpt><trkpt lat="28.089937" lon="85.384472"><ele>4026.739</ele><time>2023-02-15T09:03:21Z</time></trkpt><trkpt lat="28.089964" lon="85.384427"><ele>4025.649</ele><time>2023-02-15T09:03:26Z</time></trkpt><trkpt lat="28.090007" lon="85.384389"><ele>4024.643</ele><time>2023-02-15T09:03:31Z</time></trkpt><trkpt lat="28.090034" lon="85.384346"><ele>4024.031</ele><time>2023-02-15T09:03:37Z</time></trkpt><trkpt lat="28.090071" lon="85.384313"><ele>4023.883</ele><time>2023-02-15T09:03:43Z</time></trkpt><trkpt lat="28.090099" lon="85.384273"><ele>4022.480</ele><time>2023-02-15T09:03:49Z</time></trkpt><trkpt lat="28.090132" lon="85.384236"><ele>4020.067</ele><time>2023-02-15T09:03:57Z</time></trkpt><trkpt lat="28.090164" lon="85.384194"><ele>4019.881</ele><time>2023-02-15T09:04:04Z</time></trkpt><trkpt lat="28.090191" lon="85.384152"><ele>4019.719</ele><time>2023-02-15T09:04:10Z</time></trkpt><trkpt lat="28.090221" lon="85.384112"><ele>4020.209</ele><time>2023-02-15T09:04:18Z</time></trkpt><trkpt lat="28.090254" lon="85.384075"><ele>4018.787</ele><time>2023-02-15T09:04:28Z</time></trkpt><trkpt lat="28.090289" lon="85.384038"><ele>4017.248</ele><time>2023-02-15T09:04:37Z</time></trkpt><trkpt lat="28.090366" lon="85.384046"><ele>4042.982</ele><time>2023-02-15T09:04:55Z</time></trkpt><trkpt lat="28.090339" lon="85.384131"><ele>4049.796</ele><time>2023-02-15T09:04:57Z</time></trkpt><trkpt lat="28.090326" lon="85.384056"><ele>4027.226</ele><time>2023-02-15T09:05:00Z</time></trkpt><trkpt lat="28.090369" lon="85.384039"><ele>4019.770</ele><time>2023-02-15T09:05:06Z</time></trkpt><trkpt lat="28.090386" lon="85.383986"><ele>4019.298</ele><time>2023-02-15T09:05:11Z</time></trkpt><trkpt lat="28.090366" lon="85.383933"><ele>4017.480</ele><time>2023-02-15T09:05:15Z</time></trkpt><trkpt lat="28.090399" lon="85.383888"><ele>4005.547</ele><time>2023-02-15T09:05:29Z</time></trkpt><trkpt lat="28.090414" lon="85.383836"><ele>4004.573</ele><time>2023-02-15T09:05:38Z</time></trkpt><trkpt lat="28.090439" lon="85.383789"><ele>3999.585</ele><time>2023-02-15T09:05:53Z</time></trkpt><trkpt lat="28.090471" lon="85.383751"><ele>3999.013</ele><time>2023-02-15T09:06:01Z</time></trkpt><trkpt lat="28.090499" lon="85.383706"><ele>3996.109</ele><time>2023-02-15T09:06:12Z</time></trkpt><trkpt lat="28.090526" lon="85.383659"><ele>3994.268</ele><time>2023-02-15T09:06:19Z</time></trkpt><trkpt lat="28.090564" lon="85.383626"><ele>3992.919</ele><time>2023-02-15T09:06:27Z</time></trkpt><trkpt lat="28.090606" lon="85.383589"><ele>3991.973</ele><time>2023-02-15T09:06:33Z</time></trkpt><trkpt lat="28.090629" lon="85.383542"><ele>3990.487</ele><time>2023-02-15T09:06:41Z</time></trkpt><trkpt lat="28.090652" lon="85.383495"><ele>3989.947</ele><time>2023-02-15T09:06:50Z</time></trkpt><trkpt lat="28.090689" lon="85.383458"><ele>3987.881</ele><time>2023-02-15T09:06:56Z</time></trkpt><trkpt lat="28.090737" lon="85.383450"><ele>3987.289</ele><time>2023-02-15T09:07:13Z</time></trkpt><trkpt lat="28.090780" lon="85.383425"><ele>3995.911</ele><time>2023-02-15T09:07:39Z</time></trkpt><trkpt lat="28.090798" lon="85.383378"><ele>3990.678</ele><time>2023-02-15T09:07:47Z</time></trkpt><trkpt lat="28.090811" lon="85.383325"><ele>3983.372</ele><time>2023-02-15T09:08:02Z</time></trkpt><trkpt lat="28.090831" lon="85.383278"><ele>3979.413</ele><time>2023-02-15T09:08:10Z</time></trkpt><trkpt lat="28.090851" lon="85.383231"><ele>3979.014</ele><time>2023-02-15T09:08:24Z</time></trkpt><trkpt lat="28.090879" lon="85.383191"><ele>3978.109</ele><time>2023-02-15T09:08:32Z</time></trkpt><trkpt lat="28.090887" lon="85.383134"><ele>3981.188</ele><time>2023-02-15T09:08:39Z</time></trkpt><trkpt lat="28.090907" lon="85.383082"><ele>3979.249</ele><time>2023-02-15T09:08:47Z</time></trkpt><trkpt lat="28.090947" lon="85.383050"><ele>3974.343</ele><time>2023-02-15T09:08:57Z</time></trkpt><trkpt lat="28.090992" lon="85.383027"><ele>3969.927</ele><time>2023-02-15T09:09:05Z</time></trkpt><trkpt lat="28.091034" lon="85.383007"><ele>3968.057</ele><time>2023-02-15T09:09:12Z</time></trkpt><trkpt lat="28.091077" lon="85.382992"><ele>3965.181</ele><time>2023-02-15T09:09:18Z</time></trkpt><trkpt lat="28.091122" lon="85.382984"><ele>3965.419</ele><time>2023-02-15T09:09:24Z</time></trkpt><trkpt lat="28.091137" lon="85.382922"><ele>3966.191</ele><time>2023-02-15T09:09:31Z</time></trkpt><trkpt lat="28.091134" lon="85.382870"><ele>3965.728</ele><time>2023-02-15T09:09:38Z</time></trkpt><trkpt lat="28.091129" lon="85.382817"><ele>3963.354</ele><time>2023-02-15T09:09:44Z</time></trkpt><trkpt lat="28.091152" lon="85.382765"><ele>3961.356</ele><time>2023-02-15T09:09:50Z</time></trkpt><trkpt lat="28.091164" lon="85.382710"><ele>3960.511</ele><time>2023-02-15T09:09:57Z</time></trkpt><trkpt lat="28.091182" lon="85.382663"><ele>3958.509</ele><time>2023-02-15T09:10:07Z</time></trkpt><trkpt lat="28.091209" lon="85.382613"><ele>3956.336</ele><time>2023-02-15T09:10:16Z</time></trkpt><trkpt lat="28.091211" lon="85.382558"><ele>3954.787</ele><time>2023-02-15T09:10:25Z</time></trkpt><trkpt lat="28.091211" lon="85.382503"><ele>3952.091</ele><time>2023-02-15T09:10:33Z</time></trkpt><trkpt lat="28.091211" lon="85.382450"><ele>3952.875</ele><time>2023-02-15T09:10:38Z</time></trkpt><trkpt lat="28.091191" lon="85.382402"><ele>3951.885</ele><time>2023-02-15T09:10:47Z</time></trkpt><trkpt lat="28.091231" lon="85.382367"><ele>3950.129</ele><time>2023-02-15T09:11:11Z</time></trkpt><trkpt lat="28.091269" lon="85.382322"><ele>3949.357</ele><time>2023-02-15T09:11:25Z</time></trkpt><trkpt lat="28.091302" lon="85.382285"><ele>3945.989</ele><time>2023-02-15T09:11:35Z</time></trkpt><trkpt lat="28.091340" lon="85.382253"><ele>3943.656</ele><time>2023-02-15T09:11:42Z</time></trkpt><trkpt lat="28.091368" lon="85.382210"><ele>3941.279</ele><time>2023-02-15T09:11:49Z</time></trkpt><trkpt lat="28.091390" lon="85.382158"><ele>3939.905</ele><time>2023-02-15T09:11:56Z</time></trkpt><trkpt lat="28.091427" lon="85.382113"><ele>3938.625</ele><time>2023-02-15T09:12:03Z</time></trkpt><trkpt lat="28.091455" lon="85.382073"><ele>3936.309</ele><time>2023-02-15T09:12:11Z</time></trkpt><trkpt lat="28.091478" lon="85.382025"><ele>3935.288</ele><time>2023-02-15T09:12:18Z</time></trkpt><trkpt lat="28.091500" lon="85.381980"><ele>3935.559</ele><time>2023-02-15T09:12:23Z</time></trkpt><trkpt lat="28.091522" lon="85.381933"><ele>3934.433</ele><time>2023-02-15T09:12:28Z</time></trkpt><trkpt lat="28.091555" lon="85.381888"><ele>3933.417</ele><time>2023-02-15T09:12:34Z</time></trkpt><trkpt lat="28.091588" lon="85.381851"><ele>3932.667</ele><time>2023-02-15T09:12:39Z</time></trkpt><trkpt lat="28.091626" lon="85.381814"><ele>3932.541</ele><time>2023-02-15T09:12:51Z</time></trkpt><trkpt lat="28.091654" lon="85.381764"><ele>3932.229</ele><time>2023-02-15T09:12:57Z</time></trkpt><trkpt lat="28.091689" lon="85.381729"><ele>3931.571</ele><time>2023-02-15T09:13:02Z</time></trkpt><trkpt lat="28.091726" lon="85.381694"><ele>3930.868</ele><time>2023-02-15T09:13:07Z</time></trkpt><trkpt lat="28.091766" lon="85.381664"><ele>3929.487</ele><time>2023-02-15T09:13:13Z</time></trkpt><trkpt lat="28.091809" lon="85.381637"><ele>3928.642</ele><time>2023-02-15T09:13:19Z</time></trkpt><trkpt lat="28.091851" lon="85.381599"><ele>3928.526</ele><time>2023-02-15T09:13:24Z</time></trkpt><trkpt lat="28.091869" lon="85.381549"><ele>3929.209</ele><time>2023-02-15T09:13:28Z</time></trkpt><trkpt lat="28.091879" lon="85.381497"><ele>3928.659</ele><time>2023-02-15T09:13:32Z</time></trkpt><trkpt lat="28.091882" lon="85.381440"><ele>3930.230</ele><time>2023-02-15T09:13:37Z</time></trkpt><trkpt lat="28.091872" lon="85.381380"><ele>3932.154</ele><time>2023-02-15T09:13:43Z</time></trkpt><trkpt lat="28.091827" lon="85.381353"><ele>3933.898</ele><time>2023-02-15T09:30:35Z</time></trkpt><trkpt lat="28.091822" lon="85.381300"><ele>3931.578</ele><time>2023-02-15T09:30:42Z</time></trkpt><trkpt lat="28.091792" lon="85.381260"><ele>3928.522</ele><time>2023-02-15T09:30:49Z</time></trkpt><trkpt lat="28.091795" lon="85.381208"><ele>3924.990</ele><time>2023-02-15T09:30:58Z</time></trkpt><trkpt lat="28.091817" lon="85.381163"><ele>3921.482</ele><time>2023-02-15T09:31:04Z</time></trkpt><trkpt lat="28.091862" lon="85.381151"><ele>3919.769</ele><time>2023-02-15T09:31:49Z</time></trkpt><trkpt lat="28.091877" lon="85.381098"><ele>3918.244</ele><time>2023-02-15T09:31:56Z</time></trkpt><trkpt lat="28.091897" lon="85.381041"><ele>3917.005</ele><time>2023-02-15T09:32:03Z</time></trkpt><trkpt lat="28.091937" lon="85.380998"><ele>3917.315</ele><time>2023-02-15T09:32:07Z</time></trkpt><trkpt lat="28.091967" lon="85.380958"><ele>3916.309</ele><time>2023-02-15T09:32:14Z</time></trkpt><trkpt lat="28.091995" lon="85.380915"><ele>3917.195</ele><time>2023-02-15T09:32:20Z</time></trkpt><trkpt lat="28.092018" lon="85.380867"><ele>3916.036</ele><time>2023-02-15T09:32:27Z</time></trkpt><trkpt lat="28.092043" lon="85.380824"><ele>3915.440</ele><time>2023-02-15T09:32:34Z</time></trkpt><trkpt lat="28.092053" lon="85.380766"><ele>3913.174</ele><time>2023-02-15T09:32:40Z</time></trkpt><trkpt lat="28.092066" lon="85.380716"><ele>3913.434</ele><time>2023-02-15T09:32:44Z</time></trkpt><trkpt lat="28.092116" lon="85.380671"><ele>3907.718</ele><time>2023-02-15T09:33:08Z</time></trkpt><trkpt lat="28.092116" lon="85.380619"><ele>3907.956</ele><time>2023-02-15T09:33:16Z</time></trkpt><trkpt lat="28.092134" lon="85.380572"><ele>3905.438</ele><time>2023-02-15T09:33:23Z</time></trkpt><trkpt lat="28.092164" lon="85.380532"><ele>3903.795</ele><time>2023-02-15T09:33:30Z</time></trkpt><trkpt lat="28.092182" lon="85.380484"><ele>3902.978</ele><time>2023-02-15T09:33:38Z</time></trkpt><trkpt lat="28.092217" lon="85.380451"><ele>3901.733</ele><time>2023-02-15T09:33:46Z</time></trkpt><trkpt lat="28.092220" lon="85.380399"><ele>3901.126</ele><time>2023-02-15T09:33:55Z</time></trkpt><trkpt lat="28.092208" lon="85.380346"><ele>3900.309</ele><time>2023-02-15T09:34:01Z</time></trkpt><trkpt lat="28.092228" lon="85.380299"><ele>3897.568</ele><time>2023-02-15T09:34:08Z</time></trkpt><trkpt lat="28.092243" lon="85.380244"><ele>3896.559</ele><time>2023-02-15T09:34:15Z</time></trkpt><trkpt lat="28.092268" lon="85.380187"><ele>3894.953</ele><time>2023-02-15T09:34:21Z</time></trkpt><trkpt lat="28.092270" lon="85.380135"><ele>3894.327</ele><time>2023-02-15T09:34:28Z</time></trkpt><trkpt lat="28.092273" lon="85.380083"><ele>3893.087</ele><time>2023-02-15T09:34:35Z</time></trkpt><trkpt lat="28.092286" lon="85.380031"><ele>3891.881</ele><time>2023-02-15T09:34:43Z</time></trkpt><trkpt lat="28.092268" lon="85.379979"><ele>3889.929</ele><time>2023-02-15T09:34:50Z</time></trkpt><trkpt lat="28.092255" lon="85.379927"><ele>3887.381</ele><time>2023-02-15T09:35:01Z</time></trkpt><trkpt lat="28.092290" lon="85.379880"><ele>3885.878</ele><time>2023-02-15T09:35:06Z</time></trkpt><trkpt lat="28.092262" lon="85.379838"><ele>3884.334</ele><time>2023-02-15T09:35:12Z</time></trkpt><trkpt lat="28.092295" lon="85.379795"><ele>3882.855</ele><time>2023-02-15T09:35:18Z</time></trkpt><trkpt lat="28.092327" lon="85.379747"><ele>3883.110</ele><time>2023-02-15T09:35:27Z</time></trkpt><trkpt lat="28.092375" lon="85.379724"><ele>3883.209</ele><time>2023-02-15T09:35:34Z</time></trkpt><trkpt lat="28.092400" lon="85.379679"><ele>3885.234</ele><time>2023-02-15T09:35:41Z</time></trkpt><trkpt lat="28.092382" lon="85.379627"><ele>3883.665</ele><time>2023-02-15T09:35:48Z</time></trkpt><trkpt lat="28.092425" lon="85.379589"><ele>3881.179</ele><time>2023-02-15T09:35:55Z</time></trkpt><trkpt lat="28.092395" lon="85.379551"><ele>3877.923</ele><time>2023-02-15T09:36:05Z</time></trkpt><trkpt lat="28.092385" lon="85.379494"><ele>3875.673</ele><time>2023-02-15T09:36:14Z</time></trkpt><trkpt lat="28.092418" lon="85.379454"><ele>3874.277</ele><time>2023-02-15T09:36:22Z</time></trkpt><trkpt lat="28.092445" lon="85.379409"><ele>3872.985</ele><time>2023-02-15T09:36:31Z</time></trkpt><trkpt lat="28.092472" lon="85.379361"><ele>3873.347</ele><time>2023-02-15T09:36:38Z</time></trkpt><trkpt lat="28.092490" lon="85.379314"><ele>3872.954</ele><time>2023-02-15T09:36:47Z</time></trkpt><trkpt lat="28.092457" lon="85.379276"><ele>3871.893</ele><time>2023-02-15T09:36:56Z</time></trkpt><trkpt lat="28.092417" lon="85.379244"><ele>3871.765</ele><time>2023-02-15T09:37:05Z</time></trkpt><trkpt lat="28.092377" lon="85.379221"><ele>3871.721</ele><time>2023-02-15T09:37:12Z</time></trkpt><trkpt lat="28.092334" lon="85.379198"><ele>3871.009</ele><time>2023-02-15T09:37:22Z</time></trkpt><trkpt lat="28.092314" lon="85.379145"><ele>3870.960</ele><time>2023-02-15T09:37:29Z</time></trkpt><trkpt lat="28.092316" lon="85.379087"><ele>3870.211</ele><time>2023-02-15T09:37:36Z</time></trkpt><trkpt lat="28.092298" lon="85.379040"><ele>3868.795</ele><time>2023-02-15T09:37:42Z</time></trkpt><trkpt lat="28.092270" lon="85.378997"><ele>3867.319</ele><time>2023-02-15T09:37:49Z</time></trkpt><trkpt lat="28.092238" lon="85.378952"><ele>3866.419</ele><time>2023-02-15T09:37:59Z</time></trkpt><trkpt lat="28.092223" lon="85.378899"><ele>3865.883</ele><time>2023-02-15T09:38:07Z</time></trkpt><trkpt lat="28.092211" lon="85.378849"><ele>3864.531</ele><time>2023-02-15T09:38:17Z</time></trkpt><trkpt lat="28.092179" lon="85.378811"><ele>3861.973</ele><time>2023-02-15T09:38:25Z</time></trkpt><trkpt lat="28.092137" lon="85.378776"><ele>3861.420</ele><time>2023-02-15T09:38:33Z</time></trkpt><trkpt lat="28.092107" lon="85.378736"><ele>3861.331</ele><time>2023-02-15T09:38:41Z</time></trkpt><trkpt lat="28.092079" lon="85.378693"><ele>3860.261</ele><time>2023-02-15T09:38:49Z</time></trkpt><trkpt lat="28.092067" lon="85.378643"><ele>3858.607</ele><time>2023-02-15T09:38:54Z</time></trkpt><trkpt lat="28.092102" lon="85.378600"><ele>3856.209</ele><time>2023-02-15T09:39:00Z</time></trkpt><trkpt lat="28.092147" lon="85.378595"><ele>3852.934</ele><time>2023-02-15T09:39:08Z</time></trkpt><trkpt lat="28.092197" lon="85.378580"><ele>3850.975</ele><time>2023-02-15T09:39:15Z</time></trkpt><trkpt lat="28.092239" lon="85.378557"><ele>3847.119</ele><time>2023-02-15T09:39:23Z</time></trkpt><trkpt lat="28.092277" lon="85.378522"><ele>3845.893</ele><time>2023-02-15T09:39:29Z</time></trkpt><trkpt lat="28.092314" lon="85.378492"><ele>3845.393</ele><time>2023-02-15T09:39:34Z</time></trkpt><trkpt lat="28.092352" lon="85.378457"><ele>3844.517</ele><time>2023-02-15T09:39:41Z</time></trkpt><trkpt lat="28.092395" lon="85.378442"><ele>3845.535</ele><time>2023-02-15T09:40:04Z</time></trkpt><trkpt lat="28.092447" lon="85.378435"><ele>3845.217</ele><time>2023-02-15T09:40:43Z</time></trkpt><trkpt lat="28.092494" lon="85.378423"><ele>3842.074</ele><time>2023-02-15T09:40:51Z</time></trkpt><trkpt lat="28.092534" lon="85.378398"><ele>3840.441</ele><time>2023-02-15T09:40:56Z</time></trkpt><trkpt lat="28.092497" lon="85.378358"><ele>3840.681</ele><time>2023-02-15T09:41:17Z</time></trkpt><trkpt lat="28.092474" lon="85.378295"><ele>3838.209</ele><time>2023-02-15T09:41:33Z</time></trkpt><trkpt lat="28.092511" lon="85.378260"><ele>3834.009</ele><time>2023-02-15T09:41:46Z</time></trkpt><trkpt lat="28.092531" lon="85.378208"><ele>3833.885</ele><time>2023-02-15T09:41:58Z</time></trkpt><trkpt lat="28.092546" lon="85.378155"><ele>3832.026</ele><time>2023-02-15T09:42:06Z</time></trkpt><trkpt lat="28.092568" lon="85.378110"><ele>3831.090</ele><time>2023-02-15T09:42:12Z</time></trkpt><trkpt lat="28.092608" lon="85.378073"><ele>3830.164</ele><time>2023-02-15T09:42:18Z</time></trkpt><trkpt lat="28.092615" lon="85.378013"><ele>3832.164</ele><time>2023-02-15T09:42:29Z</time></trkpt><trkpt lat="28.092600" lon="85.377965"><ele>3831.558</ele><time>2023-02-15T09:42:36Z</time></trkpt><trkpt lat="28.092588" lon="85.377912"><ele>3830.626</ele><time>2023-02-15T09:42:44Z</time></trkpt><trkpt lat="28.092590" lon="85.377855"><ele>3828.498</ele><time>2023-02-15T09:42:51Z</time></trkpt><trkpt lat="28.092605" lon="85.377807"><ele>3826.455</ele><time>2023-02-15T09:42:58Z</time></trkpt><trkpt lat="28.092613" lon="85.377752"><ele>3826.581</ele><time>2023-02-15T09:43:06Z</time></trkpt><trkpt lat="28.092588" lon="85.377704"><ele>3825.261</ele><time>2023-02-15T09:43:14Z</time></trkpt><trkpt lat="28.092596" lon="85.377649"><ele>3823.117</ele><time>2023-02-15T09:43:22Z</time></trkpt><trkpt lat="28.092606" lon="85.377594"><ele>3819.909</ele><time>2023-02-15T09:43:53Z</time></trkpt><trkpt lat="28.092626" lon="85.377541"><ele>3819.999</ele><time>2023-02-15T09:44:00Z</time></trkpt><trkpt lat="28.092668" lon="85.377511"><ele>3816.480</ele><time>2023-02-15T09:44:12Z</time></trkpt><trkpt lat="28.092708" lon="85.377486"><ele>3814.034</ele><time>2023-02-15T09:44:21Z</time></trkpt><trkpt lat="28.092755" lon="85.377494"><ele>3812.548</ele><time>2023-02-15T09:44:27Z</time></trkpt><trkpt lat="28.092807" lon="85.377464"><ele>3812.448</ele><time>2023-02-15T09:44:41Z</time></trkpt><trkpt lat="28.092827" lon="85.377406"><ele>3819.552</ele><time>2023-02-15T09:44:48Z</time></trkpt><trkpt lat="28.092812" lon="85.377333"><ele>3816.150</ele><time>2023-02-15T09:45:08Z</time></trkpt><trkpt lat="28.092820" lon="85.377280"><ele>3813.372</ele><time>2023-02-15T09:45:13Z</time></trkpt><trkpt lat="28.092813" lon="85.377218"><ele>3812.059</ele><time>2023-02-15T09:45:20Z</time></trkpt><trkpt lat="28.092861" lon="85.377195"><ele>3803.451</ele><time>2023-02-15T09:45:59Z</time></trkpt><trkpt lat="28.092899" lon="85.377160"><ele>3801.501</ele><time>2023-02-15T09:46:05Z</time></trkpt><trkpt lat="28.092939" lon="85.377132"><ele>3798.711</ele><time>2023-02-15T09:46:14Z</time></trkpt><trkpt lat="28.092982" lon="85.377115"><ele>3796.309</ele><time>2023-02-15T09:46:22Z</time></trkpt><trkpt lat="28.093030" lon="85.377102"><ele>3794.636</ele><time>2023-02-15T09:46:30Z</time></trkpt><trkpt lat="28.093072" lon="85.377075"><ele>3792.397</ele><time>2023-02-15T09:46:38Z</time></trkpt><trkpt lat="28.093107" lon="85.377040"><ele>3791.381</ele><time>2023-02-15T09:46:45Z</time></trkpt><trkpt lat="28.093134" lon="85.376998"><ele>3801.595</ele><time>2023-02-15T09:46:52Z</time></trkpt><trkpt lat="28.093106" lon="85.376955"><ele>3802.035</ele><time>2023-02-15T09:46:59Z</time></trkpt><trkpt lat="28.093014" lon="85.376832"><ele>3827.569</ele><time>2023-02-15T09:47:05Z</time></trkpt><trkpt lat="28.093051" lon="85.376880"><ele>3809.417</ele><time>2023-02-15T09:47:06Z</time></trkpt><trkpt lat="28.093053" lon="85.376755"><ele>3830.439</ele><time>2023-02-15T09:47:07Z</time></trkpt><trkpt lat="28.093053" lon="85.376882"><ele>3813.776</ele><time>2023-02-15T09:47:09Z</time></trkpt><trkpt lat="28.093063" lon="85.376825"><ele>3799.521</ele><time>2023-02-15T09:47:20Z</time></trkpt><trkpt lat="28.093108" lon="85.376813"><ele>3795.641</ele><time>2023-02-15T09:47:29Z</time></trkpt><trkpt lat="28.093155" lon="85.376800"><ele>3791.605</ele><time>2023-02-15T09:47:38Z</time></trkpt><trkpt lat="28.093188" lon="85.376757"><ele>3790.009</ele><time>2023-02-15T09:47:45Z</time></trkpt><trkpt lat="28.093233" lon="85.376732"><ele>3787.633</ele><time>2023-02-15T09:47:52Z</time></trkpt><trkpt lat="28.093236" lon="85.376674"><ele>3788.444</ele><time>2023-02-15T09:48:07Z</time></trkpt><trkpt lat="28.093214" lon="85.376627"><ele>3790.688</ele><time>2023-02-15T09:48:16Z</time></trkpt><trkpt lat="28.093172" lon="85.376597"><ele>3791.422</ele><time>2023-02-15T09:48:26Z</time></trkpt><trkpt lat="28.093177" lon="85.376545"><ele>3789.412</ele><time>2023-02-15T09:48:32Z</time></trkpt><trkpt lat="28.093224" lon="85.376538"><ele>3787.276</ele><time>2023-02-15T09:48:38Z</time></trkpt><trkpt lat="28.093269" lon="85.376501"><ele>3785.844</ele><time>2023-02-15T09:48:44Z</time></trkpt><trkpt lat="28.093316" lon="85.376474"><ele>3783.876</ele><time>2023-02-15T09:48:55Z</time></trkpt><trkpt lat="28.093349" lon="85.376434"><ele>3783.223</ele><time>2023-02-15T09:49:03Z</time></trkpt><trkpt lat="28.093387" lon="85.376404"><ele>3781.622</ele><time>2023-02-15T09:49:12Z</time></trkpt><trkpt lat="28.093432" lon="85.376387"><ele>3780.562</ele><time>2023-02-15T09:49:19Z</time></trkpt><trkpt lat="28.093479" lon="85.376384"><ele>3778.808</ele><time>2023-02-15T09:49:29Z</time></trkpt><trkpt lat="28.093524" lon="85.376371"><ele>3777.009</ele><time>2023-02-15T09:49:37Z</time></trkpt><trkpt lat="28.093552" lon="85.376331"><ele>3775.843</ele><time>2023-02-15T09:49:45Z</time></trkpt><trkpt lat="28.093570" lon="85.376281"><ele>3773.764</ele><time>2023-02-15T09:49:53Z</time></trkpt><trkpt lat="28.093602" lon="85.376234"><ele>3772.218</ele><time>2023-02-15T09:50:00Z</time></trkpt><trkpt lat="28.093639" lon="85.376202"><ele>3771.242</ele><time>2023-02-15T09:50:07Z</time></trkpt><trkpt lat="28.093672" lon="85.376167"><ele>3769.972</ele><time>2023-02-15T09:50:17Z</time></trkpt><trkpt lat="28.093709" lon="85.376135"><ele>3768.756</ele><time>2023-02-15T09:50:26Z</time></trkpt><trkpt lat="28.093757" lon="85.376113"><ele>3766.664</ele><time>2023-02-15T09:50:33Z</time></trkpt><trkpt lat="28.093790" lon="85.376073"><ele>3765.396</ele><time>2023-02-15T09:50:40Z</time></trkpt><trkpt lat="28.093753" lon="85.376041"><ele>3768.153</ele><time>2023-02-15T09:50:56Z</time></trkpt><trkpt lat="28.093711" lon="85.376016"><ele>3769.142</ele><time>2023-02-15T09:51:06Z</time></trkpt><trkpt lat="28.093676" lon="85.375976"><ele>3770.122</ele><time>2023-02-15T09:51:12Z</time></trkpt><trkpt lat="28.093659" lon="85.375923"><ele>3768.814</ele><time>2023-02-15T09:51:17Z</time></trkpt><trkpt lat="28.093676" lon="85.375868"><ele>3767.009</ele><time>2023-02-15T09:51:23Z</time></trkpt><trkpt lat="28.093719" lon="85.375840"><ele>3764.535</ele><time>2023-02-15T09:51:35Z</time></trkpt><trkpt lat="28.093766" lon="85.375830"><ele>3763.376</ele><time>2023-02-15T09:51:41Z</time></trkpt><trkpt lat="28.093814" lon="85.375813"><ele>3760.880</ele><time>2023-02-15T09:51:47Z</time></trkpt><trkpt lat="28.093844" lon="85.375771"><ele>3757.554</ele><time>2023-02-15T09:51:57Z</time></trkpt><trkpt lat="28.093887" lon="85.375753"><ele>3755.554</ele><time>2023-02-15T09:52:03Z</time></trkpt><trkpt lat="28.093940" lon="85.375743"><ele>3753.158</ele><time>2023-02-15T09:52:14Z</time></trkpt><trkpt lat="28.093983" lon="85.375720"><ele>3752.776</ele><time>2023-02-15T09:52:21Z</time></trkpt><trkpt lat="28.094030" lon="85.375705"><ele>3751.318</ele><time>2023-02-15T09:52:28Z</time></trkpt><trkpt lat="28.094077" lon="85.375692"><ele>3748.415</ele><time>2023-02-15T09:52:37Z</time></trkpt><trkpt lat="28.094122" lon="85.375677"><ele>3747.029</ele><time>2023-02-15T09:52:44Z</time></trkpt><trkpt lat="28.094177" lon="85.375655"><ele>3744.500</ele><time>2023-02-15T09:53:08Z</time></trkpt><trkpt lat="28.094222" lon="85.375637"><ele>3743.920</ele><time>2023-02-15T09:53:15Z</time></trkpt><trkpt lat="28.094262" lon="85.375609"><ele>3744.609</ele><time>2023-02-15T09:53:22Z</time></trkpt><trkpt lat="28.094282" lon="85.375559"><ele>3744.833</ele><time>2023-02-15T09:53:33Z</time></trkpt><trkpt lat="28.094242" lon="85.375522"><ele>3747.244</ele><time>2023-02-15T09:53:42Z</time></trkpt><trkpt lat="28.094205" lon="85.375485"><ele>3748.158</ele><time>2023-02-15T09:53:49Z</time></trkpt><trkpt lat="28.094210" lon="85.375433"><ele>3747.022</ele><time>2023-02-15T09:54:00Z</time></trkpt><trkpt lat="28.094255" lon="85.375426"><ele>3746.322</ele><time>2023-02-15T09:54:08Z</time></trkpt><trkpt lat="28.094330" lon="85.375409"><ele>3741.626</ele><time>2023-02-15T09:54:25Z</time></trkpt><trkpt lat="28.094382" lon="85.375402"><ele>3740.654</ele><time>2023-02-15T09:54:31Z</time></trkpt><trkpt lat="28.094425" lon="85.375377"><ele>3737.026</ele><time>2023-02-15T09:54:38Z</time></trkpt><trkpt lat="28.094468" lon="85.375350"><ele>3734.453</ele><time>2023-02-15T09:54:46Z</time></trkpt><trkpt lat="28.094501" lon="85.375315"><ele>3732.718</ele><time>2023-02-15T09:54:55Z</time></trkpt><trkpt lat="28.094566" lon="85.375310"><ele>3730.798</ele><time>2023-02-15T09:55:05Z</time></trkpt><trkpt lat="28.094646" lon="85.375308"><ele>3727.717</ele><time>2023-02-15T09:55:19Z</time></trkpt><trkpt lat="28.094696" lon="85.375296"><ele>3727.409</ele><time>2023-02-15T09:55:26Z</time></trkpt><trkpt lat="28.094729" lon="85.375258"><ele>3726.272</ele><time>2023-02-15T09:55:34Z</time></trkpt><trkpt lat="28.094769" lon="85.375231"><ele>3724.743</ele><time>2023-02-15T09:55:41Z</time></trkpt><trkpt lat="28.094797" lon="85.375188"><ele>3722.477</ele><time>2023-02-15T09:55:51Z</time></trkpt><trkpt lat="28.094857" lon="85.375155"><ele>3719.551</ele><time>2023-02-15T09:56:03Z</time></trkpt><trkpt lat="28.094899" lon="85.375125"><ele>3718.791</ele><time>2023-02-15T09:56:09Z</time></trkpt><trkpt lat="28.094937" lon="85.375098"><ele>3718.535</ele><time>2023-02-15T09:56:15Z</time></trkpt><trkpt lat="28.094982" lon="85.375070"><ele>3717.393</ele><time>2023-02-15T09:56:22Z</time></trkpt><trkpt lat="28.095027" lon="85.375047"><ele>3717.565</ele><time>2023-02-15T09:56:29Z</time></trkpt><trkpt lat="28.095072" lon="85.375014"><ele>3716.542</ele><time>2023-02-15T09:56:36Z</time></trkpt><trkpt lat="28.095110" lon="85.374986"><ele>3714.654</ele><time>2023-02-15T09:56:43Z</time></trkpt><trkpt lat="28.095143" lon="85.374951"><ele>3712.556</ele><time>2023-02-15T09:56:52Z</time></trkpt><trkpt lat="28.095175" lon="85.374908"><ele>3712.111</ele><time>2023-02-15T09:57:02Z</time></trkpt><trkpt lat="28.095210" lon="85.374875"><ele>3711.209</ele><time>2023-02-15T09:57:09Z</time></trkpt><trkpt lat="28.095195" lon="85.374790"><ele>3715.246</ele><time>2023-02-15T09:57:33Z</time></trkpt><trkpt lat="28.095225" lon="85.374747"><ele>3712.257</ele><time>2023-02-15T09:57:44Z</time></trkpt><trkpt lat="28.095275" lon="85.374750"><ele>3708.761</ele><time>2023-02-15T09:57:55Z</time></trkpt><trkpt lat="28.095323" lon="85.374748"><ele>3707.555</ele><time>2023-02-15T09:58:02Z</time></trkpt><trkpt lat="28.095373" lon="85.374760"><ele>3706.415</ele><time>2023-02-15T09:58:12Z</time></trkpt><trkpt lat="28.095415" lon="85.374740"><ele>3705.659</ele><time>2023-02-15T09:58:20Z</time></trkpt><trkpt lat="28.095452" lon="85.374707"><ele>3704.427</ele><time>2023-02-15T09:58:28Z</time></trkpt><trkpt lat="28.095474" lon="85.374655"><ele>3702.789</ele><time>2023-02-15T09:58:35Z</time></trkpt><trkpt lat="28.095501" lon="85.374610"><ele>3702.266</ele><time>2023-02-15T09:58:43Z</time></trkpt><trkpt lat="28.095548" lon="85.374620"><ele>3701.243</ele><time>2023-02-15T09:58:52Z</time></trkpt><trkpt lat="28.095590" lon="85.374597"><ele>3699.064</ele><time>2023-02-15T09:59:02Z</time></trkpt><trkpt lat="28.095630" lon="85.374567"><ele>3697.510</ele><time>2023-02-15T09:59:12Z</time></trkpt><trkpt lat="28.095675" lon="85.374559"><ele>3695.809</ele><time>2023-02-15T09:59:25Z</time></trkpt><trkpt lat="28.095702" lon="85.374517"><ele>3695.215</ele><time>2023-02-15T09:59:32Z</time></trkpt><trkpt lat="28.095754" lon="85.374507"><ele>3694.256</ele><time>2023-02-15T09:59:42Z</time></trkpt><trkpt lat="28.095799" lon="85.374500"><ele>3693.490</ele><time>2023-02-15T09:59:47Z</time></trkpt><trkpt lat="28.095849" lon="85.374505"><ele>3693.854</ele><time>2023-02-15T09:59:53Z</time></trkpt><trkpt lat="28.095886" lon="85.374537"><ele>3692.844</ele><time>2023-02-15T10:00:01Z</time></trkpt><trkpt lat="28.095936" lon="85.374540"><ele>3691.068</ele><time>2023-02-15T10:00:09Z</time></trkpt><trkpt lat="28.095981" lon="85.374518"><ele>3689.836</ele><time>2023-02-15T10:00:15Z</time></trkpt><trkpt lat="28.096018" lon="85.374485"><ele>3690.168</ele><time>2023-02-15T10:00:20Z</time></trkpt><trkpt lat="28.096045" lon="85.374438"><ele>3689.645</ele><time>2023-02-15T10:00:28Z</time></trkpt><trkpt lat="28.096048" lon="85.374381"><ele>3688.224</ele><time>2023-02-15T10:00:36Z</time></trkpt><trkpt lat="28.096066" lon="85.374329"><ele>3686.904</ele><time>2023-02-15T10:00:42Z</time></trkpt><trkpt lat="28.096093" lon="85.374282"><ele>3684.914</ele><time>2023-02-15T10:00:49Z</time></trkpt><trkpt lat="28.096141" lon="85.374269"><ele>3682.409</ele><time>2023-02-15T10:00:58Z</time></trkpt><trkpt lat="28.096184" lon="85.374247"><ele>3681.063</ele><time>2023-02-15T10:01:05Z</time></trkpt><trkpt lat="28.096229" lon="85.374245"><ele>3679.864</ele><time>2023-02-15T10:01:13Z</time></trkpt><trkpt lat="28.096277" lon="85.374233"><ele>3678.288</ele><time>2023-02-15T10:01:19Z</time></trkpt><trkpt lat="28.096314" lon="85.374203"><ele>3677.822</ele><time>2023-02-15T10:01:25Z</time></trkpt><trkpt lat="28.096302" lon="85.374106"><ele>3678.182</ele><time>2023-02-15T10:01:44Z</time></trkpt><trkpt lat="28.096295" lon="85.374049"><ele>3678.026</ele><time>2023-02-15T10:01:51Z</time></trkpt><trkpt lat="28.096253" lon="85.374007"><ele>3677.584</ele><time>2023-02-15T10:02:01Z</time></trkpt><trkpt lat="28.096271" lon="85.373957"><ele>3673.246</ele><time>2023-02-15T10:02:15Z</time></trkpt><trkpt lat="28.096318" lon="85.373947"><ele>3672.113</ele><time>2023-02-15T10:02:24Z</time></trkpt><trkpt lat="28.096365" lon="85.373940"><ele>3671.247</ele><time>2023-02-15T10:02:31Z</time></trkpt><trkpt lat="28.096412" lon="85.373935"><ele>3671.429</ele><time>2023-02-15T10:02:36Z</time></trkpt><trkpt lat="28.096459" lon="85.373908"><ele>3670.721</ele><time>2023-02-15T10:02:41Z</time></trkpt><trkpt lat="28.096499" lon="85.373880"><ele>3668.309</ele><time>2023-02-15T10:02:48Z</time></trkpt><trkpt lat="28.096517" lon="85.373828"><ele>3665.055</ele><time>2023-02-15T10:02:56Z</time></trkpt><trkpt lat="28.096530" lon="85.373778"><ele>3662.416</ele><time>2023-02-15T10:03:03Z</time></trkpt><trkpt lat="28.096552" lon="85.373731"><ele>3659.690</ele><time>2023-02-15T10:03:13Z</time></trkpt><trkpt lat="28.096627" lon="85.373714"><ele>3658.964</ele><time>2023-02-15T10:03:27Z</time></trkpt><trkpt lat="28.096679" lon="85.373701"><ele>3657.944</ele><time>2023-02-15T10:03:33Z</time></trkpt><trkpt lat="28.096726" lon="85.373693"><ele>3656.468</ele><time>2023-02-15T10:03:38Z</time></trkpt><trkpt lat="28.096778" lon="85.373693"><ele>3654.066</ele><time>2023-02-15T10:03:45Z</time></trkpt><trkpt lat="28.096823" lon="85.373685"><ele>3654.348</ele><time>2023-02-15T10:03:51Z</time></trkpt><trkpt lat="28.096870" lon="85.373667"><ele>3654.975</ele><time>2023-02-15T10:03:57Z</time></trkpt><trkpt lat="28.096922" lon="85.373640"><ele>3663.161</ele><time>2023-02-15T10:04:02Z</time></trkpt><trkpt lat="28.096972" lon="85.373605"><ele>3661.621</ele><time>2023-02-15T10:04:09Z</time></trkpt><trkpt lat="28.097014" lon="85.373573"><ele>3658.513</ele><time>2023-02-15T10:04:16Z</time></trkpt><trkpt lat="28.097047" lon="85.373525"><ele>3655.509</ele><time>2023-02-15T10:04:25Z</time></trkpt><trkpt lat="28.097085" lon="85.373497"><ele>3651.927</ele><time>2023-02-15T10:04:33Z</time></trkpt><trkpt lat="28.097132" lon="85.373479"><ele>3649.298</ele><time>2023-02-15T10:04:39Z</time></trkpt><trkpt lat="28.097175" lon="85.373442"><ele>3647.872</ele><time>2023-02-15T10:04:45Z</time></trkpt><trkpt lat="28.097220" lon="85.373420"><ele>3647.156</ele><time>2023-02-15T10:04:51Z</time></trkpt><trkpt lat="28.097262" lon="85.373393"><ele>3645.436</ele><time>2023-02-15T10:04:59Z</time></trkpt><trkpt lat="28.097295" lon="85.373351"><ele>3643.450</ele><time>2023-02-15T10:05:05Z</time></trkpt><trkpt lat="28.097327" lon="85.373313"><ele>3642.038</ele><time>2023-02-15T10:05:11Z</time></trkpt><trkpt lat="28.097374" lon="85.373295"><ele>3640.120</ele><time>2023-02-15T10:05:18Z</time></trkpt><trkpt lat="28.097401" lon="85.373247"><ele>3638.457</ele><time>2023-02-15T10:05:25Z</time></trkpt><trkpt lat="28.097439" lon="85.373215"><ele>3635.828</ele><time>2023-02-15T10:05:32Z</time></trkpt><trkpt lat="28.097476" lon="85.373173"><ele>3634.189</ele><time>2023-02-15T10:05:39Z</time></trkpt><trkpt lat="28.097503" lon="85.373121"><ele>3633.317</ele><time>2023-02-15T10:05:45Z</time></trkpt><trkpt lat="28.097550" lon="85.373103"><ele>3629.309</ele><time>2023-02-15T10:05:57Z</time></trkpt><trkpt lat="28.097598" lon="85.373095"><ele>3627.913</ele><time>2023-02-15T10:06:04Z</time></trkpt><trkpt lat="28.097636" lon="85.373058"><ele>3625.044</ele><time>2023-02-15T10:06:14Z</time></trkpt><trkpt lat="28.097678" lon="85.373030"><ele>3624.028</ele><time>2023-02-15T10:06:21Z</time></trkpt><trkpt lat="28.097721" lon="85.373007"><ele>3622.832</ele><time>2023-02-15T10:06:27Z</time></trkpt><trkpt lat="28.097761" lon="85.372975"><ele>3620.252</ele><time>2023-02-15T10:06:36Z</time></trkpt><trkpt lat="28.097799" lon="85.372948"><ele>3619.836</ele><time>2023-02-15T10:06:43Z</time></trkpt><trkpt lat="28.097836" lon="85.372918"><ele>3620.674</ele><time>2023-02-15T10:06:48Z</time></trkpt><trkpt lat="28.097889" lon="85.372885"><ele>3630.856</ele><time>2023-02-15T10:06:51Z</time></trkpt><trkpt lat="28.097932" lon="85.372860"><ele>3628.763</ele><time>2023-02-15T10:06:59Z</time></trkpt><trkpt lat="28.097980" lon="85.372853"><ele>3626.242</ele><time>2023-02-15T10:07:06Z</time></trkpt><trkpt lat="28.098028" lon="85.372843"><ele>3624.522</ele><time>2023-02-15T10:07:13Z</time></trkpt><trkpt lat="28.098073" lon="85.372831"><ele>3622.814</ele><time>2023-02-15T10:07:21Z</time></trkpt><trkpt lat="28.098108" lon="85.372796"><ele>3619.909</ele><time>2023-02-15T10:07:29Z</time></trkpt><trkpt lat="28.098150" lon="85.372763"><ele>3618.575</ele><time>2023-02-15T10:07:36Z</time></trkpt><trkpt lat="28.098190" lon="85.372733"><ele>3617.366</ele><time>2023-02-15T10:07:42Z</time></trkpt><trkpt lat="28.098220" lon="85.372685"><ele>3618.520</ele><time>2023-02-15T10:07:47Z</time></trkpt><trkpt lat="28.098233" lon="85.372630"><ele>3620.734</ele><time>2023-02-15T10:07:53Z</time></trkpt><trkpt lat="28.098255" lon="85.372583"><ele>3620.274</ele><time>2023-02-15T10:07:59Z</time></trkpt><trkpt lat="28.098293" lon="85.372555"><ele>3619.128</ele><time>2023-02-15T10:08:05Z</time></trkpt><trkpt lat="28.098338" lon="85.372545"><ele>3617.226</ele><time>2023-02-15T10:08:10Z</time></trkpt><trkpt lat="28.098388" lon="85.372533"><ele>3615.698</ele><time>2023-02-15T10:08:17Z</time></trkpt><trkpt lat="28.098440" lon="85.372538"><ele>3614.335</ele><time>2023-02-15T10:08:24Z</time></trkpt><trkpt lat="28.098487" lon="85.372535"><ele>3614.415</ele><time>2023-02-15T10:08:30Z</time></trkpt><trkpt lat="28.098519" lon="85.372493"><ele>3614.565</ele><time>2023-02-15T10:08:38Z</time></trkpt><trkpt lat="28.098542" lon="85.372446"><ele>3613.411</ele><time>2023-02-15T10:08:49Z</time></trkpt><trkpt lat="28.098567" lon="85.372394"><ele>3612.009</ele><time>2023-02-15T10:08:58Z</time></trkpt><trkpt lat="28.098605" lon="85.372349"><ele>3610.592</ele><time>2023-02-15T10:09:08Z</time></trkpt><trkpt lat="28.098630" lon="85.372306"><ele>3608.153</ele><time>2023-02-15T10:09:17Z</time></trkpt><trkpt lat="28.098647" lon="85.372258"><ele>3608.187</ele><time>2023-02-15T10:09:23Z</time></trkpt><trkpt lat="28.098674" lon="85.372210"><ele>3608.961</ele><time>2023-02-15T10:09:29Z</time></trkpt><trkpt lat="28.098724" lon="85.372208"><ele>3608.311</ele><time>2023-02-15T10:09:38Z</time></trkpt><trkpt lat="28.098767" lon="85.372185"><ele>3607.265</ele><time>2023-02-15T10:09:45Z</time></trkpt><trkpt lat="28.098812" lon="85.372183"><ele>3606.543</ele><time>2023-02-15T10:09:50Z</time></trkpt><trkpt lat="28.098859" lon="85.372170"><ele>3605.655</ele><time>2023-02-15T10:09:55Z</time></trkpt><trkpt lat="28.098909" lon="85.372175"><ele>3604.212</ele><time>2023-02-15T10:10:01Z</time></trkpt><trkpt lat="28.098951" lon="85.372143"><ele>3601.594</ele><time>2023-02-15T10:10:06Z</time></trkpt><trkpt lat="28.098978" lon="85.372098"><ele>3599.857</ele><time>2023-02-15T10:10:12Z</time></trkpt><trkpt lat="28.099023" lon="85.372071"><ele>3598.022</ele><time>2023-02-15T10:10:24Z</time></trkpt><trkpt lat="28.099066" lon="85.372056"><ele>3596.709</ele><time>2023-02-15T10:10:29Z</time></trkpt><trkpt lat="28.099111" lon="85.372039"><ele>3594.360</ele><time>2023-02-15T10:10:35Z</time></trkpt><trkpt lat="28.099159" lon="85.372017"><ele>3594.311</ele><time>2023-02-15T10:10:43Z</time></trkpt><trkpt lat="28.099191" lon="85.371975"><ele>3593.625</ele><time>2023-02-15T10:10:50Z</time></trkpt><trkpt lat="28.099226" lon="85.371938"><ele>3592.479</ele><time>2023-02-15T10:10:58Z</time></trkpt><trkpt lat="28.099269" lon="85.371910"><ele>3591.059</ele><time>2023-02-15T10:11:06Z</time></trkpt><trkpt lat="28.099296" lon="85.371862"><ele>3589.473</ele><time>2023-02-15T10:11:15Z</time></trkpt><trkpt lat="28.099324" lon="85.371820"><ele>3588.941</ele><time>2023-02-15T10:11:21Z</time></trkpt><trkpt lat="28.099356" lon="85.371777"><ele>3593.713</ele><time>2023-02-15T10:11:27Z</time></trkpt><trkpt lat="28.099386" lon="85.371739"><ele>3591.950</ele><time>2023-02-15T10:11:36Z</time></trkpt><trkpt lat="28.099439" lon="85.371726"><ele>3589.672</ele><time>2023-02-15T10:11:43Z</time></trkpt><trkpt lat="28.099476" lon="85.371684"><ele>3588.013</ele><time>2023-02-15T10:11:51Z</time></trkpt><trkpt lat="28.099518" lon="85.371659"><ele>3587.914</ele><time>2023-02-15T10:11:59Z</time></trkpt><trkpt lat="28.099568" lon="85.371664"><ele>3587.209</ele><time>2023-02-15T10:12:09Z</time></trkpt><trkpt lat="28.099615" lon="85.371636"><ele>3585.658</ele><time>2023-02-15T10:12:17Z</time></trkpt><trkpt lat="28.099637" lon="85.371591"><ele>3584.849</ele><time>2023-02-15T10:12:23Z</time></trkpt><trkpt lat="28.099675" lon="85.371556"><ele>3583.283</ele><time>2023-02-15T10:12:31Z</time></trkpt><trkpt lat="28.099712" lon="85.371516"><ele>3581.937</ele><time>2023-02-15T10:12:38Z</time></trkpt><trkpt lat="28.099749" lon="85.371476"><ele>3581.427</ele><time>2023-02-15T10:12:45Z</time></trkpt><trkpt lat="28.099777" lon="85.371431"><ele>3580.841</ele><time>2023-02-15T10:12:51Z</time></trkpt><trkpt lat="28.099814" lon="85.371398"><ele>3579.529</ele><time>2023-02-15T10:12:57Z</time></trkpt><trkpt lat="28.099844" lon="85.371360"><ele>3578.071</ele><time>2023-02-15T10:13:03Z</time></trkpt><trkpt lat="28.099887" lon="85.371345"><ele>3575.858</ele><time>2023-02-15T10:13:11Z</time></trkpt><trkpt lat="28.099932" lon="85.371315"><ele>3575.449</ele><time>2023-02-15T10:13:16Z</time></trkpt><trkpt lat="28.099964" lon="85.371270"><ele>3575.302</ele><time>2023-02-15T10:13:21Z</time></trkpt><trkpt lat="28.099994" lon="85.371220"><ele>3575.922</ele><time>2023-02-15T10:13:27Z</time></trkpt><trkpt lat="28.100026" lon="85.371168"><ele>3576.509</ele><time>2023-02-15T10:13:33Z</time></trkpt><trkpt lat="28.100054" lon="85.371125"><ele>3576.145</ele><time>2023-02-15T10:13:39Z</time></trkpt><trkpt lat="28.100094" lon="85.371100"><ele>3575.386</ele><time>2023-02-15T10:13:45Z</time></trkpt><trkpt lat="28.100134" lon="85.371067"><ele>3575.510</ele><time>2023-02-15T10:13:52Z</time></trkpt><trkpt lat="28.100161" lon="85.371012"><ele>3574.964</ele><time>2023-02-15T10:13:59Z</time></trkpt><trkpt lat="28.100186" lon="85.370965"><ele>3575.174</ele><time>2023-02-15T10:14:04Z</time></trkpt><trkpt lat="28.100161" lon="85.370898"><ele>3585.518</ele><time>2023-02-15T10:14:22Z</time></trkpt><trkpt lat="28.100189" lon="85.370848"><ele>3583.546</ele><time>2023-02-15T10:14:28Z</time></trkpt><trkpt lat="28.100209" lon="85.370801"><ele>3581.958</ele><time>2023-02-15T10:14:34Z</time></trkpt><trkpt lat="28.100234" lon="85.370749"><ele>3581.185</ele><time>2023-02-15T10:14:39Z</time></trkpt><trkpt lat="28.100262" lon="85.370709"><ele>3580.371</ele><time>2023-02-15T10:14:44Z</time></trkpt><trkpt lat="28.100285" lon="85.370664"><ele>3580.241</ele><time>2023-02-15T10:14:48Z</time></trkpt><trkpt lat="28.100323" lon="85.370622"><ele>3577.515</ele><time>2023-02-15T10:14:55Z</time></trkpt><trkpt lat="28.100360" lon="85.370587"><ele>3576.109</ele><time>2023-02-15T10:15:01Z</time></trkpt><trkpt lat="28.100398" lon="85.370550"><ele>3577.478</ele><time>2023-02-15T10:15:09Z</time></trkpt><trkpt lat="28.100430" lon="85.370510"><ele>3577.429</ele><time>2023-02-15T10:15:15Z</time></trkpt><trkpt lat="28.100480" lon="85.370487"><ele>3576.333</ele><time>2023-02-15T10:15:22Z</time></trkpt><trkpt lat="28.100513" lon="85.370447"><ele>3575.117</ele><time>2023-02-15T10:15:28Z</time></trkpt><trkpt lat="28.100563" lon="85.370405"><ele>3575.377</ele><time>2023-02-15T10:15:36Z</time></trkpt><trkpt lat="28.100600" lon="85.370373"><ele>3574.791</ele><time>2023-02-15T10:15:41Z</time></trkpt><trkpt lat="28.100653" lon="85.370275"><ele>3575.299</ele><time>2023-02-15T10:15:51Z</time></trkpt><trkpt lat="28.100681" lon="85.370227"><ele>3575.061</ele><time>2023-02-15T10:15:58Z</time></trkpt><trkpt lat="28.100719" lon="85.370200"><ele>3576.098</ele><time>2023-02-15T10:16:04Z</time></trkpt><trkpt lat="28.100761" lon="85.370172"><ele>3576.413</ele><time>2023-02-15T10:16:10Z</time></trkpt><trkpt lat="28.100811" lon="85.370154"><ele>3576.843</ele><time>2023-02-15T10:16:16Z</time></trkpt><trkpt lat="28.100856" lon="85.370132"><ele>3578.207</ele><time>2023-02-15T10:16:21Z</time></trkpt><trkpt lat="28.100899" lon="85.370105"><ele>3580.409</ele><time>2023-02-15T10:16:26Z</time></trkpt><trkpt lat="28.100939" lon="85.370075"><ele>3581.452</ele><time>2023-02-15T10:16:31Z</time></trkpt><trkpt lat="28.100982" lon="85.370040"><ele>3581.413</ele><time>2023-02-15T10:16:38Z</time></trkpt><trkpt lat="28.101025" lon="85.370013"><ele>3581.457</ele><time>2023-02-15T10:16:44Z</time></trkpt><trkpt lat="28.101068" lon="85.369985"><ele>3581.431</ele><time>2023-02-15T10:16:51Z</time></trkpt><trkpt lat="28.101113" lon="85.369952"><ele>3581.521</ele><time>2023-02-15T10:16:57Z</time></trkpt><trkpt lat="28.101150" lon="85.369919"><ele>3580.925</ele><time>2023-02-15T10:17:02Z</time></trkpt><trkpt lat="28.101193" lon="85.369896"><ele>3580.263</ele><time>2023-02-15T10:17:08Z</time></trkpt><trkpt lat="28.101245" lon="85.369871"><ele>3580.695</ele><time>2023-02-15T10:17:14Z</time></trkpt><trkpt lat="28.101288" lon="85.369844"><ele>3580.582</ele><time>2023-02-15T10:17:18Z</time></trkpt><trkpt lat="28.101330" lon="85.369809"><ele>3579.538</ele><time>2023-02-15T10:17:24Z</time></trkpt><trkpt lat="28.101368" lon="85.369781"><ele>3577.670</ele><time>2023-02-15T10:17:29Z</time></trkpt><trkpt lat="28.101405" lon="85.369746"><ele>3577.117</ele><time>2023-02-15T10:17:34Z</time></trkpt><trkpt lat="28.101440" lon="85.369701"><ele>3576.109</ele><time>2023-02-15T10:17:40Z</time></trkpt><trkpt lat="28.101478" lon="85.369668"><ele>3575.914</ele><time>2023-02-15T10:17:45Z</time></trkpt><trkpt lat="28.101528" lon="85.369643"><ele>3575.815</ele><time>2023-02-15T10:17:50Z</time></trkpt><trkpt lat="28.101568" lon="85.369610"><ele>3575.459</ele><time>2023-02-15T10:17:55Z</time></trkpt><trkpt lat="28.101608" lon="85.369585"><ele>3576.533</ele><time>2023-02-15T10:17:59Z</time></trkpt><trkpt lat="28.101651" lon="85.369562"><ele>3576.933</ele><time>2023-02-15T10:18:04Z</time></trkpt><trkpt lat="28.101693" lon="85.369532"><ele>3577.747</ele><time>2023-02-15T10:18:09Z</time></trkpt><trkpt lat="28.101735" lon="85.369510"><ele>3578.785</ele><time>2023-02-15T10:18:14Z</time></trkpt><trkpt lat="28.101780" lon="85.369480"><ele>3578.877</ele><time>2023-02-15T10:18:19Z</time></trkpt><trkpt lat="28.101823" lon="85.369457"><ele>3579.334</ele><time>2023-02-15T10:18:26Z</time></trkpt><trkpt lat="28.101870" lon="85.369427"><ele>3578.748</ele><time>2023-02-15T10:18:32Z</time></trkpt><trkpt lat="28.101913" lon="85.369405"><ele>3578.661</ele><time>2023-02-15T10:18:37Z</time></trkpt><trkpt lat="28.101968" lon="85.369382"><ele>3579.517</ele><time>2023-02-15T10:18:42Z</time></trkpt><trkpt lat="28.102028" lon="85.369374"><ele>3580.209</ele><time>2023-02-15T10:18:48Z</time></trkpt><trkpt lat="28.102080" lon="85.369361"><ele>3580.475</ele><time>2023-02-15T10:18:54Z</time></trkpt><trkpt lat="28.102125" lon="85.369348"><ele>3580.046</ele><time>2023-02-15T10:18:59Z</time></trkpt><trkpt lat="28.102170" lon="85.369316"><ele>3579.980</ele><time>2023-02-15T10:19:08Z</time></trkpt><trkpt lat="28.102213" lon="85.369284"><ele>3580.084</ele><time>2023-02-15T10:19:13Z</time></trkpt><trkpt lat="28.102260" lon="85.369261"><ele>3580.524</ele><time>2023-02-15T10:19:17Z</time></trkpt><trkpt lat="28.102300" lon="85.369234"><ele>3580.698</ele><time>2023-02-15T10:19:23Z</time></trkpt><trkpt lat="28.102343" lon="85.369207"><ele>3580.736</ele><time>2023-02-15T10:19:29Z</time></trkpt><trkpt lat="28.102395" lon="85.369210"><ele>3581.458</ele><time>2023-02-15T10:19:35Z</time></trkpt><trkpt lat="28.102442" lon="85.369210"><ele>3582.175</ele><time>2023-02-15T10:19:39Z</time></trkpt><trkpt lat="28.102499" lon="85.369192"><ele>3582.625</ele><time>2023-02-15T10:19:44Z</time></trkpt><trkpt lat="28.102547" lon="85.369164"><ele>3582.626</ele><time>2023-02-15T10:19:49Z</time></trkpt><trkpt lat="28.102589" lon="85.369139"><ele>3582.008</ele><time>2023-02-15T10:19:53Z</time></trkpt><trkpt lat="28.102639" lon="85.369121"><ele>3582.409</ele><time>2023-02-15T10:19:58Z</time></trkpt><trkpt lat="28.102707" lon="85.369106"><ele>3585.553</ele><time>2023-02-15T10:20:06Z</time></trkpt><trkpt lat="28.102762" lon="85.369089"><ele>3586.134</ele><time>2023-02-15T10:20:16Z</time></trkpt><trkpt lat="28.102827" lon="85.369049"><ele>3587.698</ele><time>2023-02-15T10:20:19Z</time></trkpt><trkpt lat="28.102939" lon="85.368831"><ele>3584.732</ele><time>2023-02-15T10:20:41Z</time></trkpt><trkpt lat="28.102999" lon="85.368699"><ele>3584.332</ele><time>2023-02-15T10:20:51Z</time></trkpt><trkpt lat="28.102987" lon="85.368606"><ele>3583.316</ele><time>2023-02-15T10:20:59Z</time></trkpt><trkpt lat="28.102944" lon="85.368366"><ele>3584.384</ele><time>2023-02-15T10:21:20Z</time></trkpt><trkpt lat="28.102917" lon="85.368303"><ele>3583.526</ele><time>2023-02-15T10:21:26Z</time></trkpt><trkpt lat="28.102924" lon="85.368131"><ele>3577.893</ele><time>2023-02-15T10:21:43Z</time></trkpt><trkpt lat="28.102919" lon="85.368004"><ele>3576.424</ele><time>2023-02-15T10:21:55Z</time></trkpt><trkpt lat="28.102901" lon="85.367916"><ele>3574.804</ele><time>2023-02-15T10:22:03Z</time></trkpt><trkpt lat="28.102901" lon="85.367824"><ele>3573.214</ele><time>2023-02-15T10:22:12Z</time></trkpt><trkpt lat="28.102921" lon="85.367641"><ele>3572.409</ele><time>2023-02-15T10:22:29Z</time></trkpt><trkpt lat="28.102919" lon="85.367574"><ele>3573.173</ele><time>2023-02-15T10:22:37Z</time></trkpt><trkpt lat="28.102902" lon="85.367517"><ele>3572.744</ele><time>2023-02-15T10:22:44Z</time></trkpt><trkpt lat="28.102887" lon="85.367442"><ele>3573.318</ele><time>2023-02-15T10:22:54Z</time></trkpt><trkpt lat="28.102862" lon="85.367390"><ele>3574.232</ele><time>2023-02-15T10:22:58Z</time></trkpt><trkpt lat="28.102834" lon="85.367317"><ele>3576.552</ele><time>2023-02-15T10:23:04Z</time></trkpt><trkpt lat="28.102849" lon="85.367172"><ele>3577.656</ele><time>2023-02-15T10:23:22Z</time></trkpt><trkpt lat="28.102946" lon="85.367114"><ele>3577.864</ele><time>2023-02-15T10:23:33Z</time></trkpt><trkpt lat="28.103008" lon="85.367067"><ele>3578.266</ele><time>2023-02-15T10:23:40Z</time></trkpt><trkpt lat="28.103046" lon="85.367035"><ele>3578.573</ele><time>2023-02-15T10:23:45Z</time></trkpt><trkpt lat="28.103089" lon="85.367010"><ele>3578.654</ele><time>2023-02-15T10:23:49Z</time></trkpt><trkpt lat="28.103182" lon="85.366930"><ele>3578.356</ele><time>2023-02-15T10:24:02Z</time></trkpt><trkpt lat="28.103260" lon="85.366790"><ele>3577.211</ele><time>2023-02-15T10:24:18Z</time></trkpt><trkpt lat="28.103318" lon="85.366632"><ele>3570.909</ele><time>2023-02-15T10:24:37Z</time></trkpt><trkpt lat="28.103315" lon="85.366524"><ele>3568.916</ele><time>2023-02-15T10:24:45Z</time></trkpt><trkpt lat="28.103385" lon="85.366417"><ele>3564.847</ele><time>2023-02-15T10:24:59Z</time></trkpt><trkpt lat="28.103423" lon="85.366377"><ele>3564.191</ele><time>2023-02-15T10:25:05Z</time></trkpt><trkpt lat="28.103431" lon="85.366290"><ele>3563.655</ele><time>2023-02-15T10:25:12Z</time></trkpt><trkpt lat="28.103438" lon="85.366195"><ele>3562.735</ele><time>2023-02-15T10:25:19Z</time></trkpt><trkpt lat="28.103415" lon="85.366112"><ele>3562.929</ele><time>2023-02-15T10:25:28Z</time></trkpt><trkpt lat="28.103415" lon="85.365934"><ele>3564.517</ele><time>2023-02-15T10:25:49Z</time></trkpt><trkpt lat="28.103415" lon="85.365877"><ele>3562.999</ele><time>2023-02-15T10:26:04Z</time></trkpt><trkpt lat="28.103412" lon="85.365822"><ele>3562.066</ele><time>2023-02-15T10:26:12Z</time></trkpt><trkpt lat="28.103439" lon="85.365754"><ele>3561.238</ele><time>2023-02-15T10:26:22Z</time></trkpt><trkpt lat="28.103424" lon="85.365699"><ele>3559.770</ele><time>2023-02-15T10:26:29Z</time></trkpt><trkpt lat="28.103402" lon="85.365636"><ele>3557.217</ele><time>2023-02-15T10:26:36Z</time></trkpt><trkpt lat="28.103374" lon="85.365554"><ele>3555.109</ele><time>2023-02-15T10:26:44Z</time></trkpt><trkpt lat="28.103381" lon="85.365326"><ele>3552.334</ele><time>2023-02-15T10:27:16Z</time></trkpt><trkpt lat="28.103406" lon="85.365276"><ele>3551.655</ele><time>2023-02-15T10:27:23Z</time></trkpt><trkpt lat="28.103439" lon="85.365176"><ele>3551.999</ele><time>2023-02-15T10:27:33Z</time></trkpt><trkpt lat="28.103414" lon="85.365069"><ele>3550.463</ele><time>2023-02-15T10:27:44Z</time></trkpt><trkpt lat="28.103406" lon="85.365016"><ele>3549.673</ele><time>2023-02-15T10:27:48Z</time></trkpt><trkpt lat="28.103414" lon="85.364964"><ele>3546.827</ele><time>2023-02-15T10:27:56Z</time></trkpt><trkpt lat="28.103434" lon="85.364914"><ele>3545.945</ele><time>2023-02-15T10:28:03Z</time></trkpt><trkpt lat="28.103452" lon="85.364859"><ele>3543.947</ele><time>2023-02-15T10:28:12Z</time></trkpt><trkpt lat="28.103457" lon="85.364807"><ele>3542.854</ele><time>2023-02-15T10:28:19Z</time></trkpt><trkpt lat="28.103467" lon="85.364747"><ele>3540.263</ele><time>2023-02-15T10:28:28Z</time></trkpt><trkpt lat="28.103497" lon="85.364709"><ele>3539.244</ele><time>2023-02-15T10:28:33Z</time></trkpt><trkpt lat="28.103514" lon="85.364637"><ele>3537.118</ele><time>2023-02-15T10:28:44Z</time></trkpt><trkpt lat="28.103524" lon="85.364579"><ele>3536.009</ele><time>2023-02-15T10:28:50Z</time></trkpt><trkpt lat="28.103576" lon="85.364427"><ele>3534.987</ele><time>2023-02-15T10:29:04Z</time></trkpt><trkpt lat="28.103593" lon="85.364314"><ele>3534.598</ele><time>2023-02-15T10:29:16Z</time></trkpt><trkpt lat="28.103610" lon="85.364262"><ele>3533.812</ele><time>2023-02-15T10:29:21Z</time></trkpt><trkpt lat="28.103622" lon="85.364170"><ele>3534.336</ele><time>2023-02-15T10:29:30Z</time></trkpt><trkpt lat="28.103645" lon="85.364075"><ele>3531.916</ele><time>2023-02-15T10:29:42Z</time></trkpt><trkpt lat="28.103657" lon="85.364017"><ele>3532.020</ele><time>2023-02-15T10:29:48Z</time></trkpt><trkpt lat="28.103727" lon="85.363937"><ele>3529.878</ele><time>2023-02-15T10:29:59Z</time></trkpt><trkpt lat="28.103757" lon="85.363609"><ele>3530.330</ele><time>2023-02-15T10:30:37Z</time></trkpt><trkpt lat="28.103774" lon="85.363556"><ele>3528.687</ele><time>2023-02-15T10:30:46Z</time></trkpt><trkpt lat="28.103816" lon="85.363503"><ele>3527.554</ele><time>2023-02-15T10:30:53Z</time></trkpt><trkpt lat="28.103888" lon="85.363411"><ele>3525.856</ele><time>2023-02-15T10:31:04Z</time></trkpt><trkpt lat="28.103951" lon="85.363359"><ele>3526.311</ele><time>2023-02-15T10:31:10Z</time></trkpt><trkpt lat="28.103998" lon="85.363327"><ele>3526.609</ele><time>2023-02-15T10:31:15Z</time></trkpt><trkpt lat="28.104041" lon="85.363295"><ele>3526.786</ele><time>2023-02-15T10:31:22Z</time></trkpt><trkpt lat="28.104091" lon="85.363253"><ele>3526.247</ele><time>2023-02-15T10:31:29Z</time></trkpt><trkpt lat="28.104123" lon="85.363215"><ele>3526.941</ele><time>2023-02-15T10:31:35Z</time></trkpt><trkpt lat="28.104190" lon="85.363165"><ele>3526.275</ele><time>2023-02-15T10:31:45Z</time></trkpt><trkpt lat="28.104220" lon="85.363048"><ele>3521.695</ele><time>2023-02-15T10:31:59Z</time></trkpt><trkpt lat="28.104213" lon="85.362996"><ele>3521.029</ele><time>2023-02-15T10:32:03Z</time></trkpt><trkpt lat="28.104200" lon="85.362938"><ele>3520.167</ele><time>2023-02-15T10:32:08Z</time></trkpt><trkpt lat="28.104190" lon="85.362863"><ele>3520.049</ele><time>2023-02-15T10:32:14Z</time></trkpt><trkpt lat="28.104173" lon="85.362810"><ele>3518.666</ele><time>2023-02-15T10:32:20Z</time></trkpt><trkpt lat="28.104171" lon="85.362752"><ele>3516.327</ele><time>2023-02-15T10:32:27Z</time></trkpt><trkpt lat="28.104184" lon="85.362697"><ele>3513.468</ele><time>2023-02-15T10:32:32Z</time></trkpt><trkpt lat="28.104196" lon="85.362644"><ele>3512.114</ele><time>2023-02-15T10:32:37Z</time></trkpt><trkpt lat="28.104173" lon="85.362596"><ele>3509.409</ele><time>2023-02-15T10:32:44Z</time></trkpt><trkpt lat="28.104151" lon="85.362551"><ele>3508.373</ele><time>2023-02-15T10:32:50Z</time></trkpt><trkpt lat="28.104123" lon="85.362494"><ele>3506.534</ele><time>2023-02-15T10:32:59Z</time></trkpt><trkpt lat="28.104113" lon="85.362426"><ele>3503.248</ele><time>2023-02-15T10:33:11Z</time></trkpt><trkpt lat="28.104118" lon="85.362281"><ele>3502.312</ele><time>2023-02-15T10:33:31Z</time></trkpt><trkpt lat="28.104118" lon="85.362186"><ele>3502.682</ele><time>2023-02-15T10:33:43Z</time></trkpt><trkpt lat="28.104165" lon="85.362169"><ele>3499.286</ele><time>2023-02-15T10:34:03Z</time></trkpt><trkpt lat="28.104182" lon="85.362116"><ele>3496.784</ele><time>2023-02-15T10:34:13Z</time></trkpt><trkpt lat="28.104190" lon="85.362014"><ele>3494.576</ele><time>2023-02-15T10:34:29Z</time></trkpt><trkpt lat="28.104190" lon="85.361942"><ele>3491.793</ele><time>2023-02-15T10:34:42Z</time></trkpt><trkpt lat="28.104180" lon="85.361887"><ele>3501.992</ele><time>2023-02-15T10:36:13Z</time></trkpt><trkpt lat="28.104200" lon="85.361839"><ele>3497.973</ele><time>2023-02-15T10:36:18Z</time></trkpt><trkpt lat="28.104218" lon="85.361789"><ele>3495.120</ele><time>2023-02-15T10:36:22Z</time></trkpt><trkpt lat="28.104218" lon="85.361734"><ele>3492.709</ele><time>2023-02-15T10:36:28Z</time></trkpt><trkpt lat="28.104200" lon="85.361687"><ele>3491.130</ele><time>2023-02-15T10:36:35Z</time></trkpt><trkpt lat="28.104165" lon="85.361649"><ele>3491.481</ele><time>2023-02-15T10:36:42Z</time></trkpt><trkpt lat="28.104158" lon="85.361592"><ele>3489.145</ele><time>2023-02-15T10:36:49Z</time></trkpt><trkpt lat="28.104173" lon="85.361542"><ele>3487.819</ele><time>2023-02-15T10:36:55Z</time></trkpt><trkpt lat="28.104198" lon="85.361497"><ele>3483.979</ele><time>2023-02-15T10:37:04Z</time></trkpt><trkpt lat="28.104220" lon="85.361449"><ele>3480.553</ele><time>2023-02-15T10:37:13Z</time></trkpt><trkpt lat="28.104245" lon="85.361399"><ele>3478.791</ele><time>2023-02-15T10:37:20Z</time></trkpt><trkpt lat="28.104247" lon="85.361344"><ele>3477.123</ele><time>2023-02-15T10:37:28Z</time></trkpt><trkpt lat="28.104264" lon="85.361286"><ele>3477.280</ele><time>2023-02-15T10:37:33Z</time></trkpt><trkpt lat="28.104279" lon="85.361236"><ele>3477.148</ele><time>2023-02-15T10:37:38Z</time></trkpt><trkpt lat="28.104287" lon="85.361178"><ele>3476.261</ele><time>2023-02-15T10:37:45Z</time></trkpt><trkpt lat="28.104285" lon="85.361121"><ele>3475.617</ele><time>2023-02-15T10:37:51Z</time></trkpt><trkpt lat="28.104270" lon="85.361071"><ele>3475.809</ele><time>2023-02-15T10:37:57Z</time></trkpt><trkpt lat="28.104260" lon="85.361013"><ele>3476.065</ele><time>2023-02-15T10:38:03Z</time></trkpt><trkpt lat="28.104262" lon="85.360958"><ele>3476.076</ele><time>2023-02-15T10:38:08Z</time></trkpt><trkpt lat="28.104290" lon="85.360916"><ele>3476.040</ele><time>2023-02-15T10:38:14Z</time></trkpt><trkpt lat="28.104330" lon="85.360873"><ele>3475.954</ele><time>2023-02-15T10:38:19Z</time></trkpt><trkpt lat="28.104358" lon="85.360818"><ele>3477.314</ele><time>2023-02-15T10:38:23Z</time></trkpt><trkpt lat="28.104380" lon="85.360760"><ele>3478.718</ele><time>2023-02-15T10:38:28Z</time></trkpt><trkpt lat="28.104390" lon="85.360698"><ele>3479.796</ele><time>2023-02-15T10:38:33Z</time></trkpt><trkpt lat="28.104402" lon="85.360646"><ele>3481.688</ele><time>2023-02-15T10:38:40Z</time></trkpt><trkpt lat="28.104412" lon="85.360594"><ele>3483.215</ele><time>2023-02-15T10:38:45Z</time></trkpt><trkpt lat="28.104410" lon="85.360539"><ele>3483.654</ele><time>2023-02-15T10:38:50Z</time></trkpt><trkpt lat="28.104418" lon="85.360481"><ele>3482.756</ele><time>2023-02-15T10:38:56Z</time></trkpt><trkpt lat="28.104426" lon="85.360428"><ele>3483.111</ele><time>2023-02-15T10:39:00Z</time></trkpt><trkpt lat="28.104438" lon="85.360375"><ele>3482.609</ele><time>2023-02-15T10:39:07Z</time></trkpt><trkpt lat="28.104453" lon="85.360322"><ele>3482.416</ele><time>2023-02-15T10:39:13Z</time></trkpt><trkpt lat="28.104466" lon="85.360267"><ele>3480.947</ele><time>2023-02-15T10:39:19Z</time></trkpt><trkpt lat="28.104483" lon="85.360212"><ele>3479.291</ele><time>2023-02-15T10:39:25Z</time></trkpt><trkpt lat="28.104503" lon="85.360165"><ele>3477.715</ele><time>2023-02-15T10:39:30Z</time></trkpt><trkpt lat="28.104526" lon="85.360117"><ele>3477.145</ele><time>2023-02-15T10:39:36Z</time></trkpt><trkpt lat="28.104553" lon="85.360064"><ele>3476.429</ele><time>2023-02-15T10:39:42Z</time></trkpt><trkpt lat="28.104581" lon="85.360017"><ele>3476.787</ele><time>2023-02-15T10:39:47Z</time></trkpt><trkpt lat="28.104601" lon="85.359962"><ele>3476.929</ele><time>2023-02-15T10:39:52Z</time></trkpt><trkpt lat="28.104621" lon="85.359909"><ele>3477.456</ele><time>2023-02-15T10:39:58Z</time></trkpt><trkpt lat="28.104643" lon="85.359864"><ele>3476.865</ele><time>2023-02-15T10:40:04Z</time></trkpt><trkpt lat="28.104671" lon="85.359811"><ele>3475.868</ele><time>2023-02-15T10:40:10Z</time></trkpt><trkpt lat="28.104688" lon="85.359754"><ele>3475.514</ele><time>2023-02-15T10:40:15Z</time></trkpt><trkpt lat="28.104700" lon="85.359696"><ele>3476.809</ele><time>2023-02-15T10:40:20Z</time></trkpt><trkpt lat="28.104718" lon="85.359646"><ele>3477.647</ele><time>2023-02-15T10:40:28Z</time></trkpt><trkpt lat="28.104735" lon="85.359593"><ele>3476.818</ele><time>2023-02-15T10:40:34Z</time></trkpt><trkpt lat="28.104743" lon="85.359541"><ele>3475.552</ele><time>2023-02-15T10:40:39Z</time></trkpt><trkpt lat="28.104760" lon="85.359493"><ele>3474.016</ele><time>2023-02-15T10:40:47Z</time></trkpt><trkpt lat="28.104778" lon="85.359445"><ele>3472.636</ele><time>2023-02-15T10:40:54Z</time></trkpt><trkpt lat="28.104795" lon="85.359387"><ele>3471.560</ele><time>2023-02-15T10:40:59Z</time></trkpt><trkpt lat="28.104812" lon="85.359330"><ele>3470.698</ele><time>2023-02-15T10:41:04Z</time></trkpt><trkpt lat="28.104822" lon="85.359280"><ele>3470.270</ele><time>2023-02-15T10:41:09Z</time></trkpt><trkpt lat="28.104857" lon="85.359245"><ele>3470.877</ele><time>2023-02-15T10:41:16Z</time></trkpt><trkpt lat="28.104864" lon="85.359185"><ele>3471.623</ele><time>2023-02-15T10:41:20Z</time></trkpt><trkpt lat="28.104862" lon="85.359127"><ele>3471.083</ele><time>2023-02-15T10:41:24Z</time></trkpt><trkpt lat="28.104877" lon="85.359074"><ele>3468.811</ele><time>2023-02-15T10:41:30Z</time></trkpt><trkpt lat="28.104894" lon="85.359021"><ele>3467.209</ele><time>2023-02-15T10:41:35Z</time></trkpt><trkpt lat="28.104927" lon="85.358983"><ele>3466.473</ele><time>2023-02-15T10:41:41Z</time></trkpt><trkpt lat="28.104955" lon="85.358936"><ele>3470.714</ele><time>2023-02-15T10:41:45Z</time></trkpt><trkpt lat="28.104975" lon="85.358883"><ele>3469.248</ele><time>2023-02-15T10:41:51Z</time></trkpt><trkpt lat="28.104990" lon="85.358835"><ele>3467.262</ele><time>2023-02-15T10:41:57Z</time></trkpt><trkpt lat="28.105037" lon="85.358758"><ele>3466.492</ele><time>2023-02-15T10:42:07Z</time></trkpt><trkpt lat="28.105060" lon="85.358711"><ele>3465.536</ele><time>2023-02-15T10:42:12Z</time></trkpt><trkpt lat="28.105085" lon="85.358659"><ele>3465.054</ele><time>2023-02-15T10:42:19Z</time></trkpt><trkpt lat="28.105097" lon="85.358597"><ele>3465.046</ele><time>2023-02-15T10:42:26Z</time></trkpt><trkpt lat="28.105109" lon="85.358535"><ele>3464.983</ele><time>2023-02-15T10:42:32Z</time></trkpt><trkpt lat="28.105119" lon="85.358482"><ele>3464.179</ele><time>2023-02-15T10:42:38Z</time></trkpt><trkpt lat="28.105144" lon="85.358437"><ele>3462.705</ele><time>2023-02-15T10:42:43Z</time></trkpt><trkpt lat="28.105159" lon="85.358379"><ele>3462.525</ele><time>2023-02-15T10:42:48Z</time></trkpt><trkpt lat="28.105171" lon="85.358317"><ele>3463.709</ele><time>2023-02-15T10:42:53Z</time></trkpt><trkpt lat="28.105193" lon="85.358239"><ele>3476.248</ele><time>2023-02-15T10:43:16Z</time></trkpt><trkpt lat="28.105186" lon="85.358182"><ele>3476.239</ele><time>2023-02-15T10:43:22Z</time></trkpt><trkpt lat="28.105184" lon="85.358129"><ele>3476.513</ele><time>2023-02-15T10:43:28Z</time></trkpt><trkpt lat="28.105189" lon="85.358067"><ele>3473.597</ele><time>2023-02-15T10:43:37Z</time></trkpt><trkpt lat="28.105176" lon="85.358015"><ele>3472.587</ele><time>2023-02-15T10:43:44Z</time></trkpt><trkpt lat="28.105169" lon="85.357955"><ele>3474.031</ele><time>2023-02-15T10:43:50Z</time></trkpt><trkpt lat="28.105169" lon="85.357893"><ele>3475.039</ele><time>2023-02-15T10:43:56Z</time></trkpt><trkpt lat="28.105167" lon="85.357831"><ele>3475.571</ele><time>2023-02-15T10:44:02Z</time></trkpt><trkpt lat="28.105159" lon="85.357776"><ele>3477.178</ele><time>2023-02-15T10:44:08Z</time></trkpt><trkpt lat="28.105152" lon="85.357721"><ele>3479.054</ele><time>2023-02-15T10:44:15Z</time></trkpt><trkpt lat="28.105154" lon="85.357661"><ele>3481.156</ele><time>2023-02-15T10:44:23Z</time></trkpt><trkpt lat="28.105154" lon="85.357608"><ele>3481.711</ele><time>2023-02-15T10:44:30Z</time></trkpt><trkpt lat="28.105166" lon="85.357556"><ele>3480.609</ele><time>2023-02-15T10:44:37Z</time></trkpt><trkpt lat="28.105181" lon="85.357496"><ele>3480.486</ele><time>2023-02-15T10:44:43Z</time></trkpt><trkpt lat="28.105198" lon="85.357441"><ele>3480.847</ele><time>2023-02-15T10:44:48Z</time></trkpt><trkpt lat="28.105203" lon="85.357383"><ele>3482.431</ele><time>2023-02-15T10:44:55Z</time></trkpt><trkpt lat="28.105220" lon="85.357331"><ele>3482.875</ele><time>2023-02-15T10:45:00Z</time></trkpt><trkpt lat="28.105223" lon="85.357273"><ele>3482.845</ele><time>2023-02-15T10:45:09Z</time></trkpt><trkpt lat="28.105228" lon="85.357215"><ele>3482.329</ele><time>2023-02-15T10:45:15Z</time></trkpt><trkpt lat="28.105236" lon="85.357162"><ele>3482.567</ele><time>2023-02-15T10:45:20Z</time></trkpt><trkpt lat="28.105253" lon="85.357105"><ele>3482.499</ele><time>2023-02-15T10:45:27Z</time></trkpt><trkpt lat="28.105273" lon="85.357052"><ele>3481.116</ele><time>2023-02-15T10:45:32Z</time></trkpt><trkpt lat="28.105291" lon="85.357002"><ele>3481.436</ele><time>2023-02-15T10:45:37Z</time></trkpt><trkpt lat="28.105316" lon="85.356950"><ele>3482.417</ele><time>2023-02-15T10:45:44Z</time></trkpt><trkpt lat="28.105349" lon="85.356907"><ele>3485.218</ele><time>2023-02-15T10:45:52Z</time></trkpt><trkpt lat="28.105351" lon="85.356854"><ele>3486.009</ele><time>2023-02-15T10:45:58Z</time></trkpt><trkpt lat="28.105371" lon="85.356801"><ele>3485.414</ele><time>2023-02-15T10:46:04Z</time></trkpt><trkpt lat="28.105378" lon="85.356741"><ele>3485.185</ele><time>2023-02-15T10:46:11Z</time></trkpt><trkpt lat="28.105396" lon="85.356694"><ele>3484.889</ele><time>2023-02-15T10:46:15Z</time></trkpt><trkpt lat="28.105409" lon="85.356642"><ele>3483.933</ele><time>2023-02-15T10:46:20Z</time></trkpt><trkpt lat="28.105431" lon="85.356595"><ele>3482.273</ele><time>2023-02-15T10:46:25Z</time></trkpt><trkpt lat="28.105459" lon="85.356545"><ele>3481.127</ele><time>2023-02-15T10:46:31Z</time></trkpt><trkpt lat="28.105481" lon="85.356488"><ele>3481.395</ele><time>2023-02-15T10:46:36Z</time></trkpt><trkpt lat="28.105499" lon="85.356440"><ele>3481.787</ele><time>2023-02-15T10:46:41Z</time></trkpt><trkpt lat="28.105512" lon="85.356390"><ele>3481.254</ele><time>2023-02-15T10:46:47Z</time></trkpt><trkpt lat="28.105532" lon="85.356335"><ele>3481.033</ele><time>2023-02-15T10:46:53Z</time></trkpt><trkpt lat="28.105557" lon="85.356278"><ele>3480.823</ele><time>2023-02-15T10:46:58Z</time></trkpt><trkpt lat="28.105569" lon="85.356225"><ele>3481.315</ele><time>2023-02-15T10:47:02Z</time></trkpt><trkpt lat="28.105586" lon="85.356167"><ele>3481.409</ele><time>2023-02-15T10:47:06Z</time></trkpt><trkpt lat="28.105613" lon="85.356110"><ele>3482.114</ele><time>2023-02-15T10:47:11Z</time></trkpt><trkpt lat="28.105650" lon="85.356065"><ele>3483.675</ele><time>2023-02-15T10:47:16Z</time></trkpt><trkpt lat="28.105668" lon="85.356013"><ele>3483.449</ele><time>2023-02-15T10:47:22Z</time></trkpt><trkpt lat="28.105698" lon="85.355963"><ele>3481.933</ele><time>2023-02-15T10:47:28Z</time></trkpt><trkpt lat="28.105730" lon="85.355921"><ele>3480.673</ele><time>2023-02-15T10:47:34Z</time></trkpt><trkpt lat="28.105760" lon="85.355878"><ele>3479.617</ele><time>2023-02-15T10:47:39Z</time></trkpt><trkpt lat="28.105787" lon="85.355833"><ele>3479.045</ele><time>2023-02-15T10:47:44Z</time></trkpt><trkpt lat="28.105812" lon="85.355786"><ele>3478.987</ele><time>2023-02-15T10:47:48Z</time></trkpt><trkpt lat="28.105824" lon="85.355734"><ele>3478.744</ele><time>2023-02-15T10:47:52Z</time></trkpt><trkpt lat="28.105832" lon="85.355677"><ele>3478.679</ele><time>2023-02-15T10:47:57Z</time></trkpt><trkpt lat="28.105849" lon="85.355575"><ele>3480.105</ele><time>2023-02-15T10:48:09Z</time></trkpt><trkpt lat="28.105857" lon="85.355515"><ele>3480.825</ele><time>2023-02-15T10:48:15Z</time></trkpt><trkpt lat="28.105855" lon="85.355463"><ele>3480.909</ele><time>2023-02-15T10:48:20Z</time></trkpt><trkpt lat="28.105857" lon="85.355408"><ele>3480.348</ele><time>2023-02-15T10:48:26Z</time></trkpt><trkpt lat="28.105870" lon="85.355358"><ele>3479.419</ele><time>2023-02-15T10:48:31Z</time></trkpt><trkpt lat="28.105902" lon="85.355320"><ele>3488.343</ele><time>2023-02-15T10:48:33Z</time></trkpt><trkpt lat="28.105917" lon="85.355270"><ele>3487.567</ele><time>2023-02-15T10:48:38Z</time></trkpt><trkpt lat="28.105939" lon="85.355225"><ele>3486.587</ele><time>2023-02-15T10:48:44Z</time></trkpt><trkpt lat="28.105969" lon="85.355173"><ele>3485.231</ele><time>2023-02-15T10:48:50Z</time></trkpt><trkpt lat="28.105992" lon="85.355123"><ele>3483.959</ele><time>2023-02-15T10:48:54Z</time></trkpt><trkpt lat="28.106015" lon="85.355073"><ele>3482.691</ele><time>2023-02-15T10:48:59Z</time></trkpt><trkpt lat="28.106047" lon="85.355026"><ele>3481.838</ele><time>2023-02-15T10:49:05Z</time></trkpt><trkpt lat="28.106079" lon="85.354969"><ele>3481.127</ele><time>2023-02-15T10:49:09Z</time></trkpt><trkpt lat="28.106109" lon="85.354921"><ele>3480.868</ele><time>2023-02-15T10:49:13Z</time></trkpt><trkpt lat="28.106132" lon="85.354873"><ele>3479.014</ele><time>2023-02-15T10:49:19Z</time></trkpt><trkpt lat="28.106149" lon="85.354816"><ele>3477.709</ele><time>2023-02-15T10:49:25Z</time></trkpt><trkpt lat="28.106164" lon="85.354763"><ele>3477.053</ele><time>2023-02-15T10:49:30Z</time></trkpt><trkpt lat="28.106186" lon="85.354711"><ele>3484.844</ele><time>2023-02-15T10:49:32Z</time></trkpt><trkpt lat="28.106211" lon="85.354666"><ele>3483.678</ele><time>2023-02-15T10:49:37Z</time></trkpt><trkpt lat="28.106229" lon="85.354611"><ele>3482.632</ele><time>2023-02-15T10:49:42Z</time></trkpt><trkpt lat="28.106247" lon="85.354558"><ele>3481.862</ele><time>2023-02-15T10:49:49Z</time></trkpt><trkpt lat="28.106259" lon="85.354508"><ele>3480.936</ele><time>2023-02-15T10:49:55Z</time></trkpt><trkpt lat="28.106279" lon="85.354453"><ele>3480.624</ele><time>2023-02-15T10:50:01Z</time></trkpt><trkpt lat="28.106309" lon="85.354405"><ele>3479.596</ele><time>2023-02-15T10:50:06Z</time></trkpt><trkpt lat="28.106332" lon="85.354355"><ele>3477.833</ele><time>2023-02-15T10:50:11Z</time></trkpt><trkpt lat="28.106352" lon="85.354308"><ele>3476.719</ele><time>2023-02-15T10:50:15Z</time></trkpt><trkpt lat="28.106357" lon="85.354256"><ele>3474.609</ele><time>2023-02-15T10:50:21Z</time></trkpt><trkpt lat="28.106352" lon="85.354154"><ele>3484.519</ele><time>2023-02-15T10:50:26Z</time></trkpt><trkpt lat="28.106364" lon="85.354092"><ele>3483.409</ele><time>2023-02-15T10:50:32Z</time></trkpt><trkpt lat="28.106381" lon="85.354030"><ele>3481.672</ele><time>2023-02-15T10:50:37Z</time></trkpt><trkpt lat="28.106381" lon="85.353972"><ele>3480.493</ele><time>2023-02-15T10:50:43Z</time></trkpt><trkpt lat="28.106381" lon="85.353919"><ele>3478.917</ele><time>2023-02-15T10:50:50Z</time></trkpt><trkpt lat="28.106386" lon="85.353844"><ele>3477.191</ele><time>2023-02-15T10:50:59Z</time></trkpt><trkpt lat="28.106394" lon="85.353789"><ele>3475.871</ele><time>2023-02-15T10:51:05Z</time></trkpt><trkpt lat="28.106407" lon="85.353726"><ele>3473.185</ele><time>2023-02-15T10:51:11Z</time></trkpt><trkpt lat="28.106414" lon="85.353674"><ele>3471.243</ele><time>2023-02-15T10:51:16Z</time></trkpt><trkpt lat="28.106422" lon="85.353617"><ele>3468.085</ele><time>2023-02-15T10:51:22Z</time></trkpt><trkpt lat="28.106427" lon="85.353559"><ele>3466.732</ele><time>2023-02-15T10:51:28Z</time></trkpt><trkpt lat="28.106419" lon="85.353499"><ele>3466.059</ele><time>2023-02-15T10:51:33Z</time></trkpt><trkpt lat="28.106424" lon="85.353442"><ele>3467.103</ele><time>2023-02-15T10:51:37Z</time></trkpt><trkpt lat="28.106427" lon="85.353382"><ele>3468.523</ele><time>2023-02-15T10:51:41Z</time></trkpt><trkpt lat="28.106439" lon="85.353320"><ele>3467.909</ele><time>2023-02-15T10:51:46Z</time></trkpt><trkpt lat="28.106432" lon="85.353268"><ele>3466.836</ele><time>2023-02-15T10:51:53Z</time></trkpt><trkpt lat="28.106435" lon="85.353213"><ele>3466.037</ele><time>2023-02-15T10:51:58Z</time></trkpt><trkpt lat="28.106433" lon="85.353155"><ele>3465.711</ele><time>2023-02-15T10:52:03Z</time></trkpt><trkpt lat="28.106425" lon="85.353100"><ele>3465.265</ele><time>2023-02-15T10:52:08Z</time></trkpt><trkpt lat="28.106403" lon="85.353048"><ele>3463.615</ele><time>2023-02-15T10:52:14Z</time></trkpt><trkpt lat="28.106405" lon="85.352996"><ele>3463.089</ele><time>2023-02-15T10:52:19Z</time></trkpt><trkpt lat="28.106397" lon="85.352934"><ele>3462.517</ele><time>2023-02-15T10:52:23Z</time></trkpt><trkpt lat="28.106390" lon="85.352869"><ele>3464.149</ele><time>2023-02-15T10:52:27Z</time></trkpt><trkpt lat="28.106390" lon="85.352811"><ele>3464.746</ele><time>2023-02-15T10:52:32Z</time></trkpt><trkpt lat="28.106400" lon="85.352753"><ele>3464.781</ele><time>2023-02-15T10:52:38Z</time></trkpt><trkpt lat="28.106395" lon="85.352700"><ele>3464.361</ele><time>2023-02-15T10:52:43Z</time></trkpt><trkpt lat="28.106380" lon="85.352647"><ele>3464.617</ele><time>2023-02-15T10:52:48Z</time></trkpt><trkpt lat="28.106370" lon="85.352587"><ele>3462.909</ele><time>2023-02-15T10:52:54Z</time></trkpt><trkpt lat="28.106370" lon="85.352534"><ele>3460.919</ele><time>2023-02-15T10:52:59Z</time></trkpt><trkpt lat="28.106357" lon="85.352482"><ele>3461.680</ele><time>2023-02-15T10:53:03Z</time></trkpt><trkpt lat="28.106344" lon="85.352432"><ele>3460.224</ele><time>2023-02-15T10:53:08Z</time></trkpt><trkpt lat="28.106342" lon="85.352379"><ele>3458.238</ele><time>2023-02-15T10:53:14Z</time></trkpt><trkpt lat="28.106345" lon="85.352322"><ele>3454.658</ele><time>2023-02-15T10:53:22Z</time></trkpt><trkpt lat="28.106358" lon="85.352264"><ele>3451.982</ele><time>2023-02-15T10:53:28Z</time></trkpt><trkpt lat="28.106350" lon="85.352094"><ele>3482.350</ele><time>2023-02-15T10:53:33Z</time></trkpt><trkpt lat="28.106313" lon="85.352127"><ele>3480.962</ele><time>2023-02-15T10:53:36Z</time></trkpt><trkpt lat="28.106318" lon="85.352075"><ele>3474.959</ele><time>2023-02-15T10:53:42Z</time></trkpt><trkpt lat="28.106333" lon="85.352025"><ele>3468.957</ele><time>2023-02-15T10:53:48Z</time></trkpt><trkpt lat="28.106335" lon="85.351972"><ele>3467.300</ele><time>2023-02-15T10:53:53Z</time></trkpt><trkpt lat="28.106335" lon="85.351915"><ele>3464.520</ele><time>2023-02-15T10:54:00Z</time></trkpt><trkpt lat="28.106315" lon="85.351863"><ele>3461.109</ele><time>2023-02-15T10:54:06Z</time></trkpt><trkpt lat="28.106305" lon="85.351806"><ele>3458.156</ele><time>2023-02-15T10:54:14Z</time></trkpt><trkpt lat="28.106277" lon="85.351758"><ele>3456.387</ele><time>2023-02-15T10:54:19Z</time></trkpt><trkpt lat="28.106249" lon="85.351711"><ele>3456.421</ele><time>2023-02-15T10:54:24Z</time></trkpt><trkpt lat="28.106214" lon="85.351669"><ele>3456.435</ele><time>2023-02-15T10:54:29Z</time></trkpt><trkpt lat="28.106179" lon="85.351627"><ele>3456.555</ele><time>2023-02-15T10:54:34Z</time></trkpt><trkpt lat="28.106142" lon="85.351587"><ele>3455.529</ele><time>2023-02-15T10:54:40Z</time></trkpt><trkpt lat="28.106120" lon="85.351540"><ele>3454.467</ele><time>2023-02-15T10:54:44Z</time></trkpt><trkpt lat="28.106100" lon="85.351493"><ele>3454.269</ele><time>2023-02-15T10:54:48Z</time></trkpt><trkpt lat="28.106085" lon="85.351431"><ele>3452.576</ele><time>2023-02-15T10:54:53Z</time></trkpt><trkpt lat="28.106070" lon="85.351373"><ele>3451.447</ele><time>2023-02-15T10:54:58Z</time></trkpt><trkpt lat="28.106062" lon="85.351318"><ele>3450.329</ele><time>2023-02-15T10:55:03Z</time></trkpt><trkpt lat="28.106069" lon="85.351265"><ele>3449.721</ele><time>2023-02-15T10:55:07Z</time></trkpt><trkpt lat="28.106072" lon="85.351207"><ele>3449.309</ele><time>2023-02-15T10:55:12Z</time></trkpt><trkpt lat="28.106084" lon="85.351154"><ele>3449.095</ele><time>2023-02-15T10:55:17Z</time></trkpt><trkpt lat="28.106089" lon="85.351102"><ele>3449.046</ele><time>2023-02-15T10:55:22Z</time></trkpt><trkpt lat="28.106084" lon="85.351044"><ele>3449.270</ele><time>2023-02-15T10:55:28Z</time></trkpt><trkpt lat="28.106094" lon="85.350994"><ele>3448.234</ele><time>2023-02-15T10:55:34Z</time></trkpt><trkpt lat="28.106091" lon="85.350936"><ele>3447.064</ele><time>2023-02-15T10:55:42Z</time></trkpt><trkpt lat="28.106099" lon="85.350884"><ele>3446.338</ele><time>2023-02-15T10:55:48Z</time></trkpt><trkpt lat="28.106104" lon="85.350824"><ele>3445.366</ele><time>2023-02-15T10:55:54Z</time></trkpt><trkpt lat="28.106099" lon="85.350769"><ele>3443.828</ele><time>2023-02-15T10:55:59Z</time></trkpt><trkpt lat="28.106089" lon="85.350714"><ele>3443.545</ele><time>2023-02-15T10:56:05Z</time></trkpt><trkpt lat="28.106099" lon="85.350664"><ele>3444.623</ele><time>2023-02-15T10:56:12Z</time></trkpt><trkpt lat="28.106094" lon="85.350607"><ele>3443.483</ele><time>2023-02-15T10:56:17Z</time></trkpt><trkpt lat="28.106091" lon="85.350554"><ele>3440.811</ele><time>2023-02-15T10:56:22Z</time></trkpt><trkpt lat="28.106096" lon="85.350502"><ele>3439.909</ele><time>2023-02-15T10:56:26Z</time></trkpt><trkpt lat="28.106093" lon="85.350449"><ele>3438.743</ele><time>2023-02-15T10:56:31Z</time></trkpt><trkpt lat="28.106066" lon="85.350397"><ele>3437.964</ele><time>2023-02-15T10:56:36Z</time></trkpt><trkpt lat="28.106048" lon="85.350342"><ele>3438.618</ele><time>2023-02-15T10:56:41Z</time></trkpt><trkpt lat="28.106041" lon="85.350282"><ele>3439.042</ele><time>2023-02-15T10:56:47Z</time></trkpt><trkpt lat="28.106026" lon="85.350229"><ele>3440.292</ele><time>2023-02-15T10:56:54Z</time></trkpt><trkpt lat="28.106014" lon="85.350176"><ele>3439.696</ele><time>2023-02-15T10:57:00Z</time></trkpt><trkpt lat="28.106017" lon="85.350124"><ele>3438.324</ele><time>2023-02-15T10:57:06Z</time></trkpt><trkpt lat="28.105977" lon="85.350064"><ele>3442.946</ele><time>2023-02-15T10:57:13Z</time></trkpt><trkpt lat="28.105947" lon="85.349929"><ele>3437.243</ele><time>2023-02-15T10:57:32Z</time></trkpt><trkpt lat="28.105937" lon="85.349869"><ele>3435.167</ele><time>2023-02-15T10:57:39Z</time></trkpt><trkpt lat="28.105915" lon="85.349819"><ele>3434.281</ele><time>2023-02-15T10:57:46Z</time></trkpt><trkpt lat="28.105920" lon="85.349764"><ele>3432.619</ele><time>2023-02-15T10:57:52Z</time></trkpt><trkpt lat="28.105933" lon="85.349709"><ele>3429.909</ele><time>2023-02-15T10:57:58Z</time></trkpt><trkpt lat="28.105926" lon="85.349654"><ele>3426.957</ele><time>2023-02-15T10:58:05Z</time></trkpt><trkpt lat="28.105909" lon="85.349601"><ele>3424.258</ele><time>2023-02-15T10:58:11Z</time></trkpt><trkpt lat="28.105889" lon="85.349541"><ele>3422.982</ele><time>2023-02-15T10:58:17Z</time></trkpt><trkpt lat="28.105869" lon="85.349484"><ele>3421.446</ele><time>2023-02-15T10:58:23Z</time></trkpt><trkpt lat="28.105864" lon="85.349426"><ele>3421.166</ele><time>2023-02-15T10:58:28Z</time></trkpt><trkpt lat="28.105867" lon="85.349371"><ele>3421.190</ele><time>2023-02-15T10:58:33Z</time></trkpt><trkpt lat="28.105872" lon="85.349319"><ele>3420.378</ele><time>2023-02-15T10:58:38Z</time></trkpt><trkpt lat="28.105884" lon="85.349269"><ele>3419.830</ele><time>2023-02-15T10:58:45Z</time></trkpt><trkpt lat="28.105899" lon="85.349221"><ele>3418.517</ele><time>2023-02-15T10:58:50Z</time></trkpt><trkpt lat="28.105917" lon="85.349171"><ele>3418.935</ele><time>2023-02-15T10:58:55Z</time></trkpt><trkpt lat="28.105935" lon="85.349124"><ele>3418.886</ele><time>2023-02-15T10:58:59Z</time></trkpt><trkpt lat="28.105942" lon="85.349069"><ele>3418.414</ele><time>2023-02-15T10:59:04Z</time></trkpt><trkpt lat="28.105947" lon="85.349017"><ele>3417.809</ele><time>2023-02-15T10:59:10Z</time></trkpt><trkpt lat="28.105954" lon="85.348960"><ele>3417.614</ele><time>2023-02-15T10:59:15Z</time></trkpt><trkpt lat="28.105959" lon="85.348905"><ele>3418.345</ele><time>2023-02-15T10:59:21Z</time></trkpt><trkpt lat="28.105936" lon="85.348773"><ele>3417.529</ele><time>2023-02-15T10:59:40Z</time></trkpt><trkpt lat="28.105956" lon="85.348720"><ele>3415.573</ele><time>2023-02-15T10:59:48Z</time></trkpt><trkpt lat="28.105994" lon="85.348628"><ele>3413.013</ele><time>2023-02-15T11:00:05Z</time></trkpt><trkpt lat="28.106016" lon="85.348581"><ele>3411.077</ele><time>2023-02-15T11:00:13Z</time></trkpt><trkpt lat="28.106056" lon="85.348498"><ele>3409.415</ele><time>2023-02-15T11:00:27Z</time></trkpt><trkpt lat="28.106071" lon="85.348446"><ele>3408.547</ele><time>2023-02-15T11:00:33Z</time></trkpt><trkpt lat="28.106093" lon="85.348399"><ele>3408.534</ele><time>2023-02-15T11:00:39Z</time></trkpt><trkpt lat="28.106108" lon="85.348262"><ele>3409.296</ele><time>2023-02-15T11:00:58Z</time></trkpt><trkpt lat="28.106110" lon="85.348205"><ele>3407.731</ele><time>2023-02-15T11:01:03Z</time></trkpt><trkpt lat="28.106122" lon="85.348152"><ele>3404.924</ele><time>2023-02-15T11:01:09Z</time></trkpt><trkpt lat="28.106130" lon="85.348100"><ele>3404.109</ele><time>2023-02-15T11:01:13Z</time></trkpt><trkpt lat="28.106148" lon="85.348050"><ele>3403.310</ele><time>2023-02-15T11:01:18Z</time></trkpt><trkpt lat="28.106165" lon="85.347997"><ele>3402.331</ele><time>2023-02-15T11:01:24Z</time></trkpt><trkpt lat="28.106072" lon="85.347914"><ele>3409.425</ele><time>2023-02-15T11:01:29Z</time></trkpt><trkpt lat="28.106065" lon="85.347842"><ele>3407.899</ele><time>2023-02-15T11:01:50Z</time></trkpt><trkpt lat="28.106082" lon="85.347772"><ele>3406.749</ele><time>2023-02-15T11:01:56Z</time></trkpt><trkpt lat="28.106087" lon="85.347715"><ele>3405.133</ele><time>2023-02-15T11:02:05Z</time></trkpt><trkpt lat="28.106119" lon="85.347653"><ele>3404.561</ele><time>2023-02-15T11:02:12Z</time></trkpt><trkpt lat="28.106137" lon="85.347591"><ele>3405.643</ele><time>2023-02-15T11:02:16Z</time></trkpt><trkpt lat="28.106150" lon="85.347533"><ele>3406.780</ele><time>2023-02-15T11:02:41Z</time></trkpt><trkpt lat="28.106157" lon="85.347481"><ele>3405.748</ele><time>2023-02-15T11:02:49Z</time></trkpt><trkpt lat="28.106174" lon="85.347426"><ele>3406.161</ele><time>2023-02-15T11:02:54Z</time></trkpt><trkpt lat="28.106184" lon="85.347371"><ele>3406.317</ele><time>2023-02-15T11:03:00Z</time></trkpt><trkpt lat="28.106192" lon="85.347314"><ele>3405.809</ele><time>2023-02-15T11:03:07Z</time></trkpt><trkpt lat="28.106190" lon="85.347259"><ele>3404.155</ele><time>2023-02-15T11:03:15Z</time></trkpt><trkpt lat="28.106170" lon="85.347202"><ele>3404.436</ele><time>2023-02-15T11:03:20Z</time></trkpt><trkpt lat="28.106163" lon="85.347145"><ele>3402.520</ele><time>2023-02-15T11:03:26Z</time></trkpt><trkpt lat="28.106143" lon="85.347082"><ele>3403.424</ele><time>2023-02-15T11:03:30Z</time></trkpt><trkpt lat="28.106166" lon="85.347022"><ele>3400.544</ele><time>2023-02-15T11:03:36Z</time></trkpt><trkpt lat="28.106168" lon="85.346969"><ele>3398.458</ele><time>2023-02-15T11:03:46Z</time></trkpt><trkpt lat="28.106193" lon="85.346911"><ele>3395.586</ele><time>2023-02-15T11:03:55Z</time></trkpt><trkpt lat="28.106188" lon="85.346854"><ele>3394.048</ele><time>2023-02-15T11:03:59Z</time></trkpt><trkpt lat="28.106181" lon="85.346802"><ele>3393.395</ele><time>2023-02-15T11:04:02Z</time></trkpt><trkpt lat="28.106168" lon="85.346752"><ele>3393.171</ele><time>2023-02-15T11:04:05Z</time></trkpt><trkpt lat="28.106135" lon="85.346704"><ele>3394.441</ele><time>2023-02-15T11:04:09Z</time></trkpt><trkpt lat="28.106375" lon="85.346382"><ele>3377.015</ele><time>2023-02-15T11:05:09Z</time></trkpt><trkpt lat="28.106478" lon="85.346270"><ele>3378.009</ele><time>2023-02-15T11:05:13Z</time></trkpt><trkpt lat="28.106545" lon="85.346162"><ele>3381.448</ele><time>2023-02-15T11:05:21Z</time></trkpt><trkpt lat="28.106577" lon="85.346125"><ele>3381.849</ele><time>2023-02-15T11:05:30Z</time></trkpt><trkpt lat="28.106632" lon="85.346102"><ele>3380.913</ele><time>2023-02-15T11:05:38Z</time></trkpt><trkpt lat="28.106677" lon="85.346085"><ele>3378.527</ele><time>2023-02-15T11:05:43Z</time></trkpt><trkpt lat="28.106724" lon="85.346092"><ele>3377.937</ele><time>2023-02-15T11:05:48Z</time></trkpt><trkpt lat="28.106774" lon="85.346079"><ele>3375.821</ele><time>2023-02-15T11:05:53Z</time></trkpt><trkpt lat="28.106821" lon="85.346087"><ele>3373.879</ele><time>2023-02-15T11:06:00Z</time></trkpt><trkpt lat="28.106863" lon="85.346050"><ele>3372.581</ele><time>2023-02-15T11:06:05Z</time></trkpt><trkpt lat="28.106906" lon="85.346035"><ele>3371.498</ele><time>2023-02-15T11:06:10Z</time></trkpt><trkpt lat="28.106956" lon="85.346027"><ele>3370.375</ele><time>2023-02-15T11:06:16Z</time></trkpt><trkpt lat="28.107011" lon="85.346030"><ele>3367.428</ele><time>2023-02-15T11:06:26Z</time></trkpt><trkpt lat="28.107058" lon="85.346017"><ele>3366.420</ele><time>2023-02-15T11:06:32Z</time></trkpt><trkpt lat="28.107101" lon="85.346000"><ele>3365.309</ele><time>2023-02-15T11:06:38Z</time></trkpt><trkpt lat="28.107148" lon="85.345975"><ele>3364.878</ele><time>2023-02-15T11:06:43Z</time></trkpt><trkpt lat="28.107178" lon="85.345933"><ele>3363.889</ele><time>2023-02-15T11:06:53Z</time></trkpt><trkpt lat="28.107220" lon="85.345905"><ele>3364.083</ele><time>2023-02-15T11:06:58Z</time></trkpt><trkpt lat="28.107270" lon="85.345888"><ele>3362.937</ele><time>2023-02-15T11:07:05Z</time></trkpt><trkpt lat="28.107310" lon="85.345858"><ele>3362.167</ele><time>2023-02-15T11:07:13Z</time></trkpt><trkpt lat="28.107355" lon="85.345833"><ele>3361.851</ele><time>2023-02-15T11:07:19Z</time></trkpt><trkpt lat="28.107400" lon="85.345810"><ele>3361.979</ele><time>2023-02-15T11:07:24Z</time></trkpt><trkpt lat="28.107428" lon="85.345752"><ele>3361.581</ele><time>2023-02-15T11:07:29Z</time></trkpt><trkpt lat="28.107458" lon="85.345695"><ele>3361.448</ele><time>2023-02-15T11:07:35Z</time></trkpt><trkpt lat="28.107480" lon="85.345605"><ele>3368.114</ele><time>2023-02-15T11:07:44Z</time></trkpt><trkpt lat="28.107673" lon="85.345403"><ele>3369.054</ele><time>2023-02-15T11:08:15Z</time></trkpt><trkpt lat="28.107718" lon="85.345396"><ele>3362.009</ele><time>2023-02-15T11:08:24Z</time></trkpt><trkpt lat="28.107770" lon="85.345386"><ele>3358.709</ele><time>2023-02-15T11:08:31Z</time></trkpt><trkpt lat="28.107815" lon="85.345356"><ele>3356.322</ele><time>2023-02-15T11:08:35Z</time></trkpt><trkpt lat="28.107868" lon="85.345341"><ele>3353.033</ele><time>2023-02-15T11:08:42Z</time></trkpt><trkpt lat="28.107913" lon="85.345323"><ele>3350.647</ele><time>2023-02-15T11:08:47Z</time></trkpt><trkpt lat="28.107965" lon="85.345291"><ele>3349.221</ele><time>2023-02-15T11:08:52Z</time></trkpt><trkpt lat="28.108007" lon="85.345266"><ele>3348.751</ele><time>2023-02-15T11:08:56Z</time></trkpt><trkpt lat="28.108045" lon="85.345236"><ele>3348.645</ele><time>2023-02-15T11:09:01Z</time></trkpt><trkpt lat="28.108073" lon="85.345181"><ele>3349.453</ele><time>2023-02-15T11:09:06Z</time></trkpt><trkpt lat="28.108100" lon="85.345138"><ele>3348.935</ele><time>2023-02-15T11:09:15Z</time></trkpt><trkpt lat="28.108137" lon="85.345106"><ele>3346.712</ele><time>2023-02-15T11:09:21Z</time></trkpt><trkpt lat="28.108180" lon="85.345083"><ele>3346.261</ele><time>2023-02-15T11:09:29Z</time></trkpt><trkpt lat="28.108210" lon="85.345043"><ele>3344.321</ele><time>2023-02-15T11:09:38Z</time></trkpt><trkpt lat="28.108245" lon="85.345008"><ele>3343.213</ele><time>2023-02-15T11:09:45Z</time></trkpt><trkpt lat="28.108293" lon="85.344998"><ele>3342.209</ele><time>2023-02-15T11:09:54Z</time></trkpt><trkpt lat="28.108343" lon="85.344975"><ele>3342.867</ele><time>2023-02-15T11:09:59Z</time></trkpt><trkpt lat="28.108380" lon="85.344945"><ele>3342.298</ele><time>2023-02-15T11:10:08Z</time></trkpt><trkpt lat="28.108427" lon="85.344930"><ele>3341.572</ele><time>2023-02-15T11:10:14Z</time></trkpt><trkpt lat="28.108474" lon="85.344900"><ele>3340.836</ele><time>2023-02-15T11:10:22Z</time></trkpt><trkpt lat="28.108516" lon="85.344878"><ele>3340.556</ele><time>2023-02-15T11:10:28Z</time></trkpt><trkpt lat="28.108554" lon="85.344845"><ele>3340.840</ele><time>2023-02-15T11:10:35Z</time></trkpt><trkpt lat="28.108592" lon="85.344803"><ele>3340.938</ele><time>2023-02-15T11:10:41Z</time></trkpt><trkpt lat="28.108627" lon="85.344766"><ele>3341.590</ele><time>2023-02-15T11:10:46Z</time></trkpt><trkpt lat="28.108657" lon="85.344723"><ele>3342.857</ele><time>2023-02-15T11:10:51Z</time></trkpt><trkpt lat="28.108687" lon="85.344680"><ele>3343.254</ele><time>2023-02-15T11:10:56Z</time></trkpt><trkpt lat="28.108712" lon="85.344632"><ele>3344.056</ele><time>2023-02-15T11:11:02Z</time></trkpt><trkpt lat="28.108745" lon="85.344590"><ele>3344.311</ele><time>2023-02-15T11:11:06Z</time></trkpt><trkpt lat="28.108783" lon="85.344548"><ele>3344.809</ele><time>2023-02-15T11:11:12Z</time></trkpt><trkpt lat="28.108830" lon="85.344525"><ele>3344.916</ele><time>2023-02-15T11:11:18Z</time></trkpt><trkpt lat="28.108880" lon="85.344502"><ele>3344.717</ele><time>2023-02-15T11:11:23Z</time></trkpt><trkpt lat="28.108927" lon="85.344475"><ele>3343.561</ele><time>2023-02-15T11:11:29Z</time></trkpt><trkpt lat="28.108969" lon="85.344443"><ele>3342.625</ele><time>2023-02-15T11:11:35Z</time></trkpt><trkpt lat="28.109007" lon="85.344415"><ele>3342.555</ele><time>2023-02-15T11:11:41Z</time></trkpt><trkpt lat="28.109045" lon="85.344387"><ele>3341.899</ele><time>2023-02-15T11:11:46Z</time></trkpt><trkpt lat="28.109082" lon="85.344349"><ele>3340.557</ele><time>2023-02-15T11:11:52Z</time></trkpt><trkpt lat="28.109119" lon="85.344309"><ele>3339.779</ele><time>2023-02-15T11:11:59Z</time></trkpt><trkpt lat="28.109149" lon="85.344267"><ele>3338.466</ele><time>2023-02-15T11:12:08Z</time></trkpt><trkpt lat="28.109179" lon="85.344219"><ele>3338.588</ele><time>2023-02-15T11:12:14Z</time></trkpt><trkpt lat="28.109219" lon="85.344181"><ele>3337.824</ele><time>2023-02-15T11:12:20Z</time></trkpt><trkpt lat="28.109264" lon="85.344149"><ele>3336.626</ele><time>2023-02-15T11:12:29Z</time></trkpt><trkpt lat="28.109304" lon="85.344119"><ele>3335.609</ele><time>2023-02-15T11:12:34Z</time></trkpt><trkpt lat="28.109339" lon="85.344082"><ele>3334.999</ele><time>2023-02-15T11:12:40Z</time></trkpt><trkpt lat="28.109377" lon="85.344042"><ele>3334.180</ele><time>2023-02-15T11:12:47Z</time></trkpt><trkpt lat="28.109415" lon="85.344002"><ele>3333.684</ele><time>2023-02-15T11:12:54Z</time></trkpt><trkpt lat="28.109447" lon="85.343960"><ele>3332.448</ele><time>2023-02-15T11:13:02Z</time></trkpt><trkpt lat="28.109479" lon="85.343920"><ele>3332.198</ele><time>2023-02-15T11:13:08Z</time></trkpt><trkpt lat="28.109522" lon="85.343897"><ele>3331.942</ele><time>2023-02-15T11:13:18Z</time></trkpt><trkpt lat="28.109539" lon="85.343849"><ele>3331.950</ele><time>2023-02-15T11:13:22Z</time></trkpt><trkpt lat="28.109574" lon="85.343806"><ele>3330.472</ele><time>2023-02-15T11:13:34Z</time></trkpt><trkpt lat="28.109617" lon="85.343791"><ele>3329.329</ele><time>2023-02-15T11:13:42Z</time></trkpt><trkpt lat="28.109664" lon="85.343778"><ele>3327.241</ele><time>2023-02-15T11:13:49Z</time></trkpt><trkpt lat="28.109701" lon="85.343746"><ele>3324.881</ele><time>2023-02-15T11:13:58Z</time></trkpt><trkpt lat="28.109744" lon="85.343724"><ele>3323.309</ele><time>2023-02-15T11:14:06Z</time></trkpt><trkpt lat="28.109806" lon="85.343686"><ele>3322.109</ele><time>2023-02-15T11:14:20Z</time></trkpt><trkpt lat="28.109846" lon="85.343646"><ele>3320.825</ele><time>2023-02-15T11:14:27Z</time></trkpt><trkpt lat="28.109884" lon="85.343619"><ele>3320.346</ele><time>2023-02-15T11:14:38Z</time></trkpt><trkpt lat="28.109916" lon="85.343581"><ele>3319.820</ele><time>2023-02-15T11:14:45Z</time></trkpt><trkpt lat="28.109953" lon="85.343544"><ele>3318.714</ele><time>2023-02-15T11:14:52Z</time></trkpt><trkpt lat="28.109993" lon="85.343521"><ele>3317.754</ele><time>2023-02-15T11:14:59Z</time></trkpt><trkpt lat="28.110025" lon="85.343476"><ele>3317.188</ele><time>2023-02-15T11:15:06Z</time></trkpt><trkpt lat="28.110053" lon="85.343436"><ele>3316.926</ele><time>2023-02-15T11:15:13Z</time></trkpt><trkpt lat="28.110078" lon="85.343389"><ele>3316.218</ele><time>2023-02-15T11:15:20Z</time></trkpt><trkpt lat="28.110111" lon="85.343349"><ele>3314.815</ele><time>2023-02-15T11:15:27Z</time></trkpt><trkpt lat="28.110128" lon="85.343291"><ele>3313.451</ele><time>2023-02-15T11:15:36Z</time></trkpt><trkpt lat="28.110150" lon="85.343244"><ele>3312.101</ele><time>2023-02-15T11:15:44Z</time></trkpt><trkpt lat="28.110188" lon="85.343206"><ele>3309.711</ele><time>2023-02-15T11:15:53Z</time></trkpt><trkpt lat="28.110238" lon="85.343198"><ele>3309.109</ele><time>2023-02-15T11:15:59Z</time></trkpt><trkpt lat="28.110273" lon="85.343165"><ele>3309.246</ele><time>2023-02-15T11:16:04Z</time></trkpt><trkpt lat="28.110315" lon="85.343135"><ele>3309.977</ele><time>2023-02-15T11:16:09Z</time></trkpt><trkpt lat="28.110348" lon="85.343093"><ele>3310.971</ele><time>2023-02-15T11:16:17Z</time></trkpt><trkpt lat="28.110356" lon="85.343041"><ele>3312.775</ele><time>2023-02-15T11:16:24Z</time></trkpt><trkpt lat="28.110366" lon="85.342991"><ele>3312.495</ele><time>2023-02-15T11:16:31Z</time></trkpt><trkpt lat="28.110359" lon="85.342933"><ele>3310.629</ele><time>2023-02-15T11:16:41Z</time></trkpt><trkpt lat="28.110382" lon="85.342886"><ele>3309.247</ele><time>2023-02-15T11:16:49Z</time></trkpt><trkpt lat="28.110397" lon="85.342838"><ele>3308.219</ele><time>2023-02-15T11:16:57Z</time></trkpt><trkpt lat="28.110405" lon="85.342786"><ele>3307.866</ele><time>2023-02-15T11:17:05Z</time></trkpt><trkpt lat="28.110405" lon="85.342729"><ele>3307.474</ele><time>2023-02-15T11:17:12Z</time></trkpt><trkpt lat="28.110407" lon="85.342672"><ele>3305.956</ele><time>2023-02-15T11:17:23Z</time></trkpt><trkpt lat="28.110409" lon="85.342619"><ele>3305.421</ele><time>2023-02-15T11:17:32Z</time></trkpt><trkpt lat="28.110414" lon="85.342564"><ele>3304.909</ele><time>2023-02-15T11:17:42Z</time></trkpt><trkpt lat="28.110421" lon="85.342509"><ele>3303.538</ele><time>2023-02-15T11:17:53Z</time></trkpt><trkpt lat="28.110441" lon="85.342462"><ele>3301.999</ele><time>2023-02-15T11:18:03Z</time></trkpt><trkpt lat="28.110468" lon="85.342417"><ele>3300.983</ele><time>2023-02-15T11:18:12Z</time></trkpt><trkpt lat="28.110495" lon="85.342369"><ele>3300.017</ele><time>2023-02-15T11:18:23Z</time></trkpt><trkpt lat="28.110510" lon="85.342316"><ele>3300.147</ele><time>2023-02-15T11:18:28Z</time></trkpt><trkpt lat="28.110532" lon="85.342263"><ele>3299.381</ele><time>2023-02-15T11:18:36Z</time></trkpt><trkpt lat="28.110549" lon="85.342215"><ele>3299.149</ele><time>2023-02-15T11:18:42Z</time></trkpt><trkpt lat="28.110567" lon="85.342150"><ele>3298.231</ele><time>2023-02-15T11:18:47Z</time></trkpt><trkpt lat="28.110579" lon="85.342090"><ele>3297.438</ele><time>2023-02-15T11:18:52Z</time></trkpt><trkpt lat="28.110584" lon="85.342032"><ele>3297.182</ele><time>2023-02-15T11:18:57Z</time></trkpt><trkpt lat="28.110594" lon="85.341974"><ele>3296.543</ele><time>2023-02-15T11:19:04Z</time></trkpt><trkpt lat="28.110607" lon="85.341922"><ele>3295.417</ele><time>2023-02-15T11:19:12Z</time></trkpt><trkpt lat="28.110614" lon="85.341870"><ele>3294.709</ele><time>2023-02-15T11:19:19Z</time></trkpt><trkpt lat="28.110661" lon="85.341777"><ele>3292.679</ele><time>2023-02-15T11:19:36Z</time></trkpt><trkpt lat="28.110703" lon="85.341697"><ele>3291.310</ele><time>2023-02-15T11:19:52Z</time></trkpt><trkpt lat="28.110730" lon="85.341644"><ele>3289.824</ele><time>2023-02-15T11:20:00Z</time></trkpt><trkpt lat="28.110753" lon="85.341589"><ele>3288.658</ele><time>2023-02-15T11:20:07Z</time></trkpt><trkpt lat="28.110766" lon="85.341537"><ele>3286.998</ele><time>2023-02-15T11:20:13Z</time></trkpt><trkpt lat="28.110829" lon="85.341342"><ele>3286.152</ele><time>2023-02-15T11:20:52Z</time></trkpt><trkpt lat="28.110836" lon="85.341277"><ele>3284.670</ele><time>2023-02-15T11:21:01Z</time></trkpt><trkpt lat="28.110859" lon="85.341175"><ele>3282.242</ele><time>2023-02-15T11:21:15Z</time></trkpt><trkpt lat="28.110852" lon="85.341123"><ele>3281.519</ele><time>2023-02-15T11:21:19Z</time></trkpt><trkpt lat="28.110857" lon="85.341058"><ele>3280.488</ele><time>2023-02-15T11:21:25Z</time></trkpt><trkpt lat="28.110874" lon="85.341006"><ele>3278.724</ele><time>2023-02-15T11:21:30Z</time></trkpt><trkpt lat="28.110879" lon="85.340953"><ele>3276.626</ele><time>2023-02-15T11:21:37Z</time></trkpt><trkpt lat="28.110881" lon="85.340896"><ele>3274.609</ele><time>2023-02-15T11:21:43Z</time></trkpt><trkpt lat="28.110823" lon="85.340771"><ele>3270.679</ele><time>2023-02-15T11:22:11Z</time></trkpt><trkpt lat="28.110795" lon="85.340723"><ele>3269.950</ele><time>2023-02-15T11:22:18Z</time></trkpt><trkpt lat="28.110757" lon="85.340691"><ele>3267.354</ele><time>2023-02-15T11:22:27Z</time></trkpt><trkpt lat="28.110712" lon="85.340668"><ele>3266.028</ele><time>2023-02-15T11:22:33Z</time></trkpt><trkpt lat="28.110672" lon="85.340640"><ele>3265.168</ele><time>2023-02-15T11:22:39Z</time></trkpt><trkpt lat="28.110650" lon="85.340588"><ele>3264.072</ele><time>2023-02-15T11:22:44Z</time></trkpt><trkpt lat="28.110627" lon="85.340533"><ele>3263.290</ele><time>2023-02-15T11:22:49Z</time></trkpt><trkpt lat="28.110615" lon="85.340473"><ele>3263.132</ele><time>2023-02-15T11:22:55Z</time></trkpt><trkpt lat="28.110618" lon="85.340411"><ele>3262.829</ele><time>2023-02-15T11:23:01Z</time></trkpt><trkpt lat="28.110623" lon="85.340348"><ele>3263.057</ele><time>2023-02-15T11:23:06Z</time></trkpt><trkpt lat="28.110630" lon="85.340295"><ele>3263.000</ele><time>2023-02-15T11:23:12Z</time></trkpt><trkpt lat="28.110637" lon="85.340242"><ele>3263.520</ele><time>2023-02-15T11:23:20Z</time></trkpt><trkpt lat="28.110647" lon="85.340187"><ele>3264.109</ele><time>2023-02-15T11:23:26Z</time></trkpt><trkpt lat="28.110712" lon="85.340079"><ele>3262.436</ele><time>2023-02-15T11:23:48Z</time></trkpt><trkpt lat="28.110684" lon="85.340037"><ele>3262.217</ele><time>2023-02-15T11:23:57Z</time></trkpt><trkpt lat="28.110696" lon="85.339975"><ele>3260.921</ele><time>2023-02-15T11:24:18Z</time></trkpt><trkpt lat="28.110666" lon="85.340075"><ele>3262.555</ele><time>2023-02-15T11:26:25Z</time></trkpt><trkpt lat="28.110633" lon="85.339545"><ele>3265.435</ele><time>2023-02-16T03:36:48Z</time></trkpt><trkpt lat="28.110640" lon="85.339488"><ele>3264.289</ele><time>2023-02-16T03:36:59Z</time></trkpt><trkpt lat="28.110658" lon="85.339438"><ele>3262.477</ele><time>2023-02-16T03:37:04Z</time></trkpt><trkpt lat="28.110673" lon="85.339390"><ele>3261.549</ele><time>2023-02-16T03:37:09Z</time></trkpt><trkpt lat="28.110690" lon="85.339342"><ele>3261.146</ele><time>2023-02-16T03:37:15Z</time></trkpt><trkpt lat="28.110687" lon="85.339285"><ele>3260.774</ele><time>2023-02-16T03:37:22Z</time></trkpt><trkpt lat="28.110675" lon="85.339233"><ele>3258.156</ele><time>2023-02-16T03:37:27Z</time></trkpt><trkpt lat="28.110687" lon="85.339176"><ele>3255.921</ele><time>2023-02-16T03:37:33Z</time></trkpt><trkpt lat="28.110697" lon="85.339119"><ele>3252.209</ele><time>2023-02-16T03:37:38Z</time></trkpt><trkpt lat="28.110712" lon="85.339069"><ele>3250.738</ele><time>2023-02-16T03:37:43Z</time></trkpt><trkpt lat="28.110722" lon="85.339012"><ele>3250.869</ele><time>2023-02-16T03:37:48Z</time></trkpt><trkpt lat="28.110739" lon="85.338960"><ele>3250.713</ele><time>2023-02-16T03:37:52Z</time></trkpt><trkpt lat="28.110754" lon="85.338902"><ele>3251.347</ele><time>2023-02-16T03:37:57Z</time></trkpt><trkpt lat="28.110762" lon="85.338842"><ele>3252.847</ele><time>2023-02-16T03:38:02Z</time></trkpt><trkpt lat="28.110752" lon="85.338790"><ele>3253.511</ele><time>2023-02-16T03:38:06Z</time></trkpt><trkpt lat="28.110747" lon="85.338733"><ele>3253.669</ele><time>2023-02-16T03:38:11Z</time></trkpt><trkpt lat="28.110692" lon="85.338751"><ele>3249.261</ele><time>2023-02-16T03:38:18Z</time></trkpt><trkpt lat="28.110644" lon="85.338748"><ele>3249.918</ele><time>2023-02-16T03:38:24Z</time></trkpt><trkpt lat="28.110599" lon="85.338725"><ele>3249.654</ele><time>2023-02-16T03:38:31Z</time></trkpt><trkpt lat="28.110554" lon="85.338747"><ele>3249.556</ele><time>2023-02-16T03:38:36Z</time></trkpt><trkpt lat="28.110507" lon="85.338725"><ele>3249.611</ele><time>2023-02-16T03:38:40Z</time></trkpt><trkpt lat="28.110457" lon="85.338740"><ele>3248.109</ele><time>2023-02-16T03:38:48Z</time></trkpt><trkpt lat="28.110419" lon="85.338700"><ele>3247.986</ele><time>2023-02-16T03:38:53Z</time></trkpt><trkpt lat="28.110401" lon="85.338647"><ele>3247.067</ele><time>2023-02-16T03:38:58Z</time></trkpt><trkpt lat="28.110411" lon="85.338580"><ele>3245.771</ele><time>2023-02-16T03:39:03Z</time></trkpt><trkpt lat="28.110418" lon="85.338520"><ele>3244.065</ele><time>2023-02-16T03:39:08Z</time></trkpt><trkpt lat="28.110421" lon="85.338465"><ele>3240.755</ele><time>2023-02-16T03:39:14Z</time></trkpt><trkpt lat="28.110434" lon="85.338408"><ele>3237.039</ele><time>2023-02-16T03:39:21Z</time></trkpt><trkpt lat="28.110427" lon="85.338310"><ele>3232.897</ele><time>2023-02-16T03:39:33Z</time></trkpt><trkpt lat="28.110470" lon="85.338160"><ele>3230.999</ele><time>2023-02-16T03:39:48Z</time></trkpt><trkpt lat="28.110497" lon="85.338113"><ele>3229.376</ele><time>2023-02-16T03:39:54Z</time></trkpt><trkpt lat="28.110529" lon="85.338066"><ele>3228.359</ele><time>2023-02-16T03:39:59Z</time></trkpt><trkpt lat="28.110597" lon="85.337953"><ele>3224.203</ele><time>2023-02-16T03:40:14Z</time></trkpt><trkpt lat="28.110630" lon="85.337850"><ele>3221.023</ele><time>2023-02-16T03:40:22Z</time></trkpt><trkpt lat="28.110642" lon="85.337790"><ele>3219.909</ele><time>2023-02-16T03:40:27Z</time></trkpt><trkpt lat="28.110635" lon="85.337738"><ele>3220.256</ele><time>2023-02-16T03:40:31Z</time></trkpt><trkpt lat="28.110623" lon="85.337686"><ele>3222.067</ele><time>2023-02-16T03:40:35Z</time></trkpt><trkpt lat="28.110613" lon="85.337633"><ele>3223.331</ele><time>2023-02-16T03:40:37Z</time></trkpt><trkpt lat="28.110600" lon="85.337578"><ele>3225.445</ele><time>2023-02-16T03:40:39Z</time></trkpt><trkpt lat="28.110600" lon="85.337516"><ele>3226.645</ele><time>2023-02-16T03:40:42Z</time></trkpt><trkpt lat="28.110610" lon="85.337464"><ele>3226.129</ele><time>2023-02-16T03:40:46Z</time></trkpt><trkpt lat="28.110603" lon="85.337412"><ele>3226.177</ele><time>2023-02-16T03:40:51Z</time></trkpt><trkpt lat="28.110600" lon="85.337355"><ele>3224.889</ele><time>2023-02-16T03:40:55Z</time></trkpt><trkpt lat="28.110578" lon="85.337310"><ele>3224.636</ele><time>2023-02-16T03:40:58Z</time></trkpt><trkpt lat="28.110546" lon="85.337260"><ele>3225.082</ele><time>2023-02-16T03:41:03Z</time></trkpt><trkpt lat="28.110538" lon="85.337200"><ele>3226.443</ele><time>2023-02-16T03:41:09Z</time></trkpt><trkpt lat="28.110561" lon="85.337148"><ele>3228.317</ele><time>2023-02-16T03:41:14Z</time></trkpt><trkpt lat="28.110589" lon="85.337100"><ele>3225.109</ele><time>2023-02-16T03:41:17Z</time></trkpt><trkpt lat="28.110597" lon="85.337047"><ele>3223.139</ele><time>2023-02-16T03:41:21Z</time></trkpt><trkpt lat="28.110577" lon="85.336985"><ele>3222.690</ele><time>2023-02-16T03:41:24Z</time></trkpt><trkpt lat="28.110559" lon="85.336933"><ele>3221.464</ele><time>2023-02-16T03:41:28Z</time></trkpt><trkpt lat="28.110572" lon="85.336878"><ele>3219.478</ele><time>2023-02-16T03:41:32Z</time></trkpt><trkpt lat="28.110584" lon="85.336820"><ele>3218.578</ele><time>2023-02-16T03:41:35Z</time></trkpt><trkpt lat="28.110581" lon="85.336767"><ele>3218.082</ele><time>2023-02-16T03:41:38Z</time></trkpt><trkpt lat="28.110558" lon="85.336710"><ele>3217.460</ele><time>2023-02-16T03:41:43Z</time></trkpt><trkpt lat="28.110548" lon="85.336653"><ele>3216.712</ele><time>2023-02-16T03:41:48Z</time></trkpt><trkpt lat="28.110530" lon="85.336605"><ele>3217.959</ele><time>2023-02-16T03:41:52Z</time></trkpt><trkpt lat="28.110522" lon="85.336553"><ele>3218.836</ele><time>2023-02-16T03:41:59Z</time></trkpt><trkpt lat="28.110519" lon="85.336500"><ele>3222.217</ele><time>2023-02-16T03:42:02Z</time></trkpt><trkpt lat="28.110557" lon="85.336460"><ele>3219.818</ele><time>2023-02-16T03:42:06Z</time></trkpt><trkpt lat="28.110599" lon="85.336425"><ele>3218.109</ele><time>2023-02-16T03:42:11Z</time></trkpt><trkpt lat="28.110646" lon="85.336400"><ele>3217.594</ele><time>2023-02-16T03:42:16Z</time></trkpt><trkpt lat="28.110698" lon="85.336402"><ele>3216.635</ele><time>2023-02-16T03:42:20Z</time></trkpt><trkpt lat="28.110743" lon="85.336407"><ele>3214.359</ele><time>2023-02-16T03:42:23Z</time></trkpt><trkpt lat="28.110823" lon="85.336352"><ele>3215.833</ele><time>2023-02-16T03:42:33Z</time></trkpt><trkpt lat="28.110858" lon="85.336304"><ele>3217.053</ele><time>2023-02-16T03:42:38Z</time></trkpt><trkpt lat="28.110896" lon="85.336267"><ele>3213.857</ele><time>2023-02-16T03:42:44Z</time></trkpt><trkpt lat="28.110924" lon="85.336227"><ele>3209.315</ele><time>2023-02-16T03:42:50Z</time></trkpt><trkpt lat="28.110962" lon="85.336187"><ele>3202.377</ele><time>2023-02-16T03:42:57Z</time></trkpt><trkpt lat="28.110987" lon="85.336137"><ele>3198.224</ele><time>2023-02-16T03:43:02Z</time></trkpt><trkpt lat="28.110992" lon="85.336077"><ele>3198.435</ele><time>2023-02-16T03:43:06Z</time></trkpt><trkpt lat="28.110982" lon="85.336020"><ele>3199.986</ele><time>2023-02-16T03:43:09Z</time></trkpt><trkpt lat="28.110989" lon="85.335965"><ele>3199.514</ele><time>2023-02-16T03:43:13Z</time></trkpt><trkpt lat="28.110997" lon="85.335905"><ele>3199.109</ele><time>2023-02-16T03:43:17Z</time></trkpt><trkpt lat="28.111000" lon="85.335848"><ele>3199.734</ele><time>2023-02-16T03:43:21Z</time></trkpt><trkpt lat="28.111007" lon="85.335795"><ele>3202.685</ele><time>2023-02-16T03:43:26Z</time></trkpt><trkpt lat="28.111032" lon="85.335745"><ele>3202.119</ele><time>2023-02-16T03:43:31Z</time></trkpt><trkpt lat="28.111059" lon="85.335703"><ele>3199.013</ele><time>2023-02-16T03:43:35Z</time></trkpt><trkpt lat="28.111079" lon="85.335655"><ele>3198.843</ele><time>2023-02-16T03:43:40Z</time></trkpt><trkpt lat="28.111099" lon="85.335608"><ele>3198.737</ele><time>2023-02-16T03:43:46Z</time></trkpt><trkpt lat="28.111109" lon="85.335558"><ele>3197.715</ele><time>2023-02-16T03:43:50Z</time></trkpt><trkpt lat="28.111134" lon="85.335496"><ele>3197.897</ele><time>2023-02-16T03:43:54Z</time></trkpt><trkpt lat="28.111131" lon="85.335434"><ele>3197.814</ele><time>2023-02-16T03:43:59Z</time></trkpt><trkpt lat="28.111136" lon="85.335382"><ele>3197.713</ele><time>2023-02-16T03:44:03Z</time></trkpt><trkpt lat="28.111126" lon="85.335329"><ele>3199.643</ele><time>2023-02-16T03:44:10Z</time></trkpt><trkpt lat="28.111139" lon="85.335136"><ele>3196.007</ele><time>2023-02-16T03:44:26Z</time></trkpt><trkpt lat="28.111072" lon="85.334936"><ele>3196.209</ele><time>2023-02-16T03:44:50Z</time></trkpt><trkpt lat="28.111065" lon="85.334878"><ele>3193.682</ele><time>2023-02-16T03:44:56Z</time></trkpt><trkpt lat="28.111047" lon="85.334826"><ele>3191.883</ele><time>2023-02-16T03:45:03Z</time></trkpt><trkpt lat="28.110995" lon="85.334766"><ele>3184.337</ele><time>2023-02-16T03:45:16Z</time></trkpt><trkpt lat="28.110960" lon="85.334731"><ele>3177.821</ele><time>2023-02-16T03:45:26Z</time></trkpt><trkpt lat="28.110937" lon="85.334686"><ele>3174.541</ele><time>2023-02-16T03:45:33Z</time></trkpt><trkpt lat="28.110904" lon="85.334646"><ele>3174.915</ele><time>2023-02-16T03:45:38Z</time></trkpt><trkpt lat="28.110884" lon="85.334594"><ele>3176.863</ele><time>2023-02-16T03:45:45Z</time></trkpt><trkpt lat="28.110849" lon="85.334551"><ele>3168.455</ele><time>2023-02-16T03:45:54Z</time></trkpt><trkpt lat="28.110826" lon="85.334501"><ele>3165.832</ele><time>2023-02-16T03:46:01Z</time></trkpt><trkpt lat="28.110808" lon="85.334431"><ele>3165.398</ele><time>2023-02-16T03:46:09Z</time></trkpt><trkpt lat="28.110768" lon="85.334271"><ele>3160.715</ele><time>2023-02-16T03:46:26Z</time></trkpt><trkpt lat="28.110725" lon="85.334239"><ele>3161.826</ele><time>2023-02-16T03:46:29Z</time></trkpt><trkpt lat="28.110702" lon="85.334287"><ele>3159.209</ele><time>2023-02-16T03:46:38Z</time></trkpt><trkpt lat="28.110700" lon="85.334339"><ele>3156.360</ele><time>2023-02-16T03:46:48Z</time></trkpt><trkpt lat="28.110663" lon="85.334309"><ele>3154.181</ele><time>2023-02-16T03:46:54Z</time></trkpt><trkpt lat="28.110635" lon="85.334269"><ele>3153.765</ele><time>2023-02-16T03:46:59Z</time></trkpt><trkpt lat="28.110615" lon="85.334216"><ele>3152.339</ele><time>2023-02-16T03:47:05Z</time></trkpt><trkpt lat="28.110593" lon="85.334168"><ele>3150.099</ele><time>2023-02-16T03:47:11Z</time></trkpt><trkpt lat="28.110591" lon="85.334091"><ele>3150.123</ele><time>2023-02-16T03:47:17Z</time></trkpt><trkpt lat="28.110559" lon="85.334043"><ele>3150.241</ele><time>2023-02-16T03:47:22Z</time></trkpt><trkpt lat="28.110541" lon="85.333996"><ele>3146.963</ele><time>2023-02-16T03:47:27Z</time></trkpt><trkpt lat="28.110518" lon="85.333941"><ele>3146.560</ele><time>2023-02-16T03:47:32Z</time></trkpt><trkpt lat="28.110493" lon="85.333888"><ele>3143.827</ele><time>2023-02-16T03:47:39Z</time></trkpt><trkpt lat="28.110490" lon="85.333836"><ele>3138.668</ele><time>2023-02-16T03:47:44Z</time></trkpt><trkpt lat="28.110493" lon="85.333766"><ele>3136.014</ele><time>2023-02-16T03:47:48Z</time></trkpt><trkpt lat="28.110505" lon="85.333713"><ele>3134.909</ele><time>2023-02-16T03:47:51Z</time></trkpt><trkpt lat="28.110508" lon="85.333653"><ele>3134.023</ele><time>2023-02-16T03:47:55Z</time></trkpt><trkpt lat="28.110516" lon="85.333593"><ele>3134.274</ele><time>2023-02-16T03:48:00Z</time></trkpt><trkpt lat="28.110479" lon="85.333633"><ele>3133.778</ele><time>2023-02-16T03:48:13Z</time></trkpt><trkpt lat="28.110452" lon="85.333681"><ele>3132.542</ele><time>2023-02-16T03:48:18Z</time></trkpt><trkpt lat="28.110425" lon="85.333726"><ele>3132.872</ele><time>2023-02-16T03:48:23Z</time></trkpt><trkpt lat="28.110372" lon="85.333738"><ele>3132.526</ele><time>2023-02-16T03:48:28Z</time></trkpt><trkpt lat="28.110332" lon="85.333715"><ele>3132.924</ele><time>2023-02-16T03:48:33Z</time></trkpt><trkpt lat="28.110344" lon="85.333637"><ele>3124.896</ele><time>2023-02-16T03:48:51Z</time></trkpt><trkpt lat="28.110331" lon="85.333579"><ele>3124.433</ele><time>2023-02-16T03:48:55Z</time></trkpt><trkpt lat="28.110299" lon="85.333526"><ele>3124.654</ele><time>2023-02-16T03:49:00Z</time></trkpt><trkpt lat="28.110251" lon="85.333543"><ele>3125.556</ele><time>2023-02-16T03:49:05Z</time></trkpt><trkpt lat="28.110206" lon="85.333563"><ele>3126.811</ele><time>2023-02-16T03:49:10Z</time></trkpt><trkpt lat="28.110173" lon="85.333523"><ele>3125.209</ele><time>2023-02-16T03:49:17Z</time></trkpt><trkpt lat="28.110143" lon="85.333471"><ele>3121.646</ele><time>2023-02-16T03:49:25Z</time></trkpt><trkpt lat="28.110113" lon="85.333424"><ele>3120.897</ele><time>2023-02-16T03:49:29Z</time></trkpt><trkpt lat="28.110091" lon="85.333376"><ele>3121.271</ele><time>2023-02-16T03:49:34Z</time></trkpt><trkpt lat="28.110083" lon="85.333323"><ele>3121.085</ele><time>2023-02-16T03:49:38Z</time></trkpt><trkpt lat="28.110070" lon="85.333266"><ele>3120.355</ele><time>2023-02-16T03:49:44Z</time></trkpt><trkpt lat="28.110055" lon="85.333214"><ele>3118.859</ele><time>2023-02-16T03:49:51Z</time></trkpt><trkpt lat="28.110020" lon="85.333181"><ele>3117.437</ele><time>2023-02-16T03:49:55Z</time></trkpt><trkpt lat="28.109918" lon="85.333079"><ele>3100.669</ele><time>2023-02-16T03:50:24Z</time></trkpt><trkpt lat="28.109826" lon="85.333029"><ele>3094.396</ele><time>2023-02-16T03:50:44Z</time></trkpt><trkpt lat="28.109778" lon="85.333036"><ele>3090.787</ele><time>2023-02-16T03:50:54Z</time></trkpt><trkpt lat="28.109675" lon="85.333011"><ele>3086.942</ele><time>2023-02-16T03:51:22Z</time></trkpt><trkpt lat="28.109628" lon="85.332976"><ele>3089.726</ele><time>2023-02-16T03:51:28Z</time></trkpt><trkpt lat="28.109600" lon="85.332929"><ele>3089.709</ele><time>2023-02-16T03:51:35Z</time></trkpt><trkpt lat="28.109568" lon="85.332884"><ele>3089.699</ele><time>2023-02-16T03:51:41Z</time></trkpt><trkpt lat="28.109543" lon="85.332932"><ele>3085.720</ele><time>2023-02-16T03:51:51Z</time></trkpt><trkpt lat="28.109483" lon="85.332854"><ele>3081.294</ele><time>2023-02-16T03:52:06Z</time></trkpt><trkpt lat="28.109478" lon="85.332797"><ele>3075.838</ele><time>2023-02-16T03:52:10Z</time></trkpt><trkpt lat="28.109460" lon="85.332710"><ele>3071.988</ele><time>2023-02-16T03:52:17Z</time></trkpt><trkpt lat="28.109438" lon="85.332657"><ele>3069.842</ele><time>2023-02-16T03:52:22Z</time></trkpt><trkpt lat="28.109418" lon="85.332600"><ele>3069.730</ele><time>2023-02-16T03:52:27Z</time></trkpt><trkpt lat="28.109383" lon="85.332555"><ele>3068.362</ele><time>2023-02-16T03:52:32Z</time></trkpt><trkpt lat="28.109333" lon="85.332557"><ele>3070.529</ele><time>2023-02-16T03:52:41Z</time></trkpt><trkpt lat="28.109283" lon="85.332515"><ele>3067.943</ele><time>2023-02-16T03:52:49Z</time></trkpt><trkpt lat="28.109236" lon="85.332503"><ele>3066.564</ele><time>2023-02-16T03:52:55Z</time></trkpt><trkpt lat="28.109194" lon="85.332480"><ele>3064.410</ele><time>2023-02-16T03:53:01Z</time></trkpt><trkpt lat="28.109159" lon="85.332447"><ele>3063.409</ele><time>2023-02-16T03:53:06Z</time></trkpt><trkpt lat="28.109109" lon="85.332424"><ele>3061.965</ele><time>2023-02-16T03:53:14Z</time></trkpt><trkpt lat="28.109064" lon="85.332387"><ele>3056.846</ele><time>2023-02-16T03:53:27Z</time></trkpt><trkpt lat="28.109014" lon="85.332389"><ele>3050.760</ele><time>2023-02-16T03:53:34Z</time></trkpt><trkpt lat="28.108967" lon="85.332396"><ele>3049.064</ele><time>2023-02-16T03:53:43Z</time></trkpt><trkpt lat="28.108919" lon="85.332394"><ele>3048.374</ele><time>2023-02-16T03:53:52Z</time></trkpt><trkpt lat="28.108869" lon="85.332389"><ele>3049.188</ele><time>2023-02-16T03:53:58Z</time></trkpt><trkpt lat="28.108819" lon="85.332379"><ele>3047.746</ele><time>2023-02-16T03:54:03Z</time></trkpt><trkpt lat="28.108791" lon="85.332272"><ele>3040.878</ele><time>2023-02-16T03:54:19Z</time></trkpt><trkpt lat="28.108734" lon="85.332285"><ele>3038.135</ele><time>2023-02-16T03:54:33Z</time></trkpt><trkpt lat="28.108689" lon="85.332260"><ele>3036.316</ele><time>2023-02-16T03:54:45Z</time></trkpt><trkpt lat="28.108644" lon="85.332245"><ele>3032.976</ele><time>2023-02-16T03:54:55Z</time></trkpt><trkpt lat="28.108601" lon="85.332275"><ele>3029.213</ele><time>2023-02-16T03:55:02Z</time></trkpt><trkpt lat="28.108556" lon="85.332277"><ele>3026.709</ele><time>2023-02-16T03:55:07Z</time></trkpt><trkpt lat="28.108524" lon="85.332239"><ele>3023.612</ele><time>2023-02-16T03:55:13Z</time></trkpt><trkpt lat="28.108497" lon="85.332196"><ele>3021.573</ele><time>2023-02-16T03:55:21Z</time></trkpt><trkpt lat="28.108462" lon="85.332148"><ele>3020.767</ele><time>2023-02-16T03:55:26Z</time></trkpt><trkpt lat="28.108417" lon="85.332123"><ele>3019.671</ele><time>2023-02-16T03:55:30Z</time></trkpt><trkpt lat="28.108372" lon="85.332113"><ele>3019.531</ele><time>2023-02-16T03:55:34Z</time></trkpt><trkpt lat="28.108330" lon="85.332093"><ele>3020.445</ele><time>2023-02-16T03:55:38Z</time></trkpt><trkpt lat="28.108285" lon="85.332080"><ele>3021.063</ele><time>2023-02-16T03:55:42Z</time></trkpt><trkpt lat="28.108262" lon="85.332032"><ele>3018.295</ele><time>2023-02-16T03:55:49Z</time></trkpt><trkpt lat="28.108227" lon="85.331995"><ele>3017.422</ele><time>2023-02-16T03:55:56Z</time></trkpt><trkpt lat="28.108145" lon="85.331922"><ele>3015.738</ele><time>2023-02-16T03:56:10Z</time></trkpt><trkpt lat="28.108153" lon="85.331865"><ele>3012.970</ele><time>2023-02-16T03:56:17Z</time></trkpt><trkpt lat="28.108148" lon="85.331807"><ele>3008.717</ele><time>2023-02-16T03:56:24Z</time></trkpt><trkpt lat="28.108128" lon="85.331752"><ele>3007.009</ele><time>2023-02-16T03:56:37Z</time></trkpt><trkpt lat="28.108078" lon="85.331722"><ele>3006.174</ele><time>2023-02-16T03:56:43Z</time></trkpt><trkpt lat="28.108033" lon="85.331690"><ele>3005.035</ele><time>2023-02-16T03:56:48Z</time></trkpt><trkpt lat="28.107963" lon="85.331615"><ele>3003.219</ele><time>2023-02-16T03:56:55Z</time></trkpt><trkpt lat="28.107928" lon="85.331582"><ele>3003.363</ele><time>2023-02-16T03:56:58Z</time></trkpt><trkpt lat="28.107886" lon="85.331559"><ele>3003.623</ele><time>2023-02-16T03:57:01Z</time></trkpt><trkpt lat="28.107841" lon="85.331536"><ele>3003.987</ele><time>2023-02-16T03:57:04Z</time></trkpt><trkpt lat="28.107786" lon="85.331529"><ele>3003.095</ele><time>2023-02-16T03:57:09Z</time></trkpt><trkpt lat="28.107741" lon="85.331521"><ele>3003.337</ele><time>2023-02-16T03:57:13Z</time></trkpt><trkpt lat="28.107696" lon="85.331513"><ele>3001.044</ele><time>2023-02-16T03:57:17Z</time></trkpt><trkpt lat="28.107658" lon="85.331483"><ele>2998.719</ele><time>2023-02-16T03:57:21Z</time></trkpt><trkpt lat="28.107636" lon="85.331426"><ele>2998.909</ele><time>2023-02-16T03:57:26Z</time></trkpt><trkpt lat="28.107654" lon="85.331376"><ele>2995.419</ele><time>2023-02-16T03:57:31Z</time></trkpt><trkpt lat="28.107669" lon="85.331319"><ele>2991.909</ele><time>2023-02-16T03:57:36Z</time></trkpt><trkpt lat="28.107656" lon="85.331267"><ele>2990.812</ele><time>2023-02-16T03:57:42Z</time></trkpt><trkpt lat="28.107623" lon="85.331212"><ele>2989.353</ele><time>2023-02-16T03:57:49Z</time></trkpt><trkpt lat="28.107595" lon="85.331160"><ele>2989.957</ele><time>2023-02-16T03:57:54Z</time></trkpt><trkpt lat="28.107592" lon="85.331097"><ele>2989.411</ele><time>2023-02-16T03:57:58Z</time></trkpt><trkpt lat="28.107612" lon="85.331047"><ele>2989.981</ele><time>2023-02-16T03:58:02Z</time></trkpt><trkpt lat="28.107657" lon="85.331037"><ele>2989.115</ele><time>2023-02-16T03:58:07Z</time></trkpt><trkpt lat="28.107700" lon="85.331022"><ele>2985.853</ele><time>2023-02-16T03:58:16Z</time></trkpt><trkpt lat="28.107737" lon="85.330992"><ele>2986.915</ele><time>2023-02-16T03:58:20Z</time></trkpt><trkpt lat="28.107784" lon="85.330979"><ele>2987.872</ele><time>2023-02-16T03:58:25Z</time></trkpt><trkpt lat="28.107831" lon="85.330996"><ele>2986.276</ele><time>2023-02-16T03:58:32Z</time></trkpt><trkpt lat="28.107881" lon="85.331008"><ele>2986.090</ele><time>2023-02-16T03:58:37Z</time></trkpt><trkpt lat="28.107934" lon="85.330993"><ele>2984.219</ele><time>2023-02-16T03:58:44Z</time></trkpt><trkpt lat="28.107981" lon="85.330996"><ele>2982.109</ele><time>2023-02-16T03:58:47Z</time></trkpt><trkpt lat="28.108024" lon="85.330981"><ele>2979.598</ele><time>2023-02-16T03:58:50Z</time></trkpt><trkpt lat="28.108056" lon="85.330941"><ele>2977.119</ele><time>2023-02-16T03:58:56Z</time></trkpt><trkpt lat="28.108043" lon="85.330881"><ele>2972.213</ele><time>2023-02-16T03:59:03Z</time></trkpt><trkpt lat="28.108028" lon="85.330828"><ele>2969.477</ele><time>2023-02-16T03:59:08Z</time></trkpt><trkpt lat="28.108008" lon="85.330748"><ele>2965.757</ele><time>2023-02-16T03:59:31Z</time></trkpt><trkpt lat="28.107946" lon="85.330625"><ele>2962.761</ele><time>2023-02-16T03:59:44Z</time></trkpt><trkpt lat="28.107889" lon="85.330595"><ele>2962.149</ele><time>2023-02-16T03:59:48Z</time></trkpt><trkpt lat="28.107849" lon="85.330568"><ele>2962.151</ele><time>2023-02-16T03:59:51Z</time></trkpt><trkpt lat="28.107817" lon="85.330528"><ele>2960.528</ele><time>2023-02-16T03:59:55Z</time></trkpt><trkpt lat="28.107790" lon="85.330485"><ele>2960.487</ele><time>2023-02-16T04:00:01Z</time></trkpt><trkpt lat="28.107752" lon="85.330432"><ele>2958.342</ele><time>2023-02-16T04:00:08Z</time></trkpt><trkpt lat="28.107684" lon="85.330360"><ele>2956.526</ele><time>2023-02-16T04:00:18Z</time></trkpt><trkpt lat="28.107649" lon="85.330318"><ele>2956.009</ele><time>2023-02-16T04:00:23Z</time></trkpt><trkpt lat="28.107614" lon="85.330276"><ele>2955.479</ele><time>2023-02-16T04:00:27Z</time></trkpt><trkpt lat="28.107586" lon="85.330219"><ele>2955.430</ele><time>2023-02-16T04:00:31Z</time></trkpt><trkpt lat="28.107566" lon="85.330171"><ele>2955.454</ele><time>2023-02-16T04:00:35Z</time></trkpt><trkpt lat="28.107548" lon="85.330121"><ele>2955.838</ele><time>2023-02-16T04:00:39Z</time></trkpt><trkpt lat="28.107511" lon="85.330088"><ele>2949.588</ele><time>2023-02-16T04:00:47Z</time></trkpt><trkpt lat="28.107461" lon="85.330078"><ele>2949.642</ele><time>2023-02-16T04:00:55Z</time></trkpt><trkpt lat="28.107416" lon="85.330025"><ele>2946.020</ele><time>2023-02-16T04:01:06Z</time></trkpt><trkpt lat="28.107398" lon="85.329962"><ele>2945.572</ele><time>2023-02-16T04:01:12Z</time></trkpt><trkpt lat="28.107376" lon="85.329912"><ele>2944.319</ele><time>2023-02-16T04:01:17Z</time></trkpt><trkpt lat="28.107346" lon="85.329860"><ele>2941.853</ele><time>2023-02-16T04:01:24Z</time></trkpt><trkpt lat="28.107308" lon="85.329815"><ele>2942.104</ele><time>2023-02-16T04:01:30Z</time></trkpt><trkpt lat="28.107301" lon="85.329762"><ele>2941.914</ele><time>2023-02-16T04:01:36Z</time></trkpt><trkpt lat="28.107276" lon="85.329719"><ele>2943.009</ele><time>2023-02-16T04:01:49Z</time></trkpt><trkpt lat="28.107271" lon="85.329656"><ele>2931.036</ele><time>2023-02-16T04:02:05Z</time></trkpt><trkpt lat="28.107213" lon="85.329614"><ele>2926.767</ele><time>2023-02-16T04:02:19Z</time></trkpt><trkpt lat="28.107196" lon="85.329509"><ele>2927.061</ele><time>2023-02-16T04:02:28Z</time></trkpt><trkpt lat="28.107181" lon="85.329456"><ele>2929.345</ele><time>2023-02-16T04:02:32Z</time></trkpt><trkpt lat="28.107148" lon="85.329413"><ele>2931.065</ele><time>2023-02-16T04:02:37Z</time></trkpt><trkpt lat="28.107110" lon="85.329381"><ele>2931.959</ele><time>2023-02-16T04:02:42Z</time></trkpt><trkpt lat="28.107075" lon="85.329343"><ele>2930.817</ele><time>2023-02-16T04:02:47Z</time></trkpt><trkpt lat="28.107050" lon="85.329300"><ele>2926.179</ele><time>2023-02-16T04:02:55Z</time></trkpt><trkpt lat="28.107038" lon="85.329242"><ele>2926.476</ele><time>2023-02-16T04:03:02Z</time></trkpt><trkpt lat="28.107013" lon="85.329194"><ele>2922.383</ele><time>2023-02-16T04:03:07Z</time></trkpt><trkpt lat="28.106986" lon="85.329146"><ele>2917.125</ele><time>2023-02-16T04:03:14Z</time></trkpt><trkpt lat="28.106984" lon="85.329091"><ele>2914.117</ele><time>2023-02-16T04:03:19Z</time></trkpt><trkpt lat="28.107001" lon="85.329036"><ele>2911.109</ele><time>2023-02-16T04:03:24Z</time></trkpt><trkpt lat="28.107029" lon="85.328986"><ele>2908.679</ele><time>2023-02-16T04:03:30Z</time></trkpt><trkpt lat="28.107024" lon="85.328918"><ele>2909.140</ele><time>2023-02-16T04:03:34Z</time></trkpt><trkpt lat="28.107007" lon="85.328865"><ele>2909.744</ele><time>2023-02-16T04:03:39Z</time></trkpt><trkpt lat="28.106970" lon="85.328832"><ele>2907.388</ele><time>2023-02-16T04:03:43Z</time></trkpt><trkpt lat="28.106935" lon="85.328794"><ele>2909.458</ele><time>2023-02-16T04:03:46Z</time></trkpt><trkpt lat="28.106917" lon="85.328742"><ele>2917.212</ele><time>2023-02-16T04:03:50Z</time></trkpt><trkpt lat="28.106945" lon="85.328695"><ele>2913.140</ele><time>2023-02-16T04:03:55Z</time></trkpt><trkpt lat="28.106953" lon="85.328632"><ele>2904.452</ele><time>2023-02-16T04:04:04Z</time></trkpt><trkpt lat="28.106956" lon="85.328569"><ele>2905.579</ele><time>2023-02-16T04:04:08Z</time></trkpt><trkpt lat="28.106938" lon="85.328506"><ele>2911.859</ele><time>2023-02-16T04:04:11Z</time></trkpt><trkpt lat="28.106978" lon="85.328483"><ele>2917.003</ele><time>2023-02-16T04:04:16Z</time></trkpt><trkpt lat="28.107013" lon="85.328441"><ele>2912.923</ele><time>2023-02-16T04:05:04Z</time></trkpt><trkpt lat="28.107021" lon="85.328389"><ele>2912.409</ele><time>2023-02-16T04:05:09Z</time></trkpt><trkpt lat="28.107051" lon="85.328312"><ele>2909.716</ele><time>2023-02-16T04:05:16Z</time></trkpt><trkpt lat="28.107073" lon="85.328249"><ele>2907.667</ele><time>2023-02-16T04:05:21Z</time></trkpt><trkpt lat="28.107110" lon="85.328206"><ele>2906.371</ele><time>2023-02-16T04:05:25Z</time></trkpt><trkpt lat="28.107138" lon="85.328159"><ele>2903.795</ele><time>2023-02-16T04:05:31Z</time></trkpt><trkpt lat="28.107173" lon="85.328122"><ele>2901.975</ele><time>2023-02-16T04:05:35Z</time></trkpt><trkpt lat="28.107180" lon="85.328069"><ele>2899.999</ele><time>2023-02-16T04:05:42Z</time></trkpt><trkpt lat="28.107160" lon="85.327979"><ele>2894.187</ele><time>2023-02-16T04:06:04Z</time></trkpt><trkpt lat="28.107112" lon="85.327969"><ele>2893.139</ele><time>2023-02-16T04:06:12Z</time></trkpt><trkpt lat="28.107067" lon="85.327959"><ele>2893.136</ele><time>2023-02-16T04:06:22Z</time></trkpt><trkpt lat="28.107024" lon="85.327944"><ele>2889.236</ele><time>2023-02-16T04:06:34Z</time></trkpt><trkpt lat="28.107019" lon="85.327886"><ele>2878.917</ele><time>2023-02-16T04:07:00Z</time></trkpt><trkpt lat="28.106971" lon="85.327876"><ele>2881.318</ele><time>2023-02-16T04:07:06Z</time></trkpt><trkpt lat="28.106924" lon="85.327883"><ele>2880.909</ele><time>2023-02-16T04:07:11Z</time></trkpt><trkpt lat="28.106899" lon="85.327836"><ele>2878.084</ele><time>2023-02-16T04:07:22Z</time></trkpt><trkpt lat="28.106906" lon="85.327663"><ele>2864.625</ele><time>2023-02-16T04:07:56Z</time></trkpt><trkpt lat="28.106999" lon="85.327408"><ele>2860.499</ele><time>2023-02-16T04:08:24Z</time></trkpt><trkpt lat="28.107039" lon="85.327376"><ele>2857.333</ele><time>2023-02-16T04:08:30Z</time></trkpt><trkpt lat="28.107056" lon="85.327318"><ele>2856.423</ele><time>2023-02-16T04:08:36Z</time></trkpt><trkpt lat="28.107161" lon="85.327333"><ele>2849.817</ele><time>2023-02-16T04:08:51Z</time></trkpt><trkpt lat="28.107151" lon="85.327248"><ele>2845.455</ele><time>2023-02-16T04:09:08Z</time></trkpt><trkpt lat="28.107161" lon="85.327146"><ele>2837.677</ele><time>2023-02-16T04:09:28Z</time></trkpt><trkpt lat="28.107218" lon="85.327089"><ele>2836.044</ele><time>2023-02-16T04:09:45Z</time></trkpt><trkpt lat="28.107213" lon="85.327019"><ele>2834.751</ele><time>2023-02-16T04:09:51Z</time></trkpt><trkpt lat="28.107215" lon="85.326964"><ele>2833.701</ele><time>2023-02-16T04:09:58Z</time></trkpt><trkpt lat="28.107168" lon="85.326964"><ele>2831.011</ele><time>2023-02-16T04:10:04Z</time></trkpt><trkpt lat="28.107121" lon="85.326946"><ele>2827.409</ele><time>2023-02-16T04:10:11Z</time></trkpt><trkpt lat="28.107056" lon="85.326954"><ele>2826.666</ele><time>2023-02-16T04:10:18Z</time></trkpt><trkpt lat="28.107009" lon="85.326972"><ele>2825.777</ele><time>2023-02-16T04:10:23Z</time></trkpt><trkpt lat="28.106962" lon="85.326977"><ele>2824.771</ele><time>2023-02-16T04:10:26Z</time></trkpt><trkpt lat="28.106907" lon="85.326982"><ele>2827.065</ele><time>2023-02-16T04:10:31Z</time></trkpt><trkpt lat="28.106829" lon="85.327020"><ele>2826.665</ele><time>2023-02-16T04:10:37Z</time></trkpt><trkpt lat="28.106781" lon="85.327020"><ele>2823.469</ele><time>2023-02-16T04:10:42Z</time></trkpt><trkpt lat="28.106668" lon="85.327048"><ele>2820.697</ele><time>2023-02-16T04:10:57Z</time></trkpt><trkpt lat="28.106580" lon="85.327053"><ele>2822.069</ele><time>2023-02-16T04:11:19Z</time></trkpt><trkpt lat="28.106532" lon="85.327071"><ele>2821.346</ele><time>2023-02-16T04:11:30Z</time></trkpt><trkpt lat="28.106455" lon="85.327098"><ele>2827.399</ele><time>2023-02-16T04:12:28Z</time></trkpt><trkpt lat="28.106495" lon="85.326971"><ele>2798.407</ele><time>2023-02-16T04:12:58Z</time></trkpt><trkpt lat="28.106452" lon="85.326939"><ele>2799.527</ele><time>2023-02-16T04:13:06Z</time></trkpt><trkpt lat="28.106402" lon="85.326934"><ele>2799.009</ele><time>2023-02-16T04:13:12Z</time></trkpt><trkpt lat="28.106357" lon="85.326951"><ele>2798.180</ele><time>2023-02-16T04:13:19Z</time></trkpt><trkpt lat="28.106310" lon="85.326953"><ele>2797.461</ele><time>2023-02-16T04:13:25Z</time></trkpt><trkpt lat="28.106252" lon="85.326926"><ele>2799.755</ele><time>2023-02-16T04:13:31Z</time></trkpt><trkpt lat="28.106207" lon="85.326923"><ele>2796.579</ele><time>2023-02-16T04:13:38Z</time></trkpt><trkpt lat="28.106160" lon="85.326905"><ele>2793.149</ele><time>2023-02-16T04:13:45Z</time></trkpt><trkpt lat="28.106108" lon="85.326900"><ele>2791.253</ele><time>2023-02-16T04:13:53Z</time></trkpt><trkpt lat="28.106060" lon="85.326910"><ele>2790.481</ele><time>2023-02-16T04:14:04Z</time></trkpt><trkpt lat="28.106067" lon="85.326858"><ele>2787.363</ele><time>2023-02-16T04:14:11Z</time></trkpt><trkpt lat="28.106014" lon="85.326806"><ele>2775.910</ele><time>2023-02-16T04:14:50Z</time></trkpt><trkpt lat="28.105936" lon="85.326754"><ele>2769.078</ele><time>2023-02-16T04:15:10Z</time></trkpt><trkpt lat="28.105918" lon="85.326706"><ele>2765.533</ele><time>2023-02-16T04:15:17Z</time></trkpt><trkpt lat="28.105886" lon="85.326594"><ele>2751.526</ele><time>2023-02-16T04:15:43Z</time></trkpt><trkpt lat="28.105846" lon="85.326547"><ele>2750.109</ele><time>2023-02-16T04:16:00Z</time></trkpt><trkpt lat="28.105796" lon="85.326527"><ele>2750.458</ele><time>2023-02-16T04:16:04Z</time></trkpt><trkpt lat="28.105743" lon="85.326529"><ele>2750.659</ele><time>2023-02-16T04:16:08Z</time></trkpt><trkpt lat="28.105703" lon="85.326434"><ele>2746.273</ele><time>2023-02-16T04:16:25Z</time></trkpt><trkpt lat="28.105701" lon="85.326376"><ele>2743.987</ele><time>2023-02-16T04:16:33Z</time></trkpt><trkpt lat="28.105694" lon="85.326321"><ele>2742.057</ele><time>2023-02-16T04:16:39Z</time></trkpt><trkpt lat="28.105719" lon="85.326238"><ele>2739.791</ele><time>2023-02-16T04:16:48Z</time></trkpt><trkpt lat="28.105701" lon="85.326185"><ele>2740.339</ele><time>2023-02-16T04:16:53Z</time></trkpt><trkpt lat="28.105704" lon="85.326110"><ele>2737.651</ele><time>2023-02-16T04:17:00Z</time></trkpt><trkpt lat="28.105686" lon="85.326063"><ele>2736.898</ele><time>2023-02-16T04:17:12Z</time></trkpt><trkpt lat="28.105708" lon="85.325950"><ele>2732.158</ele><time>2023-02-16T04:17:30Z</time></trkpt><trkpt lat="28.105666" lon="85.325888"><ele>2727.952</ele><time>2023-02-16T04:17:40Z</time></trkpt><trkpt lat="28.105711" lon="85.325901"><ele>2722.217</ele><time>2023-02-16T04:17:51Z</time></trkpt><trkpt lat="28.105714" lon="85.325838"><ele>2718.909</ele><time>2023-02-16T04:18:05Z</time></trkpt><trkpt lat="28.105704" lon="85.325776"><ele>2720.556</ele><time>2023-02-16T04:18:08Z</time></trkpt><trkpt lat="28.105651" lon="85.325763"><ele>2719.427</ele><time>2023-02-16T04:18:20Z</time></trkpt><trkpt lat="28.105643" lon="85.325695"><ele>2718.591</ele><time>2023-02-16T04:18:28Z</time></trkpt><trkpt lat="28.105665" lon="85.325647"><ele>2718.845</ele><time>2023-02-16T04:18:33Z</time></trkpt><trkpt lat="28.105658" lon="85.325500"><ele>2715.125</ele><time>2023-02-16T04:18:55Z</time></trkpt><trkpt lat="28.105601" lon="85.325490"><ele>2707.449</ele><time>2023-02-16T04:19:18Z</time></trkpt><trkpt lat="28.105656" lon="85.325438"><ele>2697.997</ele><time>2023-02-16T04:19:35Z</time></trkpt><trkpt lat="28.105609" lon="85.325443"><ele>2696.059</ele><time>2023-02-16T04:19:41Z</time></trkpt><trkpt lat="28.105607" lon="85.325338"><ele>2685.076</ele><time>2023-02-16T04:20:06Z</time></trkpt><trkpt lat="28.105530" lon="85.325266"><ele>2683.953</ele><time>2023-02-16T04:20:35Z</time></trkpt><trkpt lat="28.105480" lon="85.325261"><ele>2687.004</ele><time>2023-02-16T04:20:42Z</time></trkpt><trkpt lat="28.105445" lon="85.325208"><ele>2683.214</ele><time>2023-02-16T04:20:54Z</time></trkpt><trkpt lat="28.105420" lon="85.325255"><ele>2681.709</ele><time>2023-02-16T04:21:03Z</time></trkpt><trkpt lat="28.105365" lon="85.325230"><ele>2678.926</ele><time>2023-02-16T04:21:11Z</time></trkpt><trkpt lat="28.105368" lon="85.325178"><ele>2673.857</ele><time>2023-02-16T04:21:20Z</time></trkpt><trkpt lat="28.105253" lon="85.325060"><ele>2660.871</ele><time>2023-02-16T04:22:02Z</time></trkpt><trkpt lat="28.105210" lon="85.325033"><ele>2660.055</ele><time>2023-02-16T04:22:08Z</time></trkpt><trkpt lat="28.105175" lon="85.324998"><ele>2658.925</ele><time>2023-02-16T04:22:13Z</time></trkpt><trkpt lat="28.105117" lon="85.324958"><ele>2657.989</ele><time>2023-02-16T04:22:19Z</time></trkpt><trkpt lat="28.105080" lon="85.324915"><ele>2656.187</ele><time>2023-02-16T04:22:25Z</time></trkpt><trkpt lat="28.105077" lon="85.324850"><ele>2653.259</ele><time>2023-02-16T04:22:32Z</time></trkpt><trkpt lat="28.105034" lon="85.324875"><ele>2650.936</ele><time>2023-02-16T04:22:41Z</time></trkpt><trkpt lat="28.105004" lon="85.324835"><ele>2649.479</ele><time>2023-02-16T04:22:57Z</time></trkpt><trkpt lat="28.104969" lon="85.324788"><ele>2647.505</ele><time>2023-02-16T04:23:06Z</time></trkpt><trkpt lat="28.104924" lon="85.324763"><ele>2646.325</ele><time>2023-02-16T04:23:12Z</time></trkpt><trkpt lat="28.104887" lon="85.324733"><ele>2645.209</ele><time>2023-02-16T04:23:18Z</time></trkpt><trkpt lat="28.104850" lon="85.324693"><ele>2644.558</ele><time>2023-02-16T04:23:23Z</time></trkpt><trkpt lat="28.104810" lon="85.324656"><ele>2642.279</ele><time>2023-02-16T04:23:31Z</time></trkpt><trkpt lat="28.104793" lon="85.324606"><ele>2640.783</ele><time>2023-02-16T04:23:36Z</time></trkpt><trkpt lat="28.104751" lon="85.324584"><ele>2639.167</ele><time>2023-02-16T04:23:43Z</time></trkpt><trkpt lat="28.104746" lon="85.324506"><ele>2633.757</ele><time>2023-02-16T04:23:52Z</time></trkpt><trkpt lat="28.104713" lon="85.324469"><ele>2631.171</ele><time>2023-02-16T04:24:01Z</time></trkpt><trkpt lat="28.104666" lon="85.324451"><ele>2629.559</ele><time>2023-02-16T04:24:05Z</time></trkpt><trkpt lat="28.104613" lon="85.324446"><ele>2629.981</ele><time>2023-02-16T04:24:10Z</time></trkpt><trkpt lat="28.104563" lon="85.324441"><ele>2629.218</ele><time>2023-02-16T04:24:14Z</time></trkpt><trkpt lat="28.104511" lon="85.324421"><ele>2628.759</ele><time>2023-02-16T04:24:18Z</time></trkpt><trkpt lat="28.104454" lon="85.324409"><ele>2628.803</ele><time>2023-02-16T04:24:22Z</time></trkpt><trkpt lat="28.104402" lon="85.324406"><ele>2629.623</ele><time>2023-02-16T04:24:26Z</time></trkpt><trkpt lat="28.104345" lon="85.324424"><ele>2630.409</ele><time>2023-02-16T04:24:30Z</time></trkpt><trkpt lat="28.104310" lon="85.324457"><ele>2627.096</ele><time>2023-02-16T04:24:36Z</time></trkpt><trkpt lat="28.104273" lon="85.324494"><ele>2625.337</ele><time>2023-02-16T04:24:45Z</time></trkpt><trkpt lat="28.104231" lon="85.324464"><ele>2625.191</ele><time>2023-02-16T04:24:50Z</time></trkpt><trkpt lat="28.104189" lon="85.324424"><ele>2625.335</ele><time>2023-02-16T04:24:54Z</time></trkpt><trkpt lat="28.104147" lon="85.324382"><ele>2625.145</ele><time>2023-02-16T04:24:59Z</time></trkpt><trkpt lat="28.104099" lon="85.324370"><ele>2624.719</ele><time>2023-02-16T04:25:03Z</time></trkpt><trkpt lat="28.104059" lon="85.324347"><ele>2623.747</ele><time>2023-02-16T04:25:07Z</time></trkpt><trkpt lat="28.104011" lon="85.324325"><ele>2622.789</ele><time>2023-02-16T04:25:13Z</time></trkpt><trkpt lat="28.103964" lon="85.324305"><ele>2622.036</ele><time>2023-02-16T04:25:19Z</time></trkpt><trkpt lat="28.103921" lon="85.324282"><ele>2619.654</ele><time>2023-02-16T04:25:25Z</time></trkpt><trkpt lat="28.103873" lon="85.324262"><ele>2618.056</ele><time>2023-02-16T04:25:31Z</time></trkpt><trkpt lat="28.103843" lon="85.324305"><ele>2614.011</ele><time>2023-02-16T04:25:39Z</time></trkpt><trkpt lat="28.103833" lon="85.324358"><ele>2611.009</ele><time>2023-02-16T04:25:45Z</time></trkpt><trkpt lat="28.103793" lon="85.324390"><ele>2609.926</ele><time>2023-02-16T04:25:51Z</time></trkpt><trkpt lat="28.103746" lon="85.324377"><ele>2609.067</ele><time>2023-02-16T04:25:57Z</time></trkpt><trkpt lat="28.103698" lon="85.324367"><ele>2609.061</ele><time>2023-02-16T04:26:08Z</time></trkpt><trkpt lat="28.103671" lon="85.324415"><ele>2608.875</ele><time>2023-02-16T04:26:13Z</time></trkpt><trkpt lat="28.103633" lon="85.324448"><ele>2606.095</ele><time>2023-02-16T04:26:18Z</time></trkpt><trkpt lat="28.103611" lon="85.324535"><ele>2602.189</ele><time>2023-02-16T04:26:34Z</time></trkpt><trkpt lat="28.103573" lon="85.324563"><ele>2600.237</ele><time>2023-02-16T04:26:42Z</time></trkpt><trkpt lat="28.103528" lon="85.324566"><ele>2597.919</ele><time>2023-02-16T04:26:50Z</time></trkpt><trkpt lat="28.103478" lon="85.324594"><ele>2593.616</ele><time>2023-02-16T04:27:01Z</time></trkpt><trkpt lat="28.103456" lon="85.324639"><ele>2591.481</ele><time>2023-02-16T04:27:07Z</time></trkpt><trkpt lat="28.103414" lon="85.324664"><ele>2587.661</ele><time>2023-02-16T04:27:21Z</time></trkpt><trkpt lat="28.103366" lon="85.324674"><ele>2586.517</ele><time>2023-02-16T04:27:28Z</time></trkpt><trkpt lat="28.103364" lon="85.324731"><ele>2585.809</ele><time>2023-02-16T04:27:33Z</time></trkpt><trkpt lat="28.103362" lon="85.324874"><ele>2579.959</ele><time>2023-02-16T04:28:00Z</time></trkpt><trkpt lat="28.103397" lon="85.324921"><ele>2575.240</ele><time>2023-02-16T04:28:15Z</time></trkpt><trkpt lat="28.103377" lon="85.324968"><ele>2572.824</ele><time>2023-02-16T04:28:25Z</time></trkpt><trkpt lat="28.103322" lon="85.324985"><ele>2571.538</ele><time>2023-02-16T04:28:35Z</time></trkpt><trkpt lat="28.103269" lon="85.325007"><ele>2571.228</ele><time>2023-02-16T04:28:41Z</time></trkpt><trkpt lat="28.103227" lon="85.325032"><ele>2570.292</ele><time>2023-02-16T04:28:48Z</time></trkpt><trkpt lat="28.103210" lon="85.325080"><ele>2568.250</ele><time>2023-02-16T04:28:54Z</time></trkpt><trkpt lat="28.103237" lon="85.325123"><ele>2567.022</ele><time>2023-02-16T04:29:03Z</time></trkpt><trkpt lat="28.103265" lon="85.325175"><ele>2566.139</ele><time>2023-02-16T04:29:11Z</time></trkpt><trkpt lat="28.103217" lon="85.325160"><ele>2564.771</ele><time>2023-02-16T04:29:26Z</time></trkpt><trkpt lat="28.103170" lon="85.325165"><ele>2562.941</ele><time>2023-02-16T04:29:32Z</time></trkpt><trkpt lat="28.103147" lon="85.325210"><ele>2559.315</ele><time>2023-02-16T04:29:40Z</time></trkpt><trkpt lat="28.103180" lon="85.325288"><ele>2555.109</ele><time>2023-02-16T04:29:52Z</time></trkpt><trkpt lat="28.103202" lon="85.325336"><ele>2551.328</ele><time>2023-02-16T04:30:01Z</time></trkpt><trkpt lat="28.103242" lon="85.325374"><ele>2550.529</ele><time>2023-02-16T04:30:09Z</time></trkpt><trkpt lat="28.103222" lon="85.325421"><ele>2549.953</ele><time>2023-02-16T04:30:15Z</time></trkpt><trkpt lat="28.103250" lon="85.325464"><ele>2547.557</ele><time>2023-02-16T04:30:24Z</time></trkpt><trkpt lat="28.103285" lon="85.325504"><ele>2546.747</ele><time>2023-02-16T04:30:31Z</time></trkpt><trkpt lat="28.103315" lon="85.325586"><ele>2544.391</ele><time>2023-02-16T04:30:42Z</time></trkpt><trkpt lat="28.103298" lon="85.325634"><ele>2542.179</ele><time>2023-02-16T04:30:50Z</time></trkpt><trkpt lat="28.103218" lon="85.325647"><ele>2540.431</ele><time>2023-02-16T04:31:01Z</time></trkpt><trkpt lat="28.103166" lon="85.325730"><ele>2533.518</ele><time>2023-02-16T04:31:33Z</time></trkpt><trkpt lat="28.103113" lon="85.325738"><ele>2532.439</ele><time>2023-02-16T04:31:40Z</time></trkpt><trkpt lat="28.103033" lon="85.325740"><ele>2530.201</ele><time>2023-02-16T04:31:49Z</time></trkpt><trkpt lat="28.103075" lon="85.325775"><ele>2526.221</ele><time>2023-02-16T04:32:02Z</time></trkpt><trkpt lat="28.103132" lon="85.325845"><ele>2523.909</ele><time>2023-02-16T04:32:09Z</time></trkpt><trkpt lat="28.103159" lon="85.325892"><ele>2521.894</ele><time>2023-02-16T04:32:14Z</time></trkpt><trkpt lat="28.103151" lon="85.325947"><ele>2519.295</ele><time>2023-02-16T04:32:19Z</time></trkpt><trkpt lat="28.103156" lon="85.326005"><ele>2517.369</ele><time>2023-02-16T04:32:27Z</time></trkpt><trkpt lat="28.103176" lon="85.326058"><ele>2516.553</ele><time>2023-02-16T04:32:34Z</time></trkpt><trkpt lat="28.103123" lon="85.326095"><ele>2511.473</ele><time>2023-02-16T04:32:59Z</time></trkpt><trkpt lat="28.103078" lon="85.326088"><ele>2512.157</ele><time>2023-02-16T04:33:06Z</time></trkpt><trkpt lat="28.103078" lon="85.326140"><ele>2511.145</ele><time>2023-02-16T04:33:14Z</time></trkpt><trkpt lat="28.103075" lon="85.326195"><ele>2510.137</ele><time>2023-02-16T04:33:20Z</time></trkpt><trkpt lat="28.103085" lon="85.326250"><ele>2507.014</ele><time>2023-02-16T04:33:27Z</time></trkpt><trkpt lat="28.103110" lon="85.326293"><ele>2504.727</ele><time>2023-02-16T04:33:32Z</time></trkpt><trkpt lat="28.103127" lon="85.326345"><ele>2502.068</ele><time>2023-02-16T04:33:38Z</time></trkpt><trkpt lat="28.103142" lon="85.326397"><ele>2496.814</ele><time>2023-02-16T04:33:52Z</time></trkpt><trkpt lat="28.103082" lon="85.326444"><ele>2497.809</ele><time>2023-02-16T04:33:54Z</time></trkpt><trkpt lat="28.103064" lon="85.326494"><ele>2496.193</ele><time>2023-02-16T04:34:04Z</time></trkpt><trkpt lat="28.103034" lon="85.326539"><ele>2495.654</ele><time>2023-02-16T04:34:12Z</time></trkpt><trkpt lat="28.102997" lon="85.326581"><ele>2495.498</ele><time>2023-02-16T04:34:19Z</time></trkpt><trkpt lat="28.102937" lon="85.326564"><ele>2492.312</ele><time>2023-02-16T04:34:39Z</time></trkpt><trkpt lat="28.102910" lon="85.326521"><ele>2491.632</ele><time>2023-02-16T04:34:44Z</time></trkpt><trkpt lat="28.102903" lon="85.326408"><ele>2490.076</ele><time>2023-02-16T04:34:55Z</time></trkpt><trkpt lat="28.102853" lon="85.326393"><ele>2490.554</ele><time>2023-02-16T04:35:01Z</time></trkpt><trkpt lat="28.102828" lon="85.326446"><ele>2487.626</ele><time>2023-02-16T04:35:08Z</time></trkpt><trkpt lat="28.102808" lon="85.326498"><ele>2485.033</ele><time>2023-02-16T04:35:13Z</time></trkpt><trkpt lat="28.102778" lon="85.326540"><ele>2482.245</ele><time>2023-02-16T04:35:19Z</time></trkpt><trkpt lat="28.102756" lon="85.326588"><ele>2477.447</ele><time>2023-02-16T04:35:24Z</time></trkpt><trkpt lat="28.102748" lon="85.326650"><ele>2475.711</ele><time>2023-02-16T04:35:30Z</time></trkpt><trkpt lat="28.102738" lon="85.326710"><ele>2475.609</ele><time>2023-02-16T04:35:35Z</time></trkpt><trkpt lat="28.102730" lon="85.326763"><ele>2473.715</ele><time>2023-02-16T04:35:40Z</time></trkpt><trkpt lat="28.102748" lon="85.326818"><ele>2469.926</ele><time>2023-02-16T04:35:45Z</time></trkpt><trkpt lat="28.102758" lon="85.326868"><ele>2468.160</ele><time>2023-02-16T04:35:51Z</time></trkpt><trkpt lat="28.102745" lon="85.326920"><ele>2467.474</ele><time>2023-02-16T04:35:59Z</time></trkpt><trkpt lat="28.102705" lon="85.326957"><ele>2466.784</ele><time>2023-02-16T04:36:04Z</time></trkpt><trkpt lat="28.102672" lon="85.327005"><ele>2464.238</ele><time>2023-02-16T04:36:09Z</time></trkpt><trkpt lat="28.102640" lon="85.327043"><ele>2462.566</ele><time>2023-02-16T04:36:16Z</time></trkpt><trkpt lat="28.102605" lon="85.327081"><ele>2462.018</ele><time>2023-02-16T04:36:21Z</time></trkpt><trkpt lat="28.102567" lon="85.327123"><ele>2461.465</ele><time>2023-02-16T04:36:26Z</time></trkpt><trkpt lat="28.102539" lon="85.327168"><ele>2460.544</ele><time>2023-02-16T04:36:33Z</time></trkpt><trkpt lat="28.102521" lon="85.327221"><ele>2461.205</ele><time>2023-02-16T04:36:37Z</time></trkpt><trkpt lat="28.102494" lon="85.327269"><ele>2461.615</ele><time>2023-02-16T04:36:41Z</time></trkpt><trkpt lat="28.102471" lon="85.327322"><ele>2462.209</ele><time>2023-02-16T04:36:48Z</time></trkpt><trkpt lat="28.102439" lon="85.327359"><ele>2462.115</ele><time>2023-02-16T04:36:56Z</time></trkpt><trkpt lat="28.102397" lon="85.327389"><ele>2461.776</ele><time>2023-02-16T04:37:01Z</time></trkpt><trkpt lat="28.102355" lon="85.327416"><ele>2461.470</ele><time>2023-02-16T04:37:05Z</time></trkpt><trkpt lat="28.102313" lon="85.327439"><ele>2461.424</ele><time>2023-02-16T04:37:11Z</time></trkpt><trkpt lat="28.102283" lon="85.327479"><ele>2460.714</ele><time>2023-02-16T04:37:16Z</time></trkpt><trkpt lat="28.102243" lon="85.327516"><ele>2458.458</ele><time>2023-02-16T04:37:21Z</time></trkpt><trkpt lat="28.102196" lon="85.327538"><ele>2456.616</ele><time>2023-02-16T04:37:27Z</time></trkpt><trkpt lat="28.102151" lon="85.327551"><ele>2455.128</ele><time>2023-02-16T04:37:33Z</time></trkpt><trkpt lat="28.102103" lon="85.327544"><ele>2453.895</ele><time>2023-02-16T04:37:48Z</time></trkpt><trkpt lat="28.102076" lon="85.327491"><ele>2453.871</ele><time>2023-02-16T04:37:55Z</time></trkpt><trkpt lat="28.102026" lon="85.327468"><ele>2453.541</ele><time>2023-02-16T04:38:05Z</time></trkpt><trkpt lat="28.102013" lon="85.327520"><ele>2450.215</ele><time>2023-02-16T04:38:11Z</time></trkpt><trkpt lat="28.101970" lon="85.327577"><ele>2447.009</ele><time>2023-02-16T04:38:19Z</time></trkpt><trkpt lat="28.101967" lon="85.327629"><ele>2443.668</ele><time>2023-02-16T04:38:26Z</time></trkpt><trkpt lat="28.101889" lon="85.327591"><ele>2441.649</ele><time>2023-02-16T04:38:38Z</time></trkpt><trkpt lat="28.101889" lon="85.327533"><ele>2439.973</ele><time>2023-02-16T04:38:43Z</time></trkpt><trkpt lat="28.101871" lon="85.327481"><ele>2438.077</ele><time>2023-02-16T04:38:50Z</time></trkpt><trkpt lat="28.101853" lon="85.327434"><ele>2436.887</ele><time>2023-02-16T04:38:58Z</time></trkpt><trkpt lat="28.101803" lon="85.327374"><ele>2434.651</ele><time>2023-02-16T04:39:13Z</time></trkpt><trkpt lat="28.101773" lon="85.327326"><ele>2432.459</ele><time>2023-02-16T04:39:20Z</time></trkpt><trkpt lat="28.101728" lon="85.327321"><ele>2428.181</ele><time>2023-02-16T04:39:29Z</time></trkpt><trkpt lat="28.101676" lon="85.327349"><ele>2426.298</ele><time>2023-02-16T04:39:36Z</time></trkpt><trkpt lat="28.101631" lon="85.327326"><ele>2424.216</ele><time>2023-02-16T04:39:41Z</time></trkpt><trkpt lat="28.101569" lon="85.327401"><ele>2417.176</ele><time>2023-02-16T04:40:06Z</time></trkpt><trkpt lat="28.101534" lon="85.327439"><ele>2414.113</ele><time>2023-02-16T04:40:16Z</time></trkpt><trkpt lat="28.101489" lon="85.327417"><ele>2412.109</ele><time>2023-02-16T04:40:24Z</time></trkpt><trkpt lat="28.101486" lon="85.327357"><ele>2411.862</ele><time>2023-02-16T04:40:30Z</time></trkpt><trkpt lat="28.101444" lon="85.327390"><ele>2407.783</ele><time>2023-02-16T04:40:43Z</time></trkpt><trkpt lat="28.101427" lon="85.327440"><ele>2405.927</ele><time>2023-02-16T04:40:49Z</time></trkpt><trkpt lat="28.101422" lon="85.327497"><ele>2404.031</ele><time>2023-02-16T04:40:56Z</time></trkpt><trkpt lat="28.101447" lon="85.327545"><ele>2404.151</ele><time>2023-02-16T04:41:03Z</time></trkpt><trkpt lat="28.101422" lon="85.327592"><ele>2405.625</ele><time>2023-02-16T04:41:09Z</time></trkpt><trkpt lat="28.101399" lon="85.327659"><ele>2405.033</ele><time>2023-02-16T04:41:23Z</time></trkpt><trkpt lat="28.101364" lon="85.327696"><ele>2405.775</ele><time>2023-02-16T04:41:29Z</time></trkpt><trkpt lat="28.101314" lon="85.327714"><ele>2405.182</ele><time>2023-02-16T04:41:37Z</time></trkpt><trkpt lat="28.101272" lon="85.327741"><ele>2404.642</ele><time>2023-02-16T04:41:43Z</time></trkpt><trkpt lat="28.101235" lon="85.327784"><ele>2403.422</ele><time>2023-02-16T04:41:49Z</time></trkpt><trkpt lat="28.101218" lon="85.327836"><ele>2400.514</ele><time>2023-02-16T04:41:54Z</time></trkpt><trkpt lat="28.101243" lon="85.327883"><ele>2397.009</ele><time>2023-02-16T04:42:00Z</time></trkpt><trkpt lat="28.101193" lon="85.327961"><ele>2413.955</ele><time>2023-02-16T04:42:04Z</time></trkpt><trkpt lat="28.101166" lon="85.328003"><ele>2413.386</ele><time>2023-02-16T04:42:11Z</time></trkpt><trkpt lat="28.101133" lon="85.328045"><ele>2410.720</ele><time>2023-02-16T04:42:17Z</time></trkpt><trkpt lat="28.101118" lon="85.328095"><ele>2407.824</ele><time>2023-02-16T04:42:21Z</time></trkpt><trkpt lat="28.101091" lon="85.328142"><ele>2402.134</ele><time>2023-02-16T04:42:26Z</time></trkpt><trkpt lat="28.101076" lon="85.328190"><ele>2400.678</ele><time>2023-02-16T04:42:31Z</time></trkpt><trkpt lat="28.101048" lon="85.328237"><ele>2398.926</ele><time>2023-02-16T04:42:36Z</time></trkpt><trkpt lat="28.100998" lon="85.328270"><ele>2397.198</ele><time>2023-02-16T04:42:43Z</time></trkpt><trkpt lat="28.100963" lon="85.328308"><ele>2396.665</ele><time>2023-02-16T04:42:48Z</time></trkpt><trkpt lat="28.100918" lon="85.328335"><ele>2393.919</ele><time>2023-02-16T04:42:54Z</time></trkpt><trkpt lat="28.100870" lon="85.328363"><ele>2392.309</ele><time>2023-02-16T04:43:02Z</time></trkpt><trkpt lat="28.100828" lon="85.328398"><ele>2391.219</ele><time>2023-02-16T04:43:07Z</time></trkpt><trkpt lat="28.100790" lon="85.328436"><ele>2390.509</ele><time>2023-02-16T04:43:11Z</time></trkpt><trkpt lat="28.100742" lon="85.328416"><ele>2387.332</ele><time>2023-02-16T04:43:19Z</time></trkpt><trkpt lat="28.100695" lon="85.328471"><ele>2386.563</ele><time>2023-02-16T04:43:33Z</time></trkpt><trkpt lat="28.100648" lon="85.328498"><ele>2384.787</ele><time>2023-02-16T04:43:42Z</time></trkpt><trkpt lat="28.100635" lon="85.328565"><ele>2381.811</ele><time>2023-02-16T04:43:52Z</time></trkpt><trkpt lat="28.100533" lon="85.328638"><ele>2374.281</ele><time>2023-02-16T04:44:18Z</time></trkpt><trkpt lat="28.100488" lon="85.328643"><ele>2371.965</ele><time>2023-02-16T04:44:25Z</time></trkpt><trkpt lat="28.100461" lon="85.328693"><ele>2369.713</ele><time>2023-02-16T04:44:35Z</time></trkpt><trkpt lat="28.100439" lon="85.328741"><ele>2368.785</ele><time>2023-02-16T04:44:41Z</time></trkpt><trkpt lat="28.100351" lon="85.328761"><ele>2365.032</ele><time>2023-02-16T04:44:59Z</time></trkpt><trkpt lat="28.100311" lon="85.328733"><ele>2360.832</ele><time>2023-02-16T04:45:07Z</time></trkpt><trkpt lat="28.100226" lon="85.328770"><ele>2354.992</ele><time>2023-02-16T04:45:42Z</time></trkpt><trkpt lat="28.100159" lon="85.328763"><ele>2350.411</ele><time>2023-02-16T04:46:00Z</time></trkpt><trkpt lat="28.100109" lon="85.328730"><ele>2349.909</ele><time>2023-02-16T04:46:07Z</time></trkpt><trkpt lat="28.100067" lon="85.328695"><ele>2349.034</ele><time>2023-02-16T04:46:12Z</time></trkpt><trkpt lat="28.100029" lon="85.328667"><ele>2347.245</ele><time>2023-02-16T04:46:18Z</time></trkpt><trkpt lat="28.099987" lon="85.328645"><ele>2346.049</ele><time>2023-02-16T04:46:25Z</time></trkpt><trkpt lat="28.099942" lon="85.328660"><ele>2343.923</ele><time>2023-02-16T04:46:33Z</time></trkpt><trkpt lat="28.099904" lon="85.328708"><ele>2339.593</ele><time>2023-02-16T04:46:51Z</time></trkpt><trkpt lat="28.099851" lon="85.328710"><ele>2337.467</ele><time>2023-02-16T04:46:57Z</time></trkpt><trkpt lat="28.099811" lon="85.328675"><ele>2335.435</ele><time>2023-02-16T04:47:05Z</time></trkpt><trkpt lat="28.099764" lon="85.328647"><ele>2336.727</ele><time>2023-02-16T04:47:10Z</time></trkpt><trkpt lat="28.099732" lon="85.328600"><ele>2331.484</ele><time>2023-02-16T04:47:19Z</time></trkpt><trkpt lat="28.099697" lon="85.328542"><ele>2327.319</ele><time>2023-02-16T04:47:27Z</time></trkpt><trkpt lat="28.099652" lon="85.328512"><ele>2323.309</ele><time>2023-02-16T04:47:33Z</time></trkpt><trkpt lat="28.099620" lon="85.328470"><ele>2322.119</ele><time>2023-02-16T04:47:38Z</time></trkpt><trkpt lat="28.099560" lon="85.328493"><ele>2314.409</ele><time>2023-02-16T04:47:54Z</time></trkpt><trkpt lat="28.099573" lon="85.328418"><ele>2310.892</ele><time>2023-02-16T04:48:20Z</time></trkpt><trkpt lat="28.099541" lon="85.328375"><ele>2311.773</ele><time>2023-02-16T04:48:24Z</time></trkpt><trkpt lat="28.099503" lon="85.328402"><ele>2311.037</ele><time>2023-02-16T04:48:34Z</time></trkpt><trkpt lat="28.099475" lon="85.328447"><ele>2306.941</ele><time>2023-02-16T04:48:40Z</time></trkpt><trkpt lat="28.099440" lon="85.328485"><ele>2305.031</ele><time>2023-02-16T04:48:47Z</time></trkpt><trkpt lat="28.099390" lon="85.328458"><ele>2302.775</ele><time>2023-02-16T04:48:58Z</time></trkpt><trkpt lat="28.099388" lon="85.328403"><ele>2302.173</ele><time>2023-02-16T04:49:03Z</time></trkpt><trkpt lat="28.099343" lon="85.328403"><ele>2299.045</ele><time>2023-02-16T04:49:21Z</time></trkpt><trkpt lat="28.099300" lon="85.328426"><ele>2297.812</ele><time>2023-02-16T04:49:28Z</time></trkpt><trkpt lat="28.099258" lon="85.328464"><ele>2297.263</ele><time>2023-02-16T04:49:34Z</time></trkpt><trkpt lat="28.099228" lon="85.328412"><ele>2295.144</ele><time>2023-02-16T04:49:45Z</time></trkpt><trkpt lat="28.099185" lon="85.328430"><ele>2293.218</ele><time>2023-02-16T04:49:55Z</time></trkpt><trkpt lat="28.099150" lon="85.328393"><ele>2288.909</ele><time>2023-02-16T04:50:07Z</time></trkpt><trkpt lat="28.099118" lon="85.328340"><ele>2288.327</ele><time>2023-02-16T04:50:17Z</time></trkpt><trkpt lat="28.099088" lon="85.328380"><ele>2285.568</ele><time>2023-02-16T04:50:26Z</time></trkpt><trkpt lat="28.099071" lon="85.328438"><ele>2284.332</ele><time>2023-02-16T04:50:31Z</time></trkpt><trkpt lat="28.099049" lon="85.328490"><ele>2283.656</ele><time>2023-02-16T04:50:37Z</time></trkpt><trkpt lat="28.099069" lon="85.328538"><ele>2281.626</ele><time>2023-02-16T04:50:41Z</time></trkpt><trkpt lat="28.099022" lon="85.328550"><ele>2282.190</ele><time>2023-02-16T04:50:48Z</time></trkpt><trkpt lat="28.098995" lon="85.328502"><ele>2281.348</ele><time>2023-02-16T04:50:55Z</time></trkpt><trkpt lat="28.098990" lon="85.328449"><ele>2280.860</ele><time>2023-02-16T04:51:00Z</time></trkpt><trkpt lat="28.098970" lon="85.328397"><ele>2280.927</ele><time>2023-02-16T04:51:07Z</time></trkpt><trkpt lat="28.098913" lon="85.328402"><ele>2275.176</ele><time>2023-02-16T04:51:30Z</time></trkpt><trkpt lat="28.098875" lon="85.328369"><ele>2275.990</ele><time>2023-02-16T04:51:37Z</time></trkpt><trkpt lat="28.098833" lon="85.328344"><ele>2276.819</ele><time>2023-02-16T04:51:58Z</time></trkpt><trkpt lat="28.098783" lon="85.328367"><ele>2274.809</ele><time>2023-02-16T04:52:17Z</time></trkpt><trkpt lat="28.098768" lon="85.328415"><ele>2270.838</ele><time>2023-02-16T04:52:23Z</time></trkpt><trkpt lat="28.098701" lon="85.328383"><ele>2274.099</ele><time>2023-02-16T05:17:05Z</time></trkpt><trkpt lat="28.098648" lon="85.328390"><ele>2274.923</ele><time>2023-02-16T05:17:10Z</time></trkpt><trkpt lat="28.098618" lon="85.328432"><ele>2272.577</ele><time>2023-02-16T05:17:18Z</time></trkpt><trkpt lat="28.098613" lon="85.328494"><ele>2269.857</ele><time>2023-02-16T05:17:26Z</time></trkpt><trkpt lat="28.098565" lon="85.328507"><ele>2265.611</ele><time>2023-02-16T05:17:37Z</time></trkpt><trkpt lat="28.098557" lon="85.328564"><ele>2263.939</ele><time>2023-02-16T05:17:44Z</time></trkpt><trkpt lat="28.098555" lon="85.328621"><ele>2262.281</ele><time>2023-02-16T05:17:51Z</time></trkpt><trkpt lat="28.098528" lon="85.328576"><ele>2258.998</ele><time>2023-02-16T05:18:00Z</time></trkpt><trkpt lat="28.098446" lon="85.328618"><ele>2258.386</ele><time>2023-02-16T05:18:17Z</time></trkpt><trkpt lat="28.098411" lon="85.328660"><ele>2257.560</ele><time>2023-02-16T05:18:26Z</time></trkpt><trkpt lat="28.098414" lon="85.328603"><ele>2254.926</ele><time>2023-02-16T05:18:34Z</time></trkpt><trkpt lat="28.098369" lon="85.328620"><ele>2244.309</ele><time>2023-02-16T05:18:46Z</time></trkpt><trkpt lat="28.098352" lon="85.328677"><ele>2242.969</ele><time>2023-02-16T05:18:57Z</time></trkpt><trkpt lat="28.098352" lon="85.328737"><ele>2242.570</ele><time>2023-02-16T05:19:03Z</time></trkpt><trkpt lat="28.098317" lon="85.328770"><ele>2244.254</ele><time>2023-02-16T05:19:08Z</time></trkpt><trkpt lat="28.098262" lon="85.328802"><ele>2243.428</ele><time>2023-02-16T05:19:20Z</time></trkpt><trkpt lat="28.098255" lon="85.328744"><ele>2237.728</ele><time>2023-02-16T05:19:34Z</time></trkpt><trkpt lat="28.098277" lon="85.328692"><ele>2235.282</ele><time>2023-02-16T05:19:39Z</time></trkpt><trkpt lat="28.098280" lon="85.328632"><ele>2231.560</ele><time>2023-02-16T05:19:45Z</time></trkpt><trkpt lat="28.098285" lon="85.328579"><ele>2231.062</ele><time>2023-02-16T05:19:49Z</time></trkpt><trkpt lat="28.098280" lon="85.328524"><ele>2231.149</ele><time>2023-02-16T05:19:55Z</time></trkpt><trkpt lat="28.098217" lon="85.328399"><ele>2232.443</ele><time>2023-02-16T05:20:30Z</time></trkpt><trkpt lat="28.098242" lon="85.328354"><ele>2216.864</ele><time>2023-02-16T05:21:16Z</time></trkpt><trkpt lat="28.098259" lon="85.328302"><ele>2200.610</ele><time>2023-02-16T05:21:24Z</time></trkpt><trkpt lat="28.098229" lon="85.328259"><ele>2196.309</ele><time>2023-02-16T05:21:30Z</time></trkpt><trkpt lat="28.098161" lon="85.328269"><ele>2196.495</ele><time>2023-02-16T05:21:36Z</time></trkpt><trkpt lat="28.098106" lon="85.328284"><ele>2196.156</ele><time>2023-02-16T05:21:41Z</time></trkpt><trkpt lat="28.098063" lon="85.328322"><ele>2196.850</ele><time>2023-02-16T05:21:52Z</time></trkpt><trkpt lat="28.098076" lon="85.328255"><ele>2195.174</ele><time>2023-02-16T05:22:00Z</time></trkpt><trkpt lat="28.098024" lon="85.328270"><ele>2190.154</ele><time>2023-02-16T05:22:16Z</time></trkpt><trkpt lat="28.097972" lon="85.328212"><ele>2188.088</ele><time>2023-02-16T05:22:27Z</time></trkpt><trkpt lat="28.097924" lon="85.328182"><ele>2182.846</ele><time>2023-02-16T05:22:43Z</time></trkpt><trkpt lat="28.097874" lon="85.328197"><ele>2180.068</ele><time>2023-02-16T05:22:50Z</time></trkpt><trkpt lat="28.097819" lon="85.328192"><ele>2178.865</ele><time>2023-02-16T05:22:57Z</time></trkpt><trkpt lat="28.097734" lon="85.328139"><ele>2177.439</ele><time>2023-02-16T05:23:07Z</time></trkpt><trkpt lat="28.097686" lon="85.328119"><ele>2178.801</ele><time>2023-02-16T05:23:11Z</time></trkpt><trkpt lat="28.097643" lon="85.328096"><ele>2178.821</ele><time>2023-02-16T05:23:17Z</time></trkpt><trkpt lat="28.097586" lon="85.328066"><ele>2176.209</ele><time>2023-02-16T05:23:23Z</time></trkpt><trkpt lat="28.097546" lon="85.328026"><ele>2176.024</ele><time>2023-02-16T05:23:27Z</time></trkpt><trkpt lat="28.097528" lon="85.327978"><ele>2177.255</ele><time>2023-02-16T05:23:33Z</time></trkpt><trkpt lat="28.097488" lon="85.327945"><ele>2178.239</ele><time>2023-02-16T05:23:39Z</time></trkpt><trkpt lat="28.097440" lon="85.327927"><ele>2178.043</ele><time>2023-02-16T05:23:45Z</time></trkpt><trkpt lat="28.097395" lon="85.327909"><ele>2178.093</ele><time>2023-02-16T05:23:50Z</time></trkpt><trkpt lat="28.097358" lon="85.327846"><ele>2178.547</ele><time>2023-02-16T05:23:56Z</time></trkpt><trkpt lat="28.097196" lon="85.327701"><ele>2173.755</ele><time>2023-02-16T05:24:15Z</time></trkpt><trkpt lat="28.097173" lon="85.327651"><ele>2170.887</ele><time>2023-02-16T05:24:22Z</time></trkpt><trkpt lat="28.097105" lon="85.327623"><ele>2161.934</ele><time>2023-02-16T05:24:57Z</time></trkpt><trkpt lat="28.097068" lon="85.327593"><ele>2161.224</ele><time>2023-02-16T05:25:07Z</time></trkpt><trkpt lat="28.097025" lon="85.327566"><ele>2161.804</ele><time>2023-02-16T05:25:13Z</time></trkpt><trkpt lat="28.096990" lon="85.327528"><ele>2162.314</ele><time>2023-02-16T05:25:17Z</time></trkpt><trkpt lat="28.096948" lon="85.327471"><ele>2163.509</ele><time>2023-02-16T05:25:22Z</time></trkpt><trkpt lat="28.096928" lon="85.327418"><ele>2164.023</ele><time>2023-02-16T05:25:26Z</time></trkpt><trkpt lat="28.096898" lon="85.327346"><ele>2164.364</ele><time>2023-02-16T05:25:31Z</time></trkpt><trkpt lat="28.096870" lon="85.327304"><ele>2163.468</ele><time>2023-02-16T05:25:35Z</time></trkpt><trkpt lat="28.096815" lon="85.327261"><ele>2162.982</ele><time>2023-02-16T05:25:42Z</time></trkpt><trkpt lat="28.096845" lon="85.327211"><ele>2160.942</ele><time>2023-02-16T05:25:50Z</time></trkpt><trkpt lat="28.096588" lon="85.327121"><ele>2150.646</ele><time>2023-02-16T05:26:34Z</time></trkpt><trkpt lat="28.096546" lon="85.327093"><ele>2150.174</ele><time>2023-02-16T05:26:41Z</time></trkpt><trkpt lat="28.096399" lon="85.327038"><ele>2132.336</ele><time>2023-02-16T05:27:23Z</time></trkpt><trkpt lat="28.096444" lon="85.327010"><ele>2127.133</ele><time>2023-02-16T05:27:44Z</time></trkpt><trkpt lat="28.096612" lon="85.326825"><ele>2125.266</ele><time>2023-02-16T05:28:24Z</time></trkpt><trkpt lat="28.096654" lon="85.326845"><ele>2123.229</ele><time>2023-02-16T05:28:42Z</time></trkpt><trkpt lat="28.096699" lon="85.326812"><ele>2121.921</ele><time>2023-02-16T05:28:47Z</time></trkpt><trkpt lat="28.096719" lon="85.326757"><ele>2120.709</ele><time>2023-02-16T05:28:51Z</time></trkpt><trkpt lat="28.096747" lon="85.326704"><ele>2118.367</ele><time>2023-02-16T05:28:56Z</time></trkpt><trkpt lat="28.096802" lon="85.326687"><ele>2113.518</ele><time>2023-02-16T05:29:13Z</time></trkpt><trkpt lat="28.096775" lon="85.326642"><ele>2107.432</ele><time>2023-02-16T05:29:24Z</time></trkpt><trkpt lat="28.096942" lon="85.326229"><ele>2105.786</ele><time>2023-02-16T05:30:10Z</time></trkpt><trkpt lat="28.096965" lon="85.326142"><ele>2096.696</ele><time>2023-02-16T05:30:15Z</time></trkpt><trkpt lat="28.096980" lon="85.326080"><ele>2095.820</ele><time>2023-02-16T05:30:20Z</time></trkpt><trkpt lat="28.097005" lon="85.326037"><ele>2095.358</ele><time>2023-02-16T05:30:23Z</time></trkpt><trkpt lat="28.097068" lon="85.326017"><ele>2093.120</ele><time>2023-02-16T05:30:39Z</time></trkpt><trkpt lat="28.097391" lon="85.325989"><ele>2073.257</ele><time>2023-02-16T05:31:37Z</time></trkpt><trkpt lat="28.097438" lon="85.325964"><ele>2072.821</ele><time>2023-02-16T05:31:44Z</time></trkpt><trkpt lat="28.097458" lon="85.325912"><ele>2072.541</ele><time>2023-02-16T05:31:49Z</time></trkpt><trkpt lat="28.097496" lon="85.325875"><ele>2072.305</ele><time>2023-02-16T05:31:54Z</time></trkpt><trkpt lat="28.097558" lon="85.325847"><ele>2072.509</ele><time>2023-02-16T05:32:01Z</time></trkpt><trkpt lat="28.097683" lon="85.325835"><ele>2069.583</ele><time>2023-02-16T05:32:10Z</time></trkpt><trkpt lat="28.097695" lon="85.325762"><ele>2067.954</ele><time>2023-02-16T05:32:17Z</time></trkpt><trkpt lat="28.097717" lon="85.325705"><ele>2067.418</ele><time>2023-02-16T05:32:21Z</time></trkpt><trkpt lat="28.097730" lon="85.325645"><ele>2066.322</ele><time>2023-02-16T05:32:25Z</time></trkpt><trkpt lat="28.097720" lon="85.325470"><ele>2066.972</ele><time>2023-02-16T05:32:44Z</time></trkpt><trkpt lat="28.097700" lon="85.325423"><ele>2065.936</ele><time>2023-02-16T05:32:50Z</time></trkpt><trkpt lat="28.097673" lon="85.325380"><ele>2063.724</ele><time>2023-02-16T05:32:55Z</time></trkpt><trkpt lat="28.097660" lon="85.325325"><ele>2060.266</ele><time>2023-02-16T05:33:04Z</time></trkpt><trkpt lat="28.097673" lon="85.325253"><ele>2057.883</ele><time>2023-02-16T05:33:12Z</time></trkpt><trkpt lat="28.097698" lon="85.325210"><ele>2056.586</ele><time>2023-02-16T05:33:16Z</time></trkpt><trkpt lat="28.097730" lon="85.325170"><ele>2056.060</ele><time>2023-02-16T05:33:20Z</time></trkpt><trkpt lat="28.097775" lon="85.325133"><ele>2054.626</ele><time>2023-02-16T05:33:25Z</time></trkpt><trkpt lat="28.097812" lon="85.325101"><ele>2052.909</ele><time>2023-02-16T05:33:30Z</time></trkpt><trkpt lat="28.097862" lon="85.325074"><ele>2051.659</ele><time>2023-02-16T05:33:36Z</time></trkpt><trkpt lat="28.097932" lon="85.324891"><ele>2048.310</ele><time>2023-02-16T05:34:06Z</time></trkpt><trkpt lat="28.097917" lon="85.324808"><ele>2047.184</ele><time>2023-02-16T05:34:13Z</time></trkpt><trkpt lat="28.097917" lon="85.324751"><ele>2046.648</ele><time>2023-02-16T05:34:18Z</time></trkpt><trkpt lat="28.097905" lon="85.324698"><ele>2047.118</ele><time>2023-02-16T05:34:23Z</time></trkpt><trkpt lat="28.097915" lon="85.324643"><ele>2046.622</ele><time>2023-02-16T05:34:27Z</time></trkpt><trkpt lat="28.097927" lon="85.324593"><ele>2044.640</ele><time>2023-02-16T05:34:31Z</time></trkpt><trkpt lat="28.097935" lon="85.324530"><ele>2042.952</ele><time>2023-02-16T05:34:35Z</time></trkpt><trkpt lat="28.097937" lon="85.324472"><ele>2040.469</ele><time>2023-02-16T05:34:39Z</time></trkpt><trkpt lat="28.097934" lon="85.324412"><ele>2037.236</ele><time>2023-02-16T05:34:44Z</time></trkpt><trkpt lat="28.097924" lon="85.324360"><ele>2035.917</ele><time>2023-02-16T05:34:48Z</time></trkpt><trkpt lat="28.097904" lon="85.324307"><ele>2027.318</ele><time>2023-02-16T05:34:53Z</time></trkpt><trkpt lat="28.097964" lon="85.324265"><ele>2017.809</ele><time>2023-02-16T05:35:24Z</time></trkpt><trkpt lat="28.098007" lon="85.324283"><ele>2017.884</ele><time>2023-02-16T05:35:29Z</time></trkpt><trkpt lat="28.098154" lon="85.324283"><ele>2016.555</ele><time>2023-02-16T05:35:46Z</time></trkpt><trkpt lat="28.098162" lon="85.324223"><ele>2015.769</ele><time>2023-02-16T05:35:53Z</time></trkpt><trkpt lat="28.098190" lon="85.324170"><ele>2015.273</ele><time>2023-02-16T05:36:00Z</time></trkpt><trkpt lat="28.098245" lon="85.324112"><ele>2017.883</ele><time>2023-02-16T05:36:04Z</time></trkpt><trkpt lat="28.098277" lon="85.324072"><ele>2018.917</ele><time>2023-02-16T05:36:07Z</time></trkpt><trkpt lat="28.098302" lon="85.324020"><ele>2017.665</ele><time>2023-02-16T05:36:12Z</time></trkpt><trkpt lat="28.098315" lon="85.323965"><ele>2017.797</ele><time>2023-02-16T05:36:16Z</time></trkpt><trkpt lat="28.098310" lon="85.323913"><ele>2018.164</ele><time>2023-02-16T05:36:19Z</time></trkpt><trkpt lat="28.098275" lon="85.323870"><ele>2016.634</ele><time>2023-02-16T05:36:28Z</time></trkpt><trkpt lat="28.098258" lon="85.323820"><ele>2016.455</ele><time>2023-02-16T05:36:34Z</time></trkpt><trkpt lat="28.098240" lon="85.323768"><ele>2015.710</ele><time>2023-02-16T05:36:39Z</time></trkpt><trkpt lat="28.098218" lon="85.323716"><ele>2014.909</ele><time>2023-02-16T05:36:44Z</time></trkpt><trkpt lat="28.098200" lon="85.323659"><ele>2011.344</ele><time>2023-02-16T05:36:51Z</time></trkpt><trkpt lat="28.098195" lon="85.323607"><ele>2010.835</ele><time>2023-02-16T05:36:56Z</time></trkpt><trkpt lat="28.098165" lon="85.323550"><ele>2007.119</ele><time>2023-02-16T05:37:09Z</time></trkpt><trkpt lat="28.098175" lon="85.323485"><ele>2007.033</ele><time>2023-02-16T05:37:17Z</time></trkpt><trkpt lat="28.098168" lon="85.322797"><ele>1977.463</ele><time>2023-02-16T05:38:45Z</time></trkpt><trkpt lat="28.098185" lon="85.322370"><ele>1969.147</ele><time>2023-02-16T05:40:00Z</time></trkpt><trkpt lat="28.098098" lon="85.322218"><ele>1962.335</ele><time>2023-02-16T05:40:23Z</time></trkpt><trkpt lat="28.098025" lon="85.322171"><ele>1960.227</ele><time>2023-02-16T05:40:35Z</time></trkpt><trkpt lat="28.097987" lon="85.322143"><ele>1957.564</ele><time>2023-02-16T05:40:44Z</time></trkpt><trkpt lat="28.097570" lon="85.321366"><ele>1951.162</ele><time>2023-02-16T05:42:55Z</time></trkpt><trkpt lat="28.097545" lon="85.321306"><ele>1951.283</ele><time>2023-02-16T05:42:59Z</time></trkpt><trkpt lat="28.097487" lon="85.321036"><ele>1944.911</ele><time>2023-02-16T05:43:20Z</time></trkpt><trkpt lat="28.097512" lon="85.320988"><ele>1943.409</ele><time>2023-02-16T05:43:22Z</time></trkpt><trkpt lat="28.097540" lon="85.320926"><ele>1941.617</ele><time>2023-02-16T05:43:27Z</time></trkpt><trkpt lat="28.097553" lon="85.320871"><ele>1940.098</ele><time>2023-02-16T05:43:31Z</time></trkpt><trkpt lat="28.097551" lon="85.320791"><ele>1937.432</ele><time>2023-02-16T05:43:34Z</time></trkpt><trkpt lat="28.097548" lon="85.320736"><ele>1936.596</ele><time>2023-02-16T05:43:36Z</time></trkpt><trkpt lat="28.097573" lon="85.320686"><ele>1935.516</ele><time>2023-02-16T05:43:39Z</time></trkpt><trkpt lat="28.097561" lon="85.320636"><ele>1945.210</ele><time>2023-02-16T05:43:42Z</time></trkpt><trkpt lat="28.097571" lon="85.320571"><ele>1951.668</ele><time>2023-02-16T05:43:45Z</time></trkpt><trkpt lat="28.097578" lon="85.320519"><ele>1952.930</ele><time>2023-02-16T05:43:49Z</time></trkpt><trkpt lat="28.097591" lon="85.320459"><ele>1952.627</ele><time>2023-02-16T05:43:54Z</time></trkpt><trkpt lat="28.097619" lon="85.320406"><ele>1949.753</ele><time>2023-02-16T05:44:03Z</time></trkpt><trkpt lat="28.097592" lon="85.320363"><ele>1948.904</ele><time>2023-02-16T05:44:07Z</time></trkpt><trkpt lat="28.097559" lon="85.320318"><ele>1948.514</ele><time>2023-02-16T05:44:11Z</time></trkpt><trkpt lat="28.097559" lon="85.320260"><ele>1945.009</ele><time>2023-02-16T05:44:14Z</time></trkpt><trkpt lat="28.097586" lon="85.320215"><ele>1942.936</ele><time>2023-02-16T05:44:16Z</time></trkpt><trkpt lat="28.097609" lon="85.320170"><ele>1939.817</ele><time>2023-02-16T05:44:18Z</time></trkpt><trkpt lat="28.097647" lon="85.320140"><ele>1936.681</ele><time>2023-02-16T05:44:21Z</time></trkpt><trkpt lat="28.097682" lon="85.320103"><ele>1933.625</ele><time>2023-02-16T05:44:25Z</time></trkpt><trkpt lat="28.097707" lon="85.320055"><ele>1932.855</ele><time>2023-02-16T05:44:33Z</time></trkpt><trkpt lat="28.097745" lon="85.319978"><ele>1954.559</ele><time>2023-02-16T05:44:47Z</time></trkpt><trkpt lat="28.097750" lon="85.319925"><ele>1949.277</ele><time>2023-02-16T05:44:57Z</time></trkpt><trkpt lat="28.097762" lon="85.319867"><ele>1944.629</ele><time>2023-02-16T05:45:01Z</time></trkpt><trkpt lat="28.097734" lon="85.319819"><ele>1936.726</ele><time>2023-02-16T05:45:08Z</time></trkpt><trkpt lat="28.097729" lon="85.319767"><ele>1932.782</ele><time>2023-02-16T05:45:12Z</time></trkpt><trkpt lat="28.097771" lon="85.319739"><ele>1924.143</ele><time>2023-02-16T05:45:31Z</time></trkpt><trkpt lat="28.097798" lon="85.319692"><ele>1925.917</ele><time>2023-02-16T05:45:36Z</time></trkpt><trkpt lat="28.097846" lon="85.319670"><ele>1926.609</ele><time>2023-02-16T05:45:40Z</time></trkpt><trkpt lat="28.097846" lon="85.319615"><ele>1923.259</ele><time>2023-02-16T05:45:45Z</time></trkpt><trkpt lat="28.097794" lon="85.319588"><ele>1924.890</ele><time>2023-02-16T05:47:13Z</time></trkpt><trkpt lat="28.097821" lon="85.319541"><ele>1928.034</ele><time>2023-02-16T05:47:17Z</time></trkpt><trkpt lat="28.097824" lon="85.319481"><ele>1929.798</ele><time>2023-02-16T05:47:22Z</time></trkpt><trkpt lat="28.097849" lon="85.319436"><ele>1930.598</ele><time>2023-02-16T05:47:28Z</time></trkpt><trkpt lat="28.097894" lon="85.319399"><ele>1928.352</ele><time>2023-02-16T05:47:34Z</time></trkpt><trkpt lat="28.097934" lon="85.319364"><ele>1927.440</ele><time>2023-02-16T05:47:38Z</time></trkpt><trkpt lat="28.097979" lon="85.319334"><ele>1926.542</ele><time>2023-02-16T05:47:42Z</time></trkpt><trkpt lat="28.098029" lon="85.319316"><ele>1924.049</ele><time>2023-02-16T05:47:47Z</time></trkpt><trkpt lat="28.098062" lon="85.319274"><ele>1922.762</ele><time>2023-02-16T05:47:52Z</time></trkpt><trkpt lat="28.098097" lon="85.319237"><ele>1922.783</ele><time>2023-02-16T05:47:55Z</time></trkpt><trkpt lat="28.098122" lon="85.319190"><ele>1922.311</ele><time>2023-02-16T05:47:59Z</time></trkpt><trkpt lat="28.098135" lon="85.319125"><ele>1921.909</ele><time>2023-02-16T05:48:04Z</time></trkpt><trkpt lat="28.098148" lon="85.319062"><ele>1922.617</ele><time>2023-02-16T05:48:09Z</time></trkpt><trkpt lat="28.098163" lon="85.319007"><ele>1923.288</ele><time>2023-02-16T05:48:13Z</time></trkpt><trkpt lat="28.098166" lon="85.318952"><ele>1922.262</ele><time>2023-02-16T05:48:18Z</time></trkpt><trkpt lat="28.098158" lon="85.318897"><ele>1921.556</ele><time>2023-02-16T05:48:24Z</time></trkpt><trkpt lat="28.098198" lon="85.318864"><ele>1920.476</ele><time>2023-02-16T05:48:29Z</time></trkpt><trkpt lat="28.098248" lon="85.318839"><ele>1919.550</ele><time>2023-02-16T05:48:32Z</time></trkpt><trkpt lat="28.098281" lon="85.318791"><ele>1917.978</ele><time>2023-02-16T05:48:36Z</time></trkpt><trkpt lat="28.098321" lon="85.318756"><ele>1916.330</ele><time>2023-02-16T05:48:40Z</time></trkpt><trkpt lat="28.098349" lon="85.318704"><ele>1916.767</ele><time>2023-02-16T05:48:44Z</time></trkpt><trkpt lat="28.098347" lon="85.318649"><ele>1917.443</ele><time>2023-02-16T05:48:49Z</time></trkpt><trkpt lat="28.098335" lon="85.318586"><ele>1918.364</ele><time>2023-02-16T05:48:53Z</time></trkpt><trkpt lat="28.098362" lon="85.318538"><ele>1919.110</ele><time>2023-02-16T05:48:59Z</time></trkpt><trkpt lat="28.098349" lon="85.318478"><ele>1918.509</ele><time>2023-02-16T05:49:06Z</time></trkpt><trkpt lat="28.098326" lon="85.318433"><ele>1918.745</ele><time>2023-02-16T05:49:10Z</time></trkpt><trkpt lat="28.098289" lon="85.318390"><ele>1918.786</ele><time>2023-02-16T05:49:15Z</time></trkpt><trkpt lat="28.098256" lon="85.318340"><ele>1919.070</ele><time>2023-02-16T05:49:19Z</time></trkpt><trkpt lat="28.098214" lon="85.318297"><ele>1918.654</ele><time>2023-02-16T05:49:23Z</time></trkpt><trkpt lat="28.098181" lon="85.318257"><ele>1918.454</ele><time>2023-02-16T05:49:26Z</time></trkpt><trkpt lat="28.098148" lon="85.318210"><ele>1916.488</ele><time>2023-02-16T05:49:30Z</time></trkpt><trkpt lat="28.098110" lon="85.318178"><ele>1915.296</ele><time>2023-02-16T05:49:35Z</time></trkpt><trkpt lat="28.098117" lon="85.318121"><ele>1913.618</ele><time>2023-02-16T05:49:40Z</time></trkpt><trkpt lat="28.098154" lon="85.318086"><ele>1913.955</ele><time>2023-02-16T05:49:43Z</time></trkpt><trkpt lat="28.098156" lon="85.318033"><ele>1913.233</ele><time>2023-02-16T05:49:53Z</time></trkpt><trkpt lat="28.098196" lon="85.318010"><ele>1910.423</ele><time>2023-02-16T05:50:03Z</time></trkpt><trkpt lat="28.098226" lon="85.317970"><ele>1909.815</ele><time>2023-02-16T05:50:08Z</time></trkpt><trkpt lat="28.098256" lon="85.317930"><ele>1909.409</ele><time>2023-02-16T05:50:12Z</time></trkpt><trkpt lat="28.098269" lon="85.317870"><ele>1908.284</ele><time>2023-02-16T05:50:17Z</time></trkpt><trkpt lat="28.098277" lon="85.317815"><ele>1906.925</ele><time>2023-02-16T05:50:22Z</time></trkpt><trkpt lat="28.098282" lon="85.317760"><ele>1905.259</ele><time>2023-02-16T05:50:27Z</time></trkpt><trkpt lat="28.098292" lon="85.317697"><ele>1904.383</ele><time>2023-02-16T05:50:32Z</time></trkpt><trkpt lat="28.098312" lon="85.317640"><ele>1902.513</ele><time>2023-02-16T05:50:37Z</time></trkpt><trkpt lat="28.098325" lon="85.317585"><ele>1899.497</ele><time>2023-02-16T05:50:42Z</time></trkpt><trkpt lat="28.098330" lon="85.317532"><ele>1896.175</ele><time>2023-02-16T05:50:47Z</time></trkpt><trkpt lat="28.098350" lon="85.317475"><ele>1894.237</ele><time>2023-02-16T05:50:53Z</time></trkpt><trkpt lat="28.098362" lon="85.317422"><ele>1892.854</ele><time>2023-02-16T05:50:58Z</time></trkpt><trkpt lat="28.098359" lon="85.317365"><ele>1890.958</ele><time>2023-02-16T05:51:05Z</time></trkpt><trkpt lat="28.098496" lon="85.317352"><ele>1891.452</ele><time>2023-02-16T05:51:07Z</time></trkpt><trkpt lat="28.098488" lon="85.317290"><ele>1892.217</ele><time>2023-02-16T05:51:13Z</time></trkpt><trkpt lat="28.098503" lon="85.317237"><ele>1892.509</ele><time>2023-02-16T05:51:17Z</time></trkpt><trkpt lat="28.098530" lon="85.317184"><ele>1892.296</ele><time>2023-02-16T05:51:22Z</time></trkpt><trkpt lat="28.098563" lon="85.317141"><ele>1890.347</ele><time>2023-02-16T05:51:27Z</time></trkpt><trkpt lat="28.098593" lon="85.317088"><ele>1890.121</ele><time>2023-02-16T05:51:31Z</time></trkpt><trkpt lat="28.098608" lon="85.317038"><ele>1890.535</ele><time>2023-02-16T05:51:35Z</time></trkpt><trkpt lat="28.098633" lon="85.316983"><ele>1890.855</ele><time>2023-02-16T05:51:41Z</time></trkpt><trkpt lat="28.098651" lon="85.316930"><ele>1893.339</ele><time>2023-02-16T05:51:45Z</time></trkpt><trkpt lat="28.098681" lon="85.316892"><ele>1892.777</ele><time>2023-02-16T05:51:49Z</time></trkpt><trkpt lat="28.098723" lon="85.316864"><ele>1891.639</ele><time>2023-02-16T05:51:53Z</time></trkpt><trkpt lat="28.098748" lon="85.316819"><ele>1892.436</ele><time>2023-02-16T05:52:01Z</time></trkpt><trkpt lat="28.098775" lon="85.316766"><ele>1910.443</ele><time>2023-02-16T05:52:14Z</time></trkpt><trkpt lat="28.098815" lon="85.316736"><ele>1912.364</ele><time>2023-02-16T05:52:18Z</time></trkpt><trkpt lat="28.098860" lon="85.316693"><ele>1910.010</ele><time>2023-02-16T05:52:22Z</time></trkpt><trkpt lat="28.098900" lon="85.316661"><ele>1908.409</ele><time>2023-02-16T05:52:26Z</time></trkpt><trkpt lat="28.098945" lon="85.316628"><ele>1907.615</ele><time>2023-02-16T05:52:30Z</time></trkpt><trkpt lat="28.098968" lon="85.316583"><ele>1907.076</ele><time>2023-02-16T05:52:34Z</time></trkpt><trkpt lat="28.099015" lon="85.316541"><ele>1907.810</ele><time>2023-02-16T05:52:40Z</time></trkpt><trkpt lat="28.099015" lon="85.316484"><ele>1907.364</ele><time>2023-02-16T05:52:44Z</time></trkpt><trkpt lat="28.098997" lon="85.316434"><ele>1904.924</ele><time>2023-02-16T05:52:49Z</time></trkpt><trkpt lat="28.098995" lon="85.316382"><ele>1901.928</ele><time>2023-02-16T05:52:54Z</time></trkpt><trkpt lat="28.098990" lon="85.316327"><ele>1899.516</ele><time>2023-02-16T05:52:59Z</time></trkpt><trkpt lat="28.099008" lon="85.316265"><ele>1898.248</ele><time>2023-02-16T05:53:04Z</time></trkpt><trkpt lat="28.099025" lon="85.316210"><ele>1896.585</ele><time>2023-02-16T05:53:09Z</time></trkpt><trkpt lat="28.099035" lon="85.316160"><ele>1895.471</ele><time>2023-02-16T05:53:13Z</time></trkpt><trkpt lat="28.099032" lon="85.316102"><ele>1895.341</ele><time>2023-02-16T05:53:18Z</time></trkpt><trkpt lat="28.099037" lon="85.316035"><ele>1898.315</ele><time>2023-02-16T05:53:22Z</time></trkpt><trkpt lat="28.099047" lon="85.315983"><ele>1898.109</ele><time>2023-02-16T05:53:26Z</time></trkpt><trkpt lat="28.099055" lon="85.315930"><ele>1898.188</ele><time>2023-02-16T05:53:30Z</time></trkpt><trkpt lat="28.099070" lon="85.315878"><ele>1896.799</ele><time>2023-02-16T05:53:35Z</time></trkpt><trkpt lat="28.099090" lon="85.315830"><ele>1895.923</ele><time>2023-02-16T05:53:39Z</time></trkpt><trkpt lat="28.099100" lon="85.315773"><ele>1895.797</ele><time>2023-02-16T05:53:44Z</time></trkpt><trkpt lat="28.099127" lon="85.315725"><ele>1893.817</ele><time>2023-02-16T05:53:51Z</time></trkpt><trkpt lat="28.099184" lon="85.315730"><ele>1894.721</ele><time>2023-02-16T05:53:57Z</time></trkpt><trkpt lat="28.099226" lon="85.315750"><ele>1896.359</ele><time>2023-02-16T05:54:01Z</time></trkpt><trkpt lat="28.099276" lon="85.315715"><ele>1897.121</ele><time>2023-02-16T05:54:20Z</time></trkpt><trkpt lat="28.099313" lon="85.315673"><ele>1896.548</ele><time>2023-02-16T05:54:25Z</time></trkpt><trkpt lat="28.099350" lon="85.315630"><ele>1895.779</ele><time>2023-02-16T05:54:29Z</time></trkpt><trkpt lat="28.099387" lon="85.315585"><ele>1894.605</ele><time>2023-02-16T05:54:33Z</time></trkpt><trkpt lat="28.099410" lon="85.315532"><ele>1894.025</ele><time>2023-02-16T05:54:37Z</time></trkpt><trkpt lat="28.099423" lon="85.315470"><ele>1893.509</ele><time>2023-02-16T05:54:42Z</time></trkpt><trkpt lat="28.099456" lon="85.315348"><ele>1922.118</ele><time>2023-02-16T05:54:45Z</time></trkpt><trkpt lat="28.099428" lon="85.315396"><ele>1905.079</ele><time>2023-02-16T05:54:46Z</time></trkpt><trkpt lat="28.099396" lon="85.315344"><ele>1895.313</ele><time>2023-02-16T05:54:50Z</time></trkpt><trkpt lat="28.099399" lon="85.315291"><ele>1893.777</ele><time>2023-02-16T05:54:56Z</time></trkpt><trkpt lat="28.099391" lon="85.315239"><ele>1893.897</ele><time>2023-02-16T05:54:59Z</time></trkpt><trkpt lat="28.099404" lon="85.315062"><ele>1929.611</ele><time>2023-02-16T05:55:04Z</time></trkpt><trkpt lat="28.099426" lon="85.315012"><ele>1924.339</ele><time>2023-02-16T05:55:13Z</time></trkpt><trkpt lat="28.099451" lon="85.314964"><ele>1916.171</ele><time>2023-02-16T05:55:19Z</time></trkpt><trkpt lat="28.099471" lon="85.314911"><ele>1913.548</ele><time>2023-02-16T05:55:25Z</time></trkpt><trkpt lat="28.099481" lon="85.314856"><ele>1908.037</ele><time>2023-02-16T05:55:34Z</time></trkpt><trkpt lat="28.099493" lon="85.314806"><ele>1906.049</ele><time>2023-02-16T05:55:43Z</time></trkpt><trkpt lat="28.099535" lon="85.314753"><ele>1905.113</ele><time>2023-02-16T05:55:51Z</time></trkpt><trkpt lat="28.099565" lon="85.314710"><ele>1904.009</ele><time>2023-02-16T05:55:57Z</time></trkpt><trkpt lat="28.099610" lon="85.314693"><ele>1905.034</ele><time>2023-02-16T05:56:04Z</time></trkpt><trkpt lat="28.099632" lon="85.314648"><ele>1905.175</ele><time>2023-02-16T05:56:12Z</time></trkpt><trkpt lat="28.099654" lon="85.314596"><ele>1906.419</ele><time>2023-02-16T05:56:18Z</time></trkpt><trkpt lat="28.099661" lon="85.314539"><ele>1905.993</ele><time>2023-02-16T05:56:25Z</time></trkpt><trkpt lat="28.099686" lon="85.314467"><ele>1903.713</ele><time>2023-02-16T05:56:42Z</time></trkpt><trkpt lat="28.099656" lon="85.314429"><ele>1906.327</ele><time>2023-02-16T05:56:49Z</time></trkpt><trkpt lat="28.099641" lon="85.314356"><ele>1908.775</ele><time>2023-02-16T05:57:00Z</time></trkpt><trkpt lat="28.099656" lon="85.314303"><ele>1909.947</ele><time>2023-02-16T05:57:05Z</time></trkpt><trkpt lat="28.099683" lon="85.314253"><ele>1908.954</ele><time>2023-02-16T05:57:15Z</time></trkpt><trkpt lat="28.099715" lon="85.314213"><ele>1909.137</ele><time>2023-02-16T05:57:21Z</time></trkpt><trkpt lat="28.099757" lon="85.314171"><ele>1912.349</ele><time>2023-02-16T05:57:25Z</time></trkpt><trkpt lat="28.099797" lon="85.314146"><ele>1914.713</ele><time>2023-02-16T05:57:29Z</time></trkpt><trkpt lat="28.099834" lon="85.314114"><ele>1915.509</ele><time>2023-02-16T05:57:34Z</time></trkpt><trkpt lat="28.099876" lon="85.314087"><ele>1913.824</ele><time>2023-02-16T05:57:40Z</time></trkpt><trkpt lat="28.099911" lon="85.314050"><ele>1915.445</ele><time>2023-02-16T05:57:47Z</time></trkpt><trkpt lat="28.099923" lon="85.313980"><ele>1914.719</ele><time>2023-02-16T05:58:00Z</time></trkpt><trkpt lat="28.099906" lon="85.313928"><ele>1916.893</ele><time>2023-02-16T05:58:10Z</time></trkpt><trkpt lat="28.099958" lon="85.313903"><ele>1919.233</ele><time>2023-02-16T05:58:16Z</time></trkpt><trkpt lat="28.099980" lon="85.313850"><ele>1918.787</ele><time>2023-02-16T05:58:23Z</time></trkpt><trkpt lat="28.100007" lon="85.313775"><ele>1919.815</ele><time>2023-02-16T05:58:34Z</time></trkpt><trkpt lat="28.100049" lon="85.313740"><ele>1921.087</ele><time>2023-02-16T05:58:41Z</time></trkpt><trkpt lat="28.100081" lon="85.313702"><ele>1921.974</ele><time>2023-02-16T05:58:47Z</time></trkpt><trkpt lat="28.100103" lon="85.313657"><ele>1921.883</ele><time>2023-02-16T05:58:54Z</time></trkpt><trkpt lat="28.100106" lon="85.313604"><ele>1921.725</ele><time>2023-02-16T05:59:04Z</time></trkpt><trkpt lat="28.100106" lon="85.313547"><ele>1921.217</ele><time>2023-02-16T05:59:12Z</time></trkpt><trkpt lat="28.100159" lon="85.313525"><ele>1926.509</ele><time>2023-02-16T05:59:14Z</time></trkpt><trkpt lat="28.100157" lon="85.313470"><ele>1924.969</ele><time>2023-02-16T05:59:22Z</time></trkpt><trkpt lat="28.100180" lon="85.313422"><ele>1926.440</ele><time>2023-02-16T05:59:28Z</time></trkpt><trkpt lat="28.100215" lon="85.313382"><ele>1927.674</ele><time>2023-02-16T05:59:33Z</time></trkpt><trkpt lat="28.100247" lon="85.313332"><ele>1930.398</ele><time>2023-02-16T05:59:41Z</time></trkpt><trkpt lat="28.100292" lon="85.313305"><ele>1932.648</ele><time>2023-02-16T05:59:49Z</time></trkpt><trkpt lat="28.100337" lon="85.313317"><ele>1934.472</ele><time>2023-02-16T05:59:54Z</time></trkpt><trkpt lat="28.100382" lon="85.313314"><ele>1935.210</ele><time>2023-02-16T06:00:00Z</time></trkpt><trkpt lat="28.100434" lon="85.313289"><ele>1937.192</ele><time>2023-02-16T06:00:05Z</time></trkpt><trkpt lat="28.100477" lon="85.313254"><ele>1937.099</ele><time>2023-02-16T06:00:13Z</time></trkpt><trkpt lat="28.100499" lon="85.313197"><ele>1934.918</ele><time>2023-02-16T06:00:20Z</time></trkpt><trkpt lat="28.100549" lon="85.313165"><ele>1936.098</ele><time>2023-02-16T06:00:24Z</time></trkpt><trkpt lat="28.100597" lon="85.313145"><ele>1938.617</ele><time>2023-02-16T06:00:28Z</time></trkpt><trkpt lat="28.100640" lon="85.313128"><ele>1940.409</ele><time>2023-02-16T06:00:32Z</time></trkpt><trkpt lat="28.100682" lon="85.313105"><ele>1940.792</ele><time>2023-02-16T06:00:37Z</time></trkpt><trkpt lat="28.100719" lon="85.313067"><ele>1940.833</ele><time>2023-02-16T06:00:42Z</time></trkpt><trkpt lat="28.100751" lon="85.313029"><ele>1940.477</ele><time>2023-02-16T06:00:47Z</time></trkpt><trkpt lat="28.100791" lon="85.313002"><ele>1940.261</ele><time>2023-02-16T06:00:55Z</time></trkpt><trkpt lat="28.100819" lon="85.312962"><ele>1940.681</ele><time>2023-02-16T06:01:01Z</time></trkpt><trkpt lat="28.100857" lon="85.312932"><ele>1941.325</ele><time>2023-02-16T06:01:07Z</time></trkpt><trkpt lat="28.100900" lon="85.312909"><ele>1941.373</ele><time>2023-02-16T06:01:14Z</time></trkpt><trkpt lat="28.100940" lon="85.312886"><ele>1941.735</ele><time>2023-02-16T06:01:20Z</time></trkpt><trkpt lat="28.100983" lon="85.312851"><ele>1942.922</ele><time>2023-02-16T06:01:28Z</time></trkpt><trkpt lat="28.101021" lon="85.312818"><ele>1942.746</ele><time>2023-02-16T06:01:35Z</time></trkpt><trkpt lat="28.101064" lon="85.312783"><ele>1943.888</ele><time>2023-02-16T06:01:42Z</time></trkpt><trkpt lat="28.101084" lon="85.312736"><ele>1942.516</ele><time>2023-02-16T06:01:49Z</time></trkpt><trkpt lat="28.101112" lon="85.312688"><ele>1941.609</ele><time>2023-02-16T06:01:56Z</time></trkpt><trkpt lat="28.101157" lon="85.312673"><ele>1942.485</ele><time>2023-02-16T06:02:02Z</time></trkpt><trkpt lat="28.101205" lon="85.312653"><ele>1943.026</ele><time>2023-02-16T06:02:07Z</time></trkpt><trkpt lat="28.101250" lon="85.312631"><ele>1944.270</ele><time>2023-02-16T06:02:12Z</time></trkpt><trkpt lat="28.101293" lon="85.312614"><ele>1945.794</ele><time>2023-02-16T06:02:17Z</time></trkpt><trkpt lat="28.101338" lon="85.312584"><ele>1946.334</ele><time>2023-02-16T06:02:25Z</time></trkpt><trkpt lat="28.101385" lon="85.312557"><ele>1946.588</ele><time>2023-02-16T06:02:30Z</time></trkpt><trkpt lat="28.101425" lon="85.312527"><ele>1948.096</ele><time>2023-02-16T06:02:34Z</time></trkpt><trkpt lat="28.101467" lon="85.312487"><ele>1949.268</ele><time>2023-02-16T06:02:39Z</time></trkpt><trkpt lat="28.101517" lon="85.312474"><ele>1950.035</ele><time>2023-02-16T06:02:44Z</time></trkpt><trkpt lat="28.101557" lon="85.312444"><ele>1950.135</ele><time>2023-02-16T06:02:50Z</time></trkpt><trkpt lat="28.101595" lon="85.312404"><ele>1950.386</ele><time>2023-02-16T06:02:55Z</time></trkpt><trkpt lat="28.101627" lon="85.312366"><ele>1949.914</ele><time>2023-02-16T06:03:00Z</time></trkpt><trkpt lat="28.101664" lon="85.312334"><ele>1949.109</ele><time>2023-02-16T06:03:05Z</time></trkpt><trkpt lat="28.101699" lon="85.312284"><ele>1947.614</ele><time>2023-02-16T06:03:19Z</time></trkpt><trkpt lat="28.101732" lon="85.312237"><ele>1948.795</ele><time>2023-02-16T06:03:24Z</time></trkpt><trkpt lat="28.101779" lon="85.312210"><ele>1948.859</ele><time>2023-02-16T06:03:29Z</time></trkpt><trkpt lat="28.101821" lon="85.312175"><ele>1947.623</ele><time>2023-02-16T06:03:34Z</time></trkpt><trkpt lat="28.101858" lon="85.312135"><ele>1947.423</ele><time>2023-02-16T06:03:38Z</time></trkpt><trkpt lat="28.101893" lon="85.312093"><ele>1946.877</ele><time>2023-02-16T06:03:42Z</time></trkpt><trkpt lat="28.101925" lon="85.312050"><ele>1945.415</ele><time>2023-02-16T06:03:47Z</time></trkpt><trkpt lat="28.101953" lon="85.312000"><ele>1945.537</ele><time>2023-02-16T06:03:51Z</time></trkpt><trkpt lat="28.101980" lon="85.311952"><ele>1945.524</ele><time>2023-02-16T06:03:56Z</time></trkpt><trkpt lat="28.101997" lon="85.311900"><ele>1945.399</ele><time>2023-02-16T06:04:01Z</time></trkpt><trkpt lat="28.102014" lon="85.311840"><ele>1945.207</ele><time>2023-02-16T06:04:06Z</time></trkpt><trkpt lat="28.102032" lon="85.311783"><ele>1944.027</ele><time>2023-02-16T06:04:11Z</time></trkpt><trkpt lat="28.102064" lon="85.311731"><ele>1942.409</ele><time>2023-02-16T06:04:16Z</time></trkpt><trkpt lat="28.102086" lon="85.311684"><ele>1941.970</ele><time>2023-02-16T06:04:20Z</time></trkpt><trkpt lat="28.102108" lon="85.311631"><ele>1941.991</ele><time>2023-02-16T06:04:25Z</time></trkpt><trkpt lat="28.102123" lon="85.311581"><ele>1942.685</ele><time>2023-02-16T06:04:29Z</time></trkpt><trkpt lat="28.102151" lon="85.311534"><ele>1943.119</ele><time>2023-02-16T06:04:34Z</time></trkpt><trkpt lat="28.102179" lon="85.311487"><ele>1943.819</ele><time>2023-02-16T06:04:38Z</time></trkpt><trkpt lat="28.102211" lon="85.311435"><ele>1943.183</ele><time>2023-02-16T06:04:43Z</time></trkpt><trkpt lat="28.102249" lon="85.311398"><ele>1943.361</ele><time>2023-02-16T06:04:48Z</time></trkpt><trkpt lat="28.102287" lon="85.311355"><ele>1944.363</ele><time>2023-02-16T06:04:53Z</time></trkpt><trkpt lat="28.102325" lon="85.311318"><ele>1945.210</ele><time>2023-02-16T06:04:57Z</time></trkpt><trkpt lat="28.102363" lon="85.311276"><ele>1944.782</ele><time>2023-02-16T06:05:02Z</time></trkpt><trkpt lat="28.102406" lon="85.311258"><ele>1945.543</ele><time>2023-02-16T06:05:07Z</time></trkpt><trkpt lat="28.102436" lon="85.311211"><ele>1946.317</ele><time>2023-02-16T06:05:11Z</time></trkpt><trkpt lat="28.102471" lon="85.311164"><ele>1945.509</ele><time>2023-02-16T06:05:15Z</time></trkpt><trkpt lat="28.102508" lon="85.311126"><ele>1945.739</ele><time>2023-02-16T06:05:19Z</time></trkpt><trkpt lat="28.102543" lon="85.311089"><ele>1944.710</ele><time>2023-02-16T06:05:23Z</time></trkpt><trkpt lat="28.102575" lon="85.311046"><ele>1944.944</ele><time>2023-02-16T06:05:27Z</time></trkpt><trkpt lat="28.102617" lon="85.311011"><ele>1945.928</ele><time>2023-02-16T06:05:32Z</time></trkpt><trkpt lat="28.102664" lon="85.310974"><ele>1946.588</ele><time>2023-02-16T06:05:37Z</time></trkpt><trkpt lat="28.102702" lon="85.310944"><ele>1946.092</ele><time>2023-02-16T06:05:41Z</time></trkpt><trkpt lat="28.102732" lon="85.310901"><ele>1944.940</ele><time>2023-02-16T06:05:46Z</time></trkpt><trkpt lat="28.102769" lon="85.310858"><ele>1944.412</ele><time>2023-02-16T06:05:51Z</time></trkpt><trkpt lat="28.102799" lon="85.310811"><ele>1945.199</ele><time>2023-02-16T06:05:56Z</time></trkpt><trkpt lat="28.102824" lon="85.310768"><ele>1943.732</ele><time>2023-02-16T06:06:01Z</time></trkpt><trkpt lat="28.102861" lon="85.310736"><ele>1943.292</ele><time>2023-02-16T06:06:05Z</time></trkpt><trkpt lat="28.102889" lon="85.310693"><ele>1943.211</ele><time>2023-02-16T06:06:09Z</time></trkpt><trkpt lat="28.102914" lon="85.310643"><ele>1943.509</ele><time>2023-02-16T06:06:14Z</time></trkpt><trkpt lat="28.102947" lon="85.310608"><ele>1943.874</ele><time>2023-02-16T06:06:19Z</time></trkpt><trkpt lat="28.102987" lon="85.310581"><ele>1943.815</ele><time>2023-02-16T06:06:24Z</time></trkpt><trkpt lat="28.103037" lon="85.310571"><ele>1943.759</ele><time>2023-02-16T06:06:29Z</time></trkpt><trkpt lat="28.103087" lon="85.310568"><ele>1943.873</ele><time>2023-02-16T06:06:34Z</time></trkpt><trkpt lat="28.103139" lon="85.310570"><ele>1944.783</ele><time>2023-02-16T06:06:39Z</time></trkpt><trkpt lat="28.103189" lon="85.310575"><ele>1944.957</ele><time>2023-02-16T06:06:44Z</time></trkpt><trkpt lat="28.103241" lon="85.310578"><ele>1944.575</ele><time>2023-02-16T06:06:49Z</time></trkpt><trkpt lat="28.103293" lon="85.310566"><ele>1943.737</ele><time>2023-02-16T06:06:54Z</time></trkpt><trkpt lat="28.103321" lon="85.310524"><ele>1942.834</ele><time>2023-02-16T06:06:58Z</time></trkpt><trkpt lat="28.103336" lon="85.310467"><ele>1942.046</ele><time>2023-02-16T06:07:03Z</time></trkpt><trkpt lat="28.103343" lon="85.310409"><ele>1940.988</ele><time>2023-02-16T06:07:08Z</time></trkpt><trkpt lat="28.103371" lon="85.310361"><ele>1941.116</ele><time>2023-02-16T06:07:12Z</time></trkpt><trkpt lat="28.103403" lon="85.310324"><ele>1940.709</ele><time>2023-02-16T06:07:17Z</time></trkpt><trkpt lat="28.103448" lon="85.310297"><ele>1941.435</ele><time>2023-02-16T06:07:22Z</time></trkpt><trkpt lat="28.103496" lon="85.310295"><ele>1942.856</ele><time>2023-02-16T06:07:26Z</time></trkpt><trkpt lat="28.103541" lon="85.310307"><ele>1944.520</ele><time>2023-02-16T06:07:30Z</time></trkpt><trkpt lat="28.103594" lon="85.310327"><ele>1946.434</ele><time>2023-02-16T06:07:35Z</time></trkpt><trkpt lat="28.103646" lon="85.310352"><ele>1948.184</ele><time>2023-02-16T06:07:40Z</time></trkpt><trkpt lat="28.103703" lon="85.310362"><ele>1948.738</ele><time>2023-02-16T06:07:45Z</time></trkpt><trkpt lat="28.103750" lon="85.310355"><ele>1949.276</ele><time>2023-02-16T06:07:49Z</time></trkpt><trkpt lat="28.103802" lon="85.310345"><ele>1948.898</ele><time>2023-02-16T06:07:54Z</time></trkpt><trkpt lat="28.103850" lon="85.310318"><ele>1948.235</ele><time>2023-02-16T06:07:59Z</time></trkpt><trkpt lat="28.103892" lon="85.310295"><ele>1947.113</ele><time>2023-02-16T06:08:03Z</time></trkpt><trkpt lat="28.103940" lon="85.310268"><ele>1947.243</ele><time>2023-02-16T06:08:07Z</time></trkpt><trkpt lat="28.103988" lon="85.310245"><ele>1946.607</ele><time>2023-02-16T06:08:12Z</time></trkpt><trkpt lat="28.104030" lon="85.310222"><ele>1945.709</ele><time>2023-02-16T06:08:16Z</time></trkpt><trkpt lat="28.104073" lon="85.310184"><ele>1944.822</ele><time>2023-02-16T06:08:20Z</time></trkpt><trkpt lat="28.104108" lon="85.310144"><ele>1943.443</ele><time>2023-02-16T06:08:24Z</time></trkpt><trkpt lat="28.104143" lon="85.310101"><ele>1942.547</ele><time>2023-02-16T06:08:29Z</time></trkpt><trkpt lat="28.104178" lon="85.310054"><ele>1940.361</ele><time>2023-02-16T06:08:35Z</time></trkpt><trkpt lat="28.104211" lon="85.310011"><ele>1939.031</ele><time>2023-02-16T06:08:41Z</time></trkpt><trkpt lat="28.104243" lon="85.309963"><ele>1938.495</ele><time>2023-02-16T06:08:46Z</time></trkpt><trkpt lat="28.104276" lon="85.309916"><ele>1937.733</ele><time>2023-02-16T06:08:51Z</time></trkpt><trkpt lat="28.104301" lon="85.309873"><ele>1937.485</ele><time>2023-02-16T06:08:56Z</time></trkpt><trkpt lat="28.104331" lon="85.309830"><ele>1937.162</ele><time>2023-02-16T06:09:00Z</time></trkpt><trkpt lat="28.104358" lon="85.309773"><ele>1935.526</ele><time>2023-02-16T06:09:05Z</time></trkpt><trkpt lat="28.104380" lon="85.309721"><ele>1935.347</ele><time>2023-02-16T06:09:10Z</time></trkpt><trkpt lat="28.104412" lon="85.309671"><ele>1935.411</ele><time>2023-02-16T06:09:15Z</time></trkpt><trkpt lat="28.104430" lon="85.309621"><ele>1933.209</ele><time>2023-02-16T06:09:20Z</time></trkpt><trkpt lat="28.104445" lon="85.309568"><ele>1932.763</ele><time>2023-02-16T06:09:24Z</time></trkpt><trkpt lat="28.104458" lon="85.309518"><ele>1932.234</ele><time>2023-02-16T06:09:29Z</time></trkpt><trkpt lat="28.104466" lon="85.309458"><ele>1931.988</ele><time>2023-02-16T06:09:34Z</time></trkpt><trkpt lat="28.104476" lon="85.309401"><ele>1930.972</ele><time>2023-02-16T06:09:38Z</time></trkpt><trkpt lat="28.104483" lon="85.309346"><ele>1930.412</ele><time>2023-02-16T06:09:42Z</time></trkpt><trkpt lat="28.104495" lon="85.309281"><ele>1930.826</ele><time>2023-02-16T06:09:47Z</time></trkpt><trkpt lat="28.104502" lon="85.309223"><ele>1931.514</ele><time>2023-02-16T06:09:51Z</time></trkpt><trkpt lat="28.104514" lon="85.309163"><ele>1932.516</ele><time>2023-02-16T06:09:55Z</time></trkpt><trkpt lat="28.104527" lon="85.309111"><ele>1932.743</ele><time>2023-02-16T06:09:59Z</time></trkpt><trkpt lat="28.104549" lon="85.309051"><ele>1934.288</ele><time>2023-02-16T06:10:04Z</time></trkpt><trkpt lat="28.104579" lon="85.309003"><ele>1935.124</ele><time>2023-02-16T06:10:10Z</time></trkpt><trkpt lat="28.104609" lon="85.308963"><ele>1935.026</ele><time>2023-02-16T06:10:16Z</time></trkpt><trkpt lat="28.104651" lon="85.308926"><ele>1935.309</ele><time>2023-02-16T06:10:22Z</time></trkpt><trkpt lat="28.104683" lon="85.308883"><ele>1934.979</ele><time>2023-02-16T06:10:27Z</time></trkpt><trkpt lat="28.104715" lon="85.308846"><ele>1935.490</ele><time>2023-02-16T06:10:34Z</time></trkpt><trkpt lat="28.104758" lon="85.308814"><ele>1935.954</ele><time>2023-02-16T06:10:40Z</time></trkpt><trkpt lat="28.104796" lon="85.308784"><ele>1936.298</ele><time>2023-02-16T06:10:45Z</time></trkpt><trkpt lat="28.104831" lon="85.308751"><ele>1936.398</ele><time>2023-02-16T06:10:50Z</time></trkpt><trkpt lat="28.104868" lon="85.308708"><ele>1936.482</ele><time>2023-02-16T06:10:55Z</time></trkpt><trkpt lat="28.104903" lon="85.308666"><ele>1937.850</ele><time>2023-02-16T06:11:01Z</time></trkpt><trkpt lat="28.104923" lon="85.308618"><ele>1938.882</ele><time>2023-02-16T06:11:06Z</time></trkpt><trkpt lat="28.104948" lon="85.308565"><ele>1939.769</ele><time>2023-02-16T06:11:11Z</time></trkpt><trkpt lat="28.104965" lon="85.308517"><ele>1940.223</ele><time>2023-02-16T06:11:16Z</time></trkpt><trkpt lat="28.104987" lon="85.308469"><ele>1940.783</ele><time>2023-02-16T06:11:23Z</time></trkpt><trkpt lat="28.105010" lon="85.308421"><ele>1940.711</ele><time>2023-02-16T06:11:29Z</time></trkpt><trkpt lat="28.105035" lon="85.308371"><ele>1941.309</ele><time>2023-02-16T06:11:36Z</time></trkpt><trkpt lat="28.105063" lon="85.308319"><ele>1941.853</ele><time>2023-02-16T06:11:42Z</time></trkpt><trkpt lat="28.105085" lon="85.308269"><ele>1942.584</ele><time>2023-02-16T06:11:46Z</time></trkpt><trkpt lat="28.105113" lon="85.308221"><ele>1943.198</ele><time>2023-02-16T06:11:51Z</time></trkpt><trkpt lat="28.105135" lon="85.308176"><ele>1944.292</ele><time>2023-02-16T06:11:55Z</time></trkpt><trkpt lat="28.105160" lon="85.308126"><ele>1945.972</ele><time>2023-02-16T06:12:00Z</time></trkpt><trkpt lat="28.105180" lon="85.308076"><ele>1946.046</ele><time>2023-02-16T06:12:05Z</time></trkpt><trkpt lat="28.105200" lon="85.308028"><ele>1946.794</ele><time>2023-02-16T06:12:10Z</time></trkpt><trkpt lat="28.105210" lon="85.307971"><ele>1946.876</ele><time>2023-02-16T06:12:16Z</time></trkpt><trkpt lat="28.105215" lon="85.307918"><ele>1947.593</ele><time>2023-02-16T06:12:20Z</time></trkpt><trkpt lat="28.105223" lon="85.307861"><ele>1947.491</ele><time>2023-02-16T06:12:26Z</time></trkpt><trkpt lat="28.105231" lon="85.307804"><ele>1946.781</ele><time>2023-02-16T06:12:32Z</time></trkpt><trkpt lat="28.105239" lon="85.307747"><ele>1946.419</ele><time>2023-02-16T06:12:37Z</time></trkpt><trkpt lat="28.105264" lon="85.307689"><ele>1947.609</ele><time>2023-02-16T06:12:42Z</time></trkpt><trkpt lat="28.105299" lon="85.307642"><ele>1948.520</ele><time>2023-02-16T06:12:47Z</time></trkpt><trkpt lat="28.105324" lon="85.307594"><ele>1949.161</ele><time>2023-02-16T06:12:52Z</time></trkpt><trkpt lat="28.105356" lon="85.307551"><ele>1949.245</ele><time>2023-02-16T06:12:58Z</time></trkpt><trkpt lat="28.105388" lon="85.307513"><ele>1949.379</ele><time>2023-02-16T06:13:03Z</time></trkpt><trkpt lat="28.105420" lon="85.307468"><ele>1949.619</ele><time>2023-02-16T06:13:08Z</time></trkpt><trkpt lat="28.105460" lon="85.307433"><ele>1948.653</ele><time>2023-02-16T06:13:13Z</time></trkpt><trkpt lat="28.105490" lon="85.307386"><ele>1949.431</ele><time>2023-02-16T06:13:18Z</time></trkpt><trkpt lat="28.105522" lon="85.307338"><ele>1950.213</ele><time>2023-02-16T06:13:24Z</time></trkpt><trkpt lat="28.105550" lon="85.307298"><ele>1950.850</ele><time>2023-02-16T06:13:29Z</time></trkpt><trkpt lat="28.105572" lon="85.307251"><ele>1950.883</ele><time>2023-02-16T06:13:34Z</time></trkpt><trkpt lat="28.105607" lon="85.307214"><ele>1951.825</ele><time>2023-02-16T06:13:38Z</time></trkpt><trkpt lat="28.105640" lon="85.307166"><ele>1953.317</ele><time>2023-02-16T06:13:42Z</time></trkpt><trkpt lat="28.105672" lon="85.307124"><ele>1954.109</ele><time>2023-02-16T06:13:46Z</time></trkpt><trkpt lat="28.105702" lon="85.307082"><ele>1953.189</ele><time>2023-02-16T06:13:51Z</time></trkpt><trkpt lat="28.105729" lon="85.307040"><ele>1952.250</ele><time>2023-02-16T06:13:56Z</time></trkpt><trkpt lat="28.105767" lon="85.307010"><ele>1951.064</ele><time>2023-02-16T06:14:01Z</time></trkpt><trkpt lat="28.105810" lon="85.306973"><ele>1951.078</ele><time>2023-02-16T06:14:06Z</time></trkpt><trkpt lat="28.105855" lon="85.306943"><ele>1951.628</ele><time>2023-02-16T06:14:11Z</time></trkpt><trkpt lat="28.105903" lon="85.306923"><ele>1952.042</ele><time>2023-02-16T06:14:16Z</time></trkpt><trkpt lat="28.105946" lon="85.306898"><ele>1952.480</ele><time>2023-02-16T06:14:21Z</time></trkpt><trkpt lat="28.105984" lon="85.306866"><ele>1952.192</ele><time>2023-02-16T06:14:25Z</time></trkpt><trkpt lat="28.106027" lon="85.306841"><ele>1951.349</ele><time>2023-02-16T06:14:29Z</time></trkpt><trkpt lat="28.106077" lon="85.306818"><ele>1950.749</ele><time>2023-02-16T06:14:34Z</time></trkpt><trkpt lat="28.106130" lon="85.306810"><ele>1950.502</ele><time>2023-02-16T06:14:39Z</time></trkpt><trkpt lat="28.106182" lon="85.306798"><ele>1950.022</ele><time>2023-02-16T06:14:44Z</time></trkpt><trkpt lat="28.106227" lon="85.306776"><ele>1948.609</ele><time>2023-02-16T06:14:50Z</time></trkpt><trkpt lat="28.106267" lon="85.306736"><ele>1946.825</ele><time>2023-02-16T06:14:56Z</time></trkpt><trkpt lat="28.106299" lon="85.306698"><ele>1949.696</ele><time>2023-02-16T06:15:00Z</time></trkpt><trkpt lat="28.106326" lon="85.306640"><ele>1956.250</ele><time>2023-02-16T06:15:04Z</time></trkpt><trkpt lat="28.106341" lon="85.306583"><ele>1953.694</ele><time>2023-02-16T06:15:08Z</time></trkpt><trkpt lat="28.106354" lon="85.306520"><ele>1948.594</ele><time>2023-02-16T06:15:13Z</time></trkpt><trkpt lat="28.106372" lon="85.306473"><ele>1946.238</ele><time>2023-02-16T06:15:18Z</time></trkpt><trkpt lat="28.106390" lon="85.306423"><ele>1944.066</ele><time>2023-02-16T06:15:23Z</time></trkpt><trkpt lat="28.106407" lon="85.306370"><ele>1943.718</ele><time>2023-02-16T06:15:28Z</time></trkpt><trkpt lat="28.106420" lon="85.306318"><ele>1943.745</ele><time>2023-02-16T06:15:33Z</time></trkpt><trkpt lat="28.106432" lon="85.306266"><ele>1942.877</ele><time>2023-02-16T06:15:38Z</time></trkpt><trkpt lat="28.106445" lon="85.306211"><ele>1943.361</ele><time>2023-02-16T06:15:42Z</time></trkpt><trkpt lat="28.106445" lon="85.306153"><ele>1943.727</ele><time>2023-02-16T06:15:46Z</time></trkpt><trkpt lat="28.106452" lon="85.306091"><ele>1944.509</ele><time>2023-02-16T06:15:50Z</time></trkpt><trkpt lat="28.106484" lon="85.306041"><ele>1945.638</ele><time>2023-02-16T06:15:54Z</time></trkpt><trkpt lat="28.106504" lon="85.305989"><ele>1946.249</ele><time>2023-02-16T06:15:59Z</time></trkpt><trkpt lat="28.106506" lon="85.305937"><ele>1947.363</ele><time>2023-02-16T06:16:03Z</time></trkpt><trkpt lat="28.106518" lon="85.305880"><ele>1947.077</ele><time>2023-02-16T06:16:08Z</time></trkpt><trkpt lat="28.106530" lon="85.305830"><ele>1946.877</ele><time>2023-02-16T06:16:12Z</time></trkpt><trkpt lat="28.106570" lon="85.305788"><ele>1947.451</ele><time>2023-02-16T06:16:16Z</time></trkpt><trkpt lat="28.106610" lon="85.305758"><ele>1948.419</ele><time>2023-02-16T06:16:20Z</time></trkpt><trkpt lat="28.106657" lon="85.305725"><ele>1948.911</ele><time>2023-02-16T06:16:24Z</time></trkpt><trkpt lat="28.106702" lon="85.305705"><ele>1949.948</ele><time>2023-02-16T06:16:28Z</time></trkpt><trkpt lat="28.106747" lon="85.305668"><ele>1950.262</ele><time>2023-02-16T06:16:32Z</time></trkpt><trkpt lat="28.106790" lon="85.305633"><ele>1950.583</ele><time>2023-02-16T06:16:36Z</time></trkpt><trkpt lat="28.106818" lon="85.305591"><ele>1950.811</ele><time>2023-02-16T06:16:40Z</time></trkpt><trkpt lat="28.106848" lon="85.305553"><ele>1950.409</ele><time>2023-02-16T06:16:44Z</time></trkpt><trkpt lat="28.106873" lon="85.305510"><ele>1950.387</ele><time>2023-02-16T06:16:49Z</time></trkpt><trkpt lat="28.106900" lon="85.305457"><ele>1949.678</ele><time>2023-02-16T06:16:53Z</time></trkpt><trkpt lat="28.106927" lon="85.305412"><ele>1949.882</ele><time>2023-02-16T06:16:57Z</time></trkpt><trkpt lat="28.106942" lon="85.305364"><ele>1950.336</ele><time>2023-02-16T06:17:01Z</time></trkpt><trkpt lat="28.106970" lon="85.305321"><ele>1949.976</ele><time>2023-02-16T06:17:05Z</time></trkpt><trkpt lat="28.107003" lon="85.305281"><ele>1949.920</ele><time>2023-02-16T06:17:09Z</time></trkpt><trkpt lat="28.107040" lon="85.305229"><ele>1950.118</ele><time>2023-02-16T06:17:14Z</time></trkpt><trkpt lat="28.107068" lon="85.305182"><ele>1949.760</ele><time>2023-02-16T06:17:18Z</time></trkpt><trkpt lat="28.107088" lon="85.305125"><ele>1949.227</ele><time>2023-02-16T06:17:23Z</time></trkpt><trkpt lat="28.107105" lon="85.305065"><ele>1949.617</ele><time>2023-02-16T06:17:28Z</time></trkpt><trkpt lat="28.107123" lon="85.305012"><ele>1949.287</ele><time>2023-02-16T06:17:32Z</time></trkpt><trkpt lat="28.107151" lon="85.304962"><ele>1949.415</ele><time>2023-02-16T06:17:36Z</time></trkpt><trkpt lat="28.107169" lon="85.304909"><ele>1949.709</ele><time>2023-02-16T06:17:41Z</time></trkpt><trkpt lat="28.107199" lon="85.304862"><ele>1949.042</ele><time>2023-02-16T06:17:47Z</time></trkpt><trkpt lat="28.107239" lon="85.304822"><ele>1949.513</ele><time>2023-02-16T06:17:53Z</time></trkpt><trkpt lat="28.107274" lon="85.304789"><ele>1951.627</ele><time>2023-02-16T06:17:56Z</time></trkpt><trkpt lat="28.107306" lon="85.304737"><ele>1955.371</ele><time>2023-02-16T06:17:59Z</time></trkpt><trkpt lat="28.107349" lon="85.304707"><ele>1960.251</ele><time>2023-02-16T06:18:03Z</time></trkpt><trkpt lat="28.107374" lon="85.304654"><ele>1958.635</ele><time>2023-02-16T06:18:08Z</time></trkpt><trkpt lat="28.107407" lon="85.304614"><ele>1955.363</ele><time>2023-02-16T06:18:13Z</time></trkpt><trkpt lat="28.107442" lon="85.304576"><ele>1955.955</ele><time>2023-02-16T06:18:17Z</time></trkpt><trkpt lat="28.107470" lon="85.304533"><ele>1958.952</ele><time>2023-02-16T06:18:22Z</time></trkpt><trkpt lat="28.107508" lon="85.304501"><ele>1959.727</ele><time>2023-02-16T06:18:26Z</time></trkpt><trkpt lat="28.107545" lon="85.304469"><ele>1959.468</ele><time>2023-02-16T06:18:30Z</time></trkpt><trkpt lat="28.107568" lon="85.304414"><ele>1958.214</ele><time>2023-02-16T06:18:35Z</time></trkpt><trkpt lat="28.107598" lon="85.304372"><ele>1956.909</ele><time>2023-02-16T06:18:39Z</time></trkpt><trkpt lat="28.107615" lon="85.304322"><ele>1955.273</ele><time>2023-02-16T06:18:44Z</time></trkpt><trkpt lat="28.107635" lon="85.304274"><ele>1955.194</ele><time>2023-02-16T06:18:48Z</time></trkpt><trkpt lat="28.107670" lon="85.304239"><ele>1954.528</ele><time>2023-02-16T06:18:52Z</time></trkpt><trkpt lat="28.107687" lon="85.304189"><ele>1955.042</ele><time>2023-02-16T06:18:56Z</time></trkpt><trkpt lat="28.107720" lon="85.304154"><ele>1956.282</ele><time>2023-02-16T06:19:00Z</time></trkpt><trkpt lat="28.107720" lon="85.304099"><ele>1956.276</ele><time>2023-02-16T06:19:04Z</time></trkpt><trkpt lat="28.107725" lon="85.304044"><ele>1957.364</ele><time>2023-02-16T06:19:09Z</time></trkpt><trkpt lat="28.107753" lon="85.304002"><ele>1956.936</ele><time>2023-02-16T06:19:13Z</time></trkpt><trkpt lat="28.107765" lon="85.303940"><ele>1957.813</ele><time>2023-02-16T06:19:18Z</time></trkpt><trkpt lat="28.107787" lon="85.303888"><ele>1957.724</ele><time>2023-02-16T06:19:23Z</time></trkpt><trkpt lat="28.107812" lon="85.303840"><ele>1958.004</ele><time>2023-02-16T06:19:28Z</time></trkpt><trkpt lat="28.107827" lon="85.303792"><ele>1957.614</ele><time>2023-02-16T06:19:32Z</time></trkpt><trkpt lat="28.107857" lon="85.303744"><ele>1957.709</ele><time>2023-02-16T06:19:37Z</time></trkpt><trkpt lat="28.107897" lon="85.303701"><ele>1958.213</ele><time>2023-02-16T06:19:42Z</time></trkpt><trkpt lat="28.107937" lon="85.303659"><ele>1959.494</ele><time>2023-02-16T06:19:47Z</time></trkpt><trkpt lat="28.107979" lon="85.303634"><ele>1960.928</ele><time>2023-02-16T06:19:51Z</time></trkpt><trkpt lat="28.108024" lon="85.303614"><ele>1962.462</ele><time>2023-02-16T06:19:55Z</time></trkpt><trkpt lat="28.108077" lon="85.303604"><ele>1964.072</ele><time>2023-02-16T06:20:00Z</time></trkpt><trkpt lat="28.108122" lon="85.303582"><ele>1965.756</ele><time>2023-02-16T06:20:05Z</time></trkpt><trkpt lat="28.108170" lon="85.303554"><ele>1967.214</ele><time>2023-02-16T06:20:10Z</time></trkpt><trkpt lat="28.108208" lon="85.303517"><ele>1967.726</ele><time>2023-02-16T06:20:15Z</time></trkpt><trkpt lat="28.108245" lon="85.303485"><ele>1967.313</ele><time>2023-02-16T06:20:20Z</time></trkpt><trkpt lat="28.108268" lon="85.303433"><ele>1966.878</ele><time>2023-02-16T06:20:25Z</time></trkpt><trkpt lat="28.108301" lon="85.303391"><ele>1966.933</ele><time>2023-02-16T06:20:30Z</time></trkpt><trkpt lat="28.108343" lon="85.303366"><ele>1967.326</ele><time>2023-02-16T06:20:35Z</time></trkpt><trkpt lat="28.108383" lon="85.303343"><ele>1969.109</ele><time>2023-02-16T06:20:40Z</time></trkpt><trkpt lat="28.108415" lon="85.303303"><ele>1969.078</ele><time>2023-02-16T06:20:45Z</time></trkpt><trkpt lat="28.108442" lon="85.303258"><ele>1968.019</ele><time>2023-02-16T06:20:51Z</time></trkpt><trkpt lat="28.108470" lon="85.303211"><ele>1967.293</ele><time>2023-02-16T06:20:57Z</time></trkpt><trkpt lat="28.108503" lon="85.303164"><ele>1968.367</ele><time>2023-02-16T06:21:03Z</time></trkpt><trkpt lat="28.108541" lon="85.303126"><ele>1968.457</ele><time>2023-02-16T06:21:08Z</time></trkpt><trkpt lat="28.108569" lon="85.303079"><ele>1967.471</ele><time>2023-02-16T06:21:13Z</time></trkpt><trkpt lat="28.108592" lon="85.303034"><ele>1966.919</ele><time>2023-02-16T06:21:18Z</time></trkpt><trkpt lat="28.108619" lon="85.302984"><ele>1968.641</ele><time>2023-02-16T06:21:23Z</time></trkpt><trkpt lat="28.108667" lon="85.302967"><ele>1973.598</ele><time>2023-02-16T06:21:27Z</time></trkpt><trkpt lat="28.108702" lon="85.302929"><ele>1978.355</ele><time>2023-02-16T06:21:32Z</time></trkpt><trkpt lat="28.108730" lon="85.302884"><ele>1979.607</ele><time>2023-02-16T06:21:38Z</time></trkpt><trkpt lat="28.108768" lon="85.302842"><ele>1978.217</ele><time>2023-02-16T06:21:43Z</time></trkpt><trkpt lat="28.108811" lon="85.302819"><ele>1976.209</ele><time>2023-02-16T06:21:48Z</time></trkpt><trkpt lat="28.108854" lon="85.302781"><ele>1975.246</ele><time>2023-02-16T06:21:53Z</time></trkpt><trkpt lat="28.108894" lon="85.302748"><ele>1975.047</ele><time>2023-02-16T06:21:58Z</time></trkpt><trkpt lat="28.108927" lon="85.302710"><ele>1974.191</ele><time>2023-02-16T06:22:07Z</time></trkpt><trkpt lat="28.108952" lon="85.302658"><ele>1971.875</ele><time>2023-02-16T06:22:13Z</time></trkpt><trkpt lat="28.108974" lon="85.302603"><ele>1969.745</ele><time>2023-02-16T06:22:18Z</time></trkpt><trkpt lat="28.109009" lon="85.302560"><ele>1970.329</ele><time>2023-02-16T06:22:23Z</time></trkpt><trkpt lat="28.109041" lon="85.302512"><ele>1970.037</ele><time>2023-02-16T06:22:28Z</time></trkpt><trkpt lat="28.109074" lon="85.302462"><ele>1968.769</ele><time>2023-02-16T06:22:33Z</time></trkpt><trkpt lat="28.109109" lon="85.302419"><ele>1968.996</ele><time>2023-02-16T06:22:38Z</time></trkpt><trkpt lat="28.109142" lon="85.302384"><ele>1968.267</ele><time>2023-02-16T06:22:42Z</time></trkpt><trkpt lat="28.109170" lon="85.302336"><ele>1968.081</ele><time>2023-02-16T06:22:47Z</time></trkpt><trkpt lat="28.109205" lon="85.302294"><ele>1966.419</ele><time>2023-02-16T06:22:52Z</time></trkpt><trkpt lat="28.109227" lon="85.302246"><ele>1965.109</ele><time>2023-02-16T06:22:57Z</time></trkpt><trkpt lat="28.109267" lon="85.302213"><ele>1964.977</ele><time>2023-02-16T06:23:01Z</time></trkpt><trkpt lat="28.109307" lon="85.302168"><ele>1964.968</ele><time>2023-02-16T06:23:06Z</time></trkpt><trkpt lat="28.109344" lon="85.302126"><ele>1964.762</ele><time>2023-02-16T06:23:10Z</time></trkpt><trkpt lat="28.109387" lon="85.302091"><ele>1964.836</ele><time>2023-02-16T06:23:14Z</time></trkpt><trkpt lat="28.109425" lon="85.302048"><ele>1965.576</ele><time>2023-02-16T06:23:19Z</time></trkpt><trkpt lat="28.109467" lon="85.302001"><ele>1965.970</ele><time>2023-02-16T06:23:24Z</time></trkpt><trkpt lat="28.109519" lon="85.301991"><ele>1971.638</ele><time>2023-02-16T06:23:29Z</time></trkpt><trkpt lat="28.109547" lon="85.301949"><ele>1974.430</ele><time>2023-02-16T06:23:32Z</time></trkpt><trkpt lat="28.109585" lon="85.301904"><ele>1973.537</ele><time>2023-02-16T06:23:38Z</time></trkpt><trkpt lat="28.109618" lon="85.301856"><ele>1971.112</ele><time>2023-02-16T06:23:41Z</time></trkpt><trkpt lat="28.109633" lon="85.301803"><ele>1967.532</ele><time>2023-02-16T06:23:45Z</time></trkpt><trkpt lat="28.109661" lon="85.301756"><ele>1965.005</ele><time>2023-02-16T06:23:49Z</time></trkpt><trkpt lat="28.109691" lon="85.301714"><ele>1963.709</ele><time>2023-02-16T06:23:53Z</time></trkpt><trkpt lat="28.109714" lon="85.301669"><ele>1962.712</ele><time>2023-02-16T06:24:14Z</time></trkpt><trkpt lat="28.109716" lon="85.301616"><ele>1963.093</ele><time>2023-02-16T06:24:57Z</time></trkpt><trkpt lat="28.109784" lon="85.301633"><ele>1967.827</ele><time>2023-02-16T06:25:56Z</time></trkpt><trkpt lat="28.109696" lon="85.301625"><ele>1964.151</ele><time>2023-02-16T06:27:09Z</time></trkpt><trkpt lat="28.109746" lon="85.301630"><ele>1962.521</ele><time>2023-02-16T06:29:34Z</time></trkpt></trkseg></trk></gpx>